2026-08-28 19:34:10,379 INFO Starting variant no_bind with options {'dset_name': 'hl', 'dset_domain': None, 'eval_split_name': 'val', 'debug': False, 'data_ratio': 1.0, 'results_root': 'results', 'exp_id': 'no_bind', 'seed': 2017, 'device': device(type='cuda'), 'gpu_id': 1, 'num_workers': 4, 'no_pin_memory': False, 'lr': 0.0001, 'lr_drop': 100, 'wd': 0.0001, 'n_epoch': 200, 'max_es_cnt': 200, 'bsz': 32, 'eval_bsz': 100, 'grad_clip': 0.1, 'eval_untrained': False, 'resume': None, 'resume_all': False, 'start_epoch': None, 'max_q_l': 32, 'max_v_l': 75, 'clip_length': 2, 'max_windows': 10, 'train_path': '/home/guoxiangyu/VLMbasedIter_momentretrival/Sim-DETR/data/highlight_train_release.jsonl', 'eval_path': '/home/guoxiangyu/VLMbasedIter_momentretrival/Sim-DETR/data/highlight_val_release.jsonl', 'no_norm_vfeat': False, 'no_norm_tfeat': False, 'v_feat_dirs': ['/home/guoxiangyu/VLMbasedIter_momentretrival/Sim-DETR/data/slowfast_features', '/home/guoxiangyu/VLMbasedIter_momentretrival/Sim-DETR/data/clip_b32_vid_k4'], 't_feat_dir': '/home/guoxiangyu/VLMbasedIter_momentretrival/Sim-DETR/data/clip_b32_txt_k4', 'a_feat_dir': None, 'v_feat_dim': 5378, 't_feat_dim': 2048, 'a_feat_dim': None, 'ctx_mode': 'video_tef', 'position_embedding': 'sine', 'enc_layers': 2, 'dec_layers': 4, 'dim_feedforward': 1024, 'hidden_dim': 256, 'input_dropout': 0.5, 'dropout': 0.1, 'txt_drop_ratio': 0, 'use_txt_pos': False, 'nheads': 8, 'num_queries': 10, 'pre_norm': False, 'n_input_proj': 2, 'contrastive_hdim': 64, 'temperature': 0.07, 'lw_saliency': 1.0, 'saliency_margin': 0.2, 'aux_loss': True, 'span_loss_type': 'l1', 'contrastive_align_loss': False, 'set_cost_span': 10, 'set_cost_giou': 1, 'set_cost_class': 4, 'set_cost_mask': 6, 'span_loss_coef': 10, 'giou_loss_coef': 1, 'label_loss_coef': 4, 'eos_coef': 0.1, 'contrastive_align_loss_coef': 0.0, 'mask_loss_coef': 6, 'iou_scores_loss_coef': 2, 'no_sort_results': False, 'max_before_nms': 10, 'max_after_nms': 10, 'conf_thd': 0.0, 'nms_thd': -1, 'VTC_loss_coef': 0.3, 'CTC_loss_coef': 0.5, 'use_query_cgp': True, 'query_cgp_num_basis': 16, 'query_cgp_prompt_length': 6, 'query_cgp_router_hidden_dim': 256, 'query_cgp_frf_hidden_dim': 512, 'query_cgp_temperature': 1.0, 'query_cgp_beta': 0.05, 'query_cgp_after_layer': 0, 'query_cgp_binding_loss_coef': 0.0, 'query_cgp_route_loss_coef': 0.01, 'init_from': None, 'variant': 'no_bind', 'output_dir': '/home/guoxiangyu/VLMbasedIter_momentretrival/Sim-DETR/causal_occurrence_lab/outputs/causal_training_parallel/no_bind_seed2017', 'causal_dec_layers': 4, 'clean_iou': 0.1, 'causal_init_from': None, 'causal_inject_override': None, 'causal_binding_target_override': None, 'causal_inject': True, 'causal_binding_target': 'matched', 'pin_memory': True, 'use_tef': True, 'use_video': True, 'results_dir': '/home/guoxiangyu/VLMbasedIter_momentretrival/Sim-DETR/causal_occurrence_lab/outputs/causal_training_parallel/no_bind_seed2017', 'ckpt_filepath': '/home/guoxiangyu/VLMbasedIter_momentretrival/Sim-DETR/causal_occurrence_lab/outputs/causal_training_parallel/no_bind_seed2017/model.ckpt', 'train_log_filepath': '/home/guoxiangyu/VLMbasedIter_momentretrival/Sim-DETR/causal_occurrence_lab/outputs/causal_training_parallel/no_bind_seed2017/train.log.txt', 'eval_log_filepath': '/home/guoxiangyu/VLMbasedIter_momentretrival/Sim-DETR/causal_occurrence_lab/outputs/causal_training_parallel/no_bind_seed2017/eval.log.txt', 'tensorboard_log_dir': '/home/guoxiangyu/VLMbasedIter_momentretrival/Sim-DETR/causal_occurrence_lab/outputs/causal_training_parallel/no_bind_seed2017/tensorboard_log'}
2026-08-28 19:34:12,446 INFO [Epoch 1]
2026-08-28 19:35:14,378 INFO Epoch[1] class_error 99.5472  class_error_0 99.4585  class_error_1 99.8440  class_error_2 99.7931  loss_giou 0.7883  loss_giou_0 0.7002  loss_giou_1 0.7254  loss_giou_2 0.7463  loss_iou_scores 0.0875  loss_iou_scores_0 0.0887  loss_iou_scores_1 0.0866  loss_iou_scores_2 0.0874  loss_label 0.2093  loss_label_0 0.2148  loss_label_1 0.2096  loss_label_2 0.2083  loss_mask_iou 0.0000  loss_mask_iou_0 4.9592  loss_mask_iou_1 4.9589  loss_mask_iou_2 4.9581  loss_overall 28.3923  loss_query_cgp_bind 0.0000  loss_query_cgp_route -0.0000  loss_saliency 4.1037  loss_span 1.0743  loss_span_0 0.9643  loss_span_1 0.9465  loss_span_2 0.9924
2026-08-28 19:35:14,383 INFO Generate submissions
2026-08-28 19:35:21,547 INFO Saving/Evaluating before nms results
2026-08-28 19:35:25,912 INFO metrics_no_nms OrderedDict([   ('MR-full-R1@0.5', 7.87),
                ('MR-full-R1@0.7', 3.03),
                ('MR-full-mAP', 4.78),
                ('MR-full-mAP@0.5', 12.71),
                ('MR-full-mAP@0.75', 3.32),
                ('MR-long-mAP', 7.32),
                ('MR-middle-mAP', 4.2),
                ('MR-short-mAP', 1.39),
                ('HL-min-Fair-mAP', 47.21),
                ('HL-min-Fair-Hit1', 36.84),
                ('HL-min-Good-mAP', 39.97),
                ('HL-min-Good-Hit1', 35.16),
                ('HL-min-VeryGood-mAP', 24.42),
                ('HL-min-VeryGood-Hit1', 29.1)])
2026-08-28 19:35:26,244 INFO [Best] epoch 1, MR-full-mAP 4.7800
2026-08-28 19:35:26,519 INFO [Epoch 2]
2026-08-28 19:36:25,633 INFO Epoch[2] class_error 99.9748  class_error_0 99.9832  class_error_1 100.0000  class_error_2 99.9748  loss_giou 0.7244  loss_giou_0 0.6957  loss_giou_1 0.7051  loss_giou_2 0.7142  loss_iou_scores 0.0852  loss_iou_scores_0 0.0863  loss_iou_scores_1 0.0858  loss_iou_scores_2 0.0851  loss_label 0.2052  loss_label_0 0.2065  loss_label_1 0.2049  loss_label_2 0.2052  loss_mask_iou 0.0000  loss_mask_iou_0 4.9489  loss_mask_iou_1 4.9489  loss_mask_iou_2 4.9490  loss_overall 27.4737  loss_query_cgp_bind 0.0000  loss_query_cgp_route -0.0055  loss_saliency 3.9041  loss_span 0.9315  loss_span_0 0.8986  loss_span_1 0.9054  loss_span_2 0.9190
2026-08-28 19:36:25,637 INFO Generate submissions
2026-08-28 19:36:33,068 INFO Saving/Evaluating before nms results
2026-08-28 19:36:36,899 INFO metrics_no_nms OrderedDict([   ('MR-full-R1@0.5', 16.58),
                ('MR-full-R1@0.7', 3.81),
                ('MR-full-mAP', 7.97),
                ('MR-full-mAP@0.5', 22.45),
                ('MR-full-mAP@0.75', 4.58),
                ('MR-long-mAP', 16.34),
                ('MR-middle-mAP', 5.22),
                ('MR-short-mAP', 0.1),
                ('HL-min-Fair-mAP', 63.31),
                ('HL-min-Fair-Hit1', 61.74),
                ('HL-min-Good-mAP', 54.07),
                ('HL-min-Good-Hit1', 60.0),
                ('HL-min-VeryGood-mAP', 33.47),
                ('HL-min-VeryGood-Hit1', 50.77)])
2026-08-28 19:36:37,493 INFO [Best] epoch 2, MR-full-mAP 7.9700
2026-08-28 19:36:38,702 INFO [Epoch 3]
2026-08-28 19:37:40,032 INFO Epoch[3] class_error 99.9921  class_error_0 99.9218  class_error_1 100.0000  class_error_2 99.9831  loss_giou 0.6499  loss_giou_0 0.6508  loss_giou_1 0.6421  loss_giou_2 0.6449  loss_iou_scores 0.0887  loss_iou_scores_0 0.0903  loss_iou_scores_1 0.0927  loss_iou_scores_2 0.0957  loss_label 0.2009  loss_label_0 0.2067  loss_label_1 0.2059  loss_label_2 0.2050  loss_mask_iou 0.0000  loss_mask_iou_0 4.4302  loss_mask_iou_1 4.4298  loss_mask_iou_2 4.4307  loss_overall 25.0123  loss_query_cgp_bind 0.0000  loss_query_cgp_route -0.0101  loss_saliency 3.7269  loss_span 0.8035  loss_span_0 0.8294  loss_span_1 0.7940  loss_span_2 0.7991
2026-08-28 19:37:40,036 INFO Generate submissions
2026-08-28 19:37:45,765 INFO Saving/Evaluating before nms results
2026-08-28 19:37:50,033 INFO metrics_no_nms OrderedDict([   ('MR-full-R1@0.5', 25.74),
                ('MR-full-R1@0.7', 9.48),
                ('MR-full-mAP', 13.89),
                ('MR-full-mAP@0.5', 32.98),
                ('MR-full-mAP@0.75', 10.41),
                ('MR-long-mAP', 10.67),
                ('MR-middle-mAP', 19.06),
                ('MR-short-mAP', 1.69),
                ('HL-min-Fair-mAP', 67.71),
                ('HL-min-Fair-Hit1', 68.0),
                ('HL-min-Good-mAP', 57.49),
                ('HL-min-Good-Hit1', 65.1),
                ('HL-min-VeryGood-mAP', 35.24),
                ('HL-min-VeryGood-Hit1', 54.84)])
2026-08-28 19:37:50,367 INFO [Best] epoch 3, MR-full-mAP 13.8900
2026-08-28 19:37:50,673 INFO [Epoch 4]
2026-08-28 19:38:52,222 INFO Epoch[4] class_error 98.9184  class_error_0 99.7956  class_error_1 99.9927  class_error_2 100.0000  loss_giou 0.5939  loss_giou_0 0.5822  loss_giou_1 0.5880  loss_giou_2 0.5920  loss_iou_scores 0.0751  loss_iou_scores_0 0.0957  loss_iou_scores_1 0.0922  loss_iou_scores_2 0.0970  loss_label 0.1892  loss_label_0 0.2043  loss_label_1 0.2003  loss_label_2 0.2024  loss_mask_iou 0.0000  loss_mask_iou_0 4.2128  loss_mask_iou_1 4.2135  loss_mask_iou_2 4.2140  loss_overall 23.6217  loss_query_cgp_bind 0.0000  loss_query_cgp_route -0.0123  loss_saliency 3.6030  loss_span 0.7285  loss_span_0 0.7276  loss_span_1 0.7136  loss_span_2 0.7245
2026-08-28 19:38:52,225 INFO Generate submissions
2026-08-28 19:38:57,602 INFO Saving/Evaluating before nms results
2026-08-28 19:39:02,388 INFO metrics_no_nms OrderedDict([   ('MR-full-R1@0.5', 47.55),
                ('MR-full-R1@0.7', 22.84),
                ('MR-full-mAP', 24.3),
                ('MR-full-mAP@0.5', 49.97),
                ('MR-full-mAP@0.75', 21.43),
                ('MR-long-mAP', 28.39),
                ('MR-middle-mAP', 27.6),
                ('MR-short-mAP', 0.82),
                ('HL-min-Fair-mAP', 69.85),
                ('HL-min-Fair-Hit1', 71.55),
                ('HL-min-Good-mAP', 59.6),
                ('HL-min-Good-Hit1', 69.03),
                ('HL-min-VeryGood-mAP', 36.7),
                ('HL-min-VeryGood-Hit1', 59.42)])
2026-08-28 19:39:02,747 INFO [Best] epoch 4, MR-full-mAP 24.3000
2026-08-28 19:39:03,050 INFO [Epoch 5]
2026-08-28 19:40:05,313 INFO Epoch[5] class_error 92.4564  class_error_0 99.8840  class_error_1 99.8635  class_error_2 99.6573  loss_giou 0.5632  loss_giou_0 0.5711  loss_giou_1 0.5648  loss_giou_2 0.5696  loss_iou_scores 0.0766  loss_iou_scores_0 0.0963  loss_iou_scores_1 0.0825  loss_iou_scores_2 0.0819  loss_label 0.1856  loss_label_0 0.2015  loss_label_1 0.1931  loss_label_2 0.1933  loss_mask_iou 0.0000  loss_mask_iou_0 4.0550  loss_mask_iou_1 4.0546  loss_mask_iou_2 4.0544  loss_overall 22.7481  loss_query_cgp_bind 0.0000  loss_query_cgp_route -0.0155  loss_saliency 3.5338  loss_span 0.6721  loss_span_0 0.6917  loss_span_1 0.6732  loss_span_2 0.6811
2026-08-28 19:40:05,317 INFO Generate submissions
2026-08-28 19:40:10,856 INFO Saving/Evaluating before nms results
2026-08-28 19:40:15,101 INFO metrics_no_nms OrderedDict([   ('MR-full-R1@0.5', 50.26),
                ('MR-full-R1@0.7', 23.16),
                ('MR-full-mAP', 25.64),
                ('MR-full-mAP@0.5', 51.9),
                ('MR-full-mAP@0.75', 22.48),
                ('MR-long-mAP', 26.44),
                ('MR-middle-mAP', 30.87),
                ('MR-short-mAP', 1.96),
                ('HL-min-Fair-mAP', 71.89),
                ('HL-min-Fair-Hit1', 71.42),
                ('HL-min-Good-mAP', 61.26),
                ('HL-min-Good-Hit1', 69.55),
                ('HL-min-VeryGood-mAP', 37.66),
                ('HL-min-VeryGood-Hit1', 59.61)])
2026-08-28 19:40:15,414 INFO [Best] epoch 5, MR-full-mAP 25.6400
2026-08-28 19:40:15,713 INFO [Epoch 6]
2026-08-28 19:41:17,232 INFO Epoch[6] class_error 95.3313  class_error_0 99.9076  class_error_1 97.6833  class_error_2 97.3002  loss_giou 0.5471  loss_giou_0 0.5622  loss_giou_1 0.5559  loss_giou_2 0.5552  loss_iou_scores 0.0749  loss_iou_scores_0 0.0942  loss_iou_scores_1 0.0784  loss_iou_scores_2 0.0765  loss_label 0.1838  loss_label_0 0.1994  loss_label_1 0.1866  loss_label_2 0.1870  loss_mask_iou 0.0000  loss_mask_iou_0 3.9206  loss_mask_iou_1 3.7841  loss_mask_iou_2 3.7696  loss_overall 21.8336  loss_query_cgp_bind 0.0000  loss_query_cgp_route -0.0173  loss_saliency 3.4745  loss_span 0.6519  loss_span_0 0.6746  loss_span_1 0.6609  loss_span_2 0.6604
2026-08-28 19:41:17,236 INFO Generate submissions
2026-08-28 19:41:22,841 INFO Saving/Evaluating before nms results
2026-08-28 19:41:26,971 INFO metrics_no_nms OrderedDict([   ('MR-full-R1@0.5', 55.42),
                ('MR-full-R1@0.7', 24.65),
                ('MR-full-mAP', 27.1),
                ('MR-full-mAP@0.5', 54.79),
                ('MR-full-mAP@0.75', 23.57),
                ('MR-long-mAP', 32.01),
                ('MR-middle-mAP', 29.84),
                ('MR-short-mAP', 2.9),
                ('HL-min-Fair-mAP', 73.52),
                ('HL-min-Fair-Hit1', 73.35),
                ('HL-min-Good-mAP', 62.66),
                ('HL-min-Good-Hit1', 71.16),
                ('HL-min-VeryGood-mAP', 38.68),
                ('HL-min-VeryGood-Hit1', 60.0)])
2026-08-28 19:41:27,332 INFO [Best] epoch 6, MR-full-mAP 27.1000
2026-08-28 19:41:27,639 INFO [Epoch 7]
2026-08-28 19:42:28,670 INFO Epoch[7] class_error 94.0621  class_error_0 99.4324  class_error_1 96.6269  class_error_2 96.0638  loss_giou 0.5320  loss_giou_0 0.5533  loss_giou_1 0.5395  loss_giou_2 0.5405  loss_iou_scores 0.0767  loss_iou_scores_0 0.0919  loss_iou_scores_1 0.0825  loss_iou_scores_2 0.0784  loss_label 0.1831  loss_label_0 0.1973  loss_label_1 0.1840  loss_label_2 0.1850  loss_mask_iou 0.0000  loss_mask_iou_0 3.6767  loss_mask_iou_1 3.5613  loss_mask_iou_2 3.5517  loss_overall 20.9428  loss_query_cgp_bind 0.0000  loss_query_cgp_route -0.0182  loss_saliency 3.4497  loss_span 0.6164  loss_span_0 0.6511  loss_span_1 0.6318  loss_span_2 0.6291
2026-08-28 19:42:28,674 INFO Generate submissions
2026-08-28 19:42:34,682 INFO Saving/Evaluating before nms results
2026-08-28 19:42:38,980 INFO metrics_no_nms OrderedDict([   ('MR-full-R1@0.5', 49.16),
                ('MR-full-R1@0.7', 25.1),
                ('MR-full-mAP', 26.86),
                ('MR-full-mAP@0.5', 51.61),
                ('MR-full-mAP@0.75', 24.37),
                ('MR-long-mAP', 36.3),
                ('MR-middle-mAP', 26.46),
                ('MR-short-mAP', 1.64),
                ('HL-min-Fair-mAP', 73.14),
                ('HL-min-Fair-Hit1', 73.23),
                ('HL-min-Good-mAP', 62.53),
                ('HL-min-Good-Hit1', 70.77),
                ('HL-min-VeryGood-mAP', 38.35),
                ('HL-min-VeryGood-Hit1', 59.1)])
2026-08-28 19:42:39,301 INFO [Epoch 8]
2026-08-28 19:43:40,292 INFO Epoch[8] class_error 92.5225  class_error_0 99.2134  class_error_1 94.8988  class_error_2 93.1983  loss_giou 0.5244  loss_giou_0 0.5513  loss_giou_1 0.5349  loss_giou_2 0.5343  loss_iou_scores 0.0753  loss_iou_scores_0 0.0853  loss_iou_scores_1 0.0798  loss_iou_scores_2 0.0749  loss_label 0.1808  loss_label_0 0.1937  loss_label_1 0.1807  loss_label_2 0.1803  loss_mask_iou 0.0000  loss_mask_iou_0 3.5325  loss_mask_iou_1 3.4677  loss_mask_iou_2 3.4629  loss_overall 20.3865  loss_query_cgp_bind 0.0000  loss_query_cgp_route -0.0191  loss_saliency 3.4309  loss_span 0.5734  loss_span_0 0.6247  loss_span_1 0.5912  loss_span_2 0.5865
2026-08-28 19:43:40,296 INFO Generate submissions
2026-08-28 19:43:46,170 INFO Saving/Evaluating before nms results
2026-08-28 19:43:50,085 INFO metrics_no_nms OrderedDict([   ('MR-full-R1@0.5', 58.58),
                ('MR-full-R1@0.7', 37.29),
                ('MR-full-mAP', 33.84),
                ('MR-full-mAP@0.5', 57.13),
                ('MR-full-mAP@0.75', 33.84),
                ('MR-long-mAP', 42.09),
                ('MR-middle-mAP', 35.63),
                ('MR-short-mAP', 2.42),
                ('HL-min-Fair-mAP', 73.8),
                ('HL-min-Fair-Hit1', 74.65),
                ('HL-min-Good-mAP', 63.02),
                ('HL-min-Good-Hit1', 71.87),
                ('HL-min-VeryGood-mAP', 38.46),
                ('HL-min-VeryGood-Hit1', 60.13)])
2026-08-28 19:43:50,433 INFO [Best] epoch 8, MR-full-mAP 33.8400
2026-08-28 19:43:50,711 INFO [Epoch 9]
2026-08-28 19:44:51,712 INFO Epoch[9] class_error 92.1977  class_error_0 98.9189  class_error_1 93.9725  class_error_2 93.8363  loss_giou 0.5112  loss_giou_0 0.5472  loss_giou_1 0.5221  loss_giou_2 0.5206  loss_iou_scores 0.0744  loss_iou_scores_0 0.0833  loss_iou_scores_1 0.0785  loss_iou_scores_2 0.0752  loss_label 0.1801  loss_label_0 0.1917  loss_label_1 0.1803  loss_label_2 0.1804  loss_mask_iou 0.0000  loss_mask_iou_0 3.3961  loss_mask_iou_1 3.3451  loss_mask_iou_2 3.3376  loss_overall 19.7640  loss_query_cgp_bind 0.0000  loss_query_cgp_route -0.0194  loss_saliency 3.4167  loss_span 0.5312  loss_span_0 0.5877  loss_span_1 0.5435  loss_span_2 0.5406
2026-08-28 19:44:51,715 INFO Generate submissions
2026-08-28 19:44:57,416 INFO Saving/Evaluating before nms results
2026-08-28 19:45:01,863 INFO metrics_no_nms OrderedDict([   ('MR-full-R1@0.5', 58.0),
                ('MR-full-R1@0.7', 35.68),
                ('MR-full-mAP', 34.47),
                ('MR-full-mAP@0.5', 58.2),
                ('MR-full-mAP@0.75', 34.37),
                ('MR-long-mAP', 42.27),
                ('MR-middle-mAP', 36.5),
                ('MR-short-mAP', 2.15),
                ('HL-min-Fair-mAP', 73.37),
                ('HL-min-Fair-Hit1', 73.94),
                ('HL-min-Good-mAP', 62.7),
                ('HL-min-Good-Hit1', 71.48),
                ('HL-min-VeryGood-mAP', 38.52),
                ('HL-min-VeryGood-Hit1', 60.32)])
2026-08-28 19:45:02,171 INFO [Best] epoch 9, MR-full-mAP 34.4700
2026-08-28 19:45:02,447 INFO [Epoch 10]
2026-08-28 19:46:03,350 INFO Epoch[10] class_error 91.7063  class_error_0 98.4945  class_error_1 94.2753  class_error_2 93.0165  loss_giou 0.5034  loss_giou_0 0.5436  loss_giou_1 0.5176  loss_giou_2 0.5160  loss_iou_scores 0.0735  loss_iou_scores_0 0.0815  loss_iou_scores_1 0.0763  loss_iou_scores_2 0.0733  loss_label 0.1784  loss_label_0 0.1897  loss_label_1 0.1791  loss_label_2 0.1785  loss_mask_iou 0.0000  loss_mask_iou_0 3.2517  loss_mask_iou_1 3.2002  loss_mask_iou_2 3.2042  loss_overall 19.2532  loss_query_cgp_bind 0.0000  loss_query_cgp_route -0.0197  loss_saliency 3.4051  loss_span 0.5224  loss_span_0 0.5707  loss_span_1 0.5352  loss_span_2 0.5326
2026-08-28 19:46:03,353 INFO Generate submissions
2026-08-28 19:46:09,055 INFO Saving/Evaluating before nms results
2026-08-28 19:46:13,329 INFO metrics_no_nms OrderedDict([   ('MR-full-R1@0.5', 57.87),
                ('MR-full-R1@0.7', 37.42),
                ('MR-full-mAP', 34.45),
                ('MR-full-mAP@0.5', 58.19),
                ('MR-full-mAP@0.75', 34.77),
                ('MR-long-mAP', 42.06),
                ('MR-middle-mAP', 36.84),
                ('MR-short-mAP', 2.61),
                ('HL-min-Fair-mAP', 72.74),
                ('HL-min-Fair-Hit1', 73.35),
                ('HL-min-Good-mAP', 62.05),
                ('HL-min-Good-Hit1', 71.16),
                ('HL-min-VeryGood-mAP', 37.77),
                ('HL-min-VeryGood-Hit1', 59.42)])
2026-08-28 19:46:13,620 INFO [Epoch 11]
2026-08-28 19:47:14,462 INFO Epoch[11] class_error 89.7906  class_error_0 98.4385  class_error_1 92.7594  class_error_2 90.7396  loss_giou 0.5033  loss_giou_0 0.5342  loss_giou_1 0.5093  loss_giou_2 0.5128  loss_iou_scores 0.0711  loss_iou_scores_0 0.0799  loss_iou_scores_1 0.0758  loss_iou_scores_2 0.0727  loss_label 0.1748  loss_label_0 0.1879  loss_label_1 0.1780  loss_label_2 0.1760  loss_mask_iou 0.0000  loss_mask_iou_0 3.0682  loss_mask_iou_1 3.0291  loss_mask_iou_2 3.0362  loss_overall 18.6042  loss_query_cgp_bind 0.0000  loss_query_cgp_route -0.0198  loss_saliency 3.3942  loss_span 0.5108  loss_span_0 0.5492  loss_span_1 0.5157  loss_span_2 0.5191
2026-08-28 19:47:14,464 INFO Generate submissions
2026-08-28 19:47:20,531 INFO Saving/Evaluating before nms results
2026-08-28 19:47:24,551 INFO metrics_no_nms OrderedDict([   ('MR-full-R1@0.5', 58.13),
                ('MR-full-R1@0.7', 39.23),
                ('MR-full-mAP', 35.95),
                ('MR-full-mAP@0.5', 58.29),
                ('MR-full-mAP@0.75', 36.32),
                ('MR-long-mAP', 44.21),
                ('MR-middle-mAP', 38.47),
                ('MR-short-mAP', 1.98),
                ('HL-min-Fair-mAP', 74.07),
                ('HL-min-Fair-Hit1', 74.39),
                ('HL-min-Good-mAP', 62.77),
                ('HL-min-Good-Hit1', 72.19),
                ('HL-min-VeryGood-mAP', 38.33),
                ('HL-min-VeryGood-Hit1', 60.52)])
2026-08-28 19:47:24,858 INFO [Best] epoch 11, MR-full-mAP 35.9500
2026-08-28 19:47:25,175 INFO [Epoch 12]
2026-08-28 19:48:26,700 INFO Epoch[12] class_error 87.7691  class_error_0 98.3744  class_error_1 89.0068  class_error_2 89.2564  loss_giou 0.4927  loss_giou_0 0.5282  loss_giou_1 0.5035  loss_giou_2 0.5024  loss_iou_scores 0.0713  loss_iou_scores_0 0.0763  loss_iou_scores_1 0.0729  loss_iou_scores_2 0.0723  loss_label 0.1734  loss_label_0 0.1846  loss_label_1 0.1740  loss_label_2 0.1739  loss_mask_iou 0.0000  loss_mask_iou_0 2.9730  loss_mask_iou_1 2.9401  loss_mask_iou_2 2.9328  loss_overall 18.1897  loss_query_cgp_bind 0.0000  loss_query_cgp_route -0.0201  loss_saliency 3.3718  loss_span 0.4949  loss_span_0 0.5381  loss_span_1 0.5075  loss_span_2 0.5064
2026-08-28 19:48:26,702 INFO Generate submissions
2026-08-28 19:48:32,369 INFO Saving/Evaluating before nms results
2026-08-28 19:48:36,596 INFO metrics_no_nms OrderedDict([   ('MR-full-R1@0.5', 61.29),
                ('MR-full-R1@0.7', 42.52),
                ('MR-full-mAP', 37.75),
                ('MR-full-mAP@0.5', 60.35),
                ('MR-full-mAP@0.75', 38.48),
                ('MR-long-mAP', 46.71),
                ('MR-middle-mAP', 39.76),
                ('MR-short-mAP', 3.25),
                ('HL-min-Fair-mAP', 74.78),
                ('HL-min-Fair-Hit1', 75.81),
                ('HL-min-Good-mAP', 63.73),
                ('HL-min-Good-Hit1', 73.87),
                ('HL-min-VeryGood-mAP', 39.15),
                ('HL-min-VeryGood-Hit1', 62.32)])
2026-08-28 19:48:36,931 INFO [Best] epoch 12, MR-full-mAP 37.7500
2026-08-28 19:48:37,241 INFO [Epoch 13]
2026-08-28 19:49:37,991 INFO Epoch[13] class_error 85.9317  class_error_0 97.7719  class_error_1 87.0872  class_error_2 87.0065  loss_giou 0.4828  loss_giou_0 0.5188  loss_giou_1 0.4913  loss_giou_2 0.4941  loss_iou_scores 0.0725  loss_iou_scores_0 0.0784  loss_iou_scores_1 0.0747  loss_iou_scores_2 0.0717  loss_label 0.1713  loss_label_0 0.1843  loss_label_1 0.1733  loss_label_2 0.1725  loss_mask_iou 0.0000  loss_mask_iou_0 2.8823  loss_mask_iou_1 2.8579  loss_mask_iou_2 2.8429  loss_overall 17.8106  loss_query_cgp_bind 0.0000  loss_query_cgp_route -0.0202  loss_saliency 3.3569  loss_span 0.4808  loss_span_0 0.5276  loss_span_1 0.4912  loss_span_2 0.4892
2026-08-28 19:49:37,994 INFO Generate submissions
2026-08-28 19:49:43,485 INFO Saving/Evaluating before nms results
2026-08-28 19:49:47,524 INFO metrics_no_nms OrderedDict([   ('MR-full-R1@0.5', 61.74),
                ('MR-full-R1@0.7', 40.45),
                ('MR-full-mAP', 37.65),
                ('MR-full-mAP@0.5', 60.81),
                ('MR-full-mAP@0.75', 37.42),
                ('MR-long-mAP', 43.15),
                ('MR-middle-mAP', 41.57),
                ('MR-short-mAP', 4.39),
                ('HL-min-Fair-mAP', 74.92),
                ('HL-min-Fair-Hit1', 75.74),
                ('HL-min-Good-mAP', 64.0),
                ('HL-min-Good-Hit1', 73.74),
                ('HL-min-VeryGood-mAP', 39.19),
                ('HL-min-VeryGood-Hit1', 62.19)])
2026-08-28 19:49:48,060 INFO [Epoch 14]
2026-08-28 19:50:47,949 INFO Epoch[14] class_error 84.2165  class_error_0 97.4401  class_error_1 86.2501  class_error_2 86.0678  loss_giou 0.4764  loss_giou_0 0.5131  loss_giou_1 0.4843  loss_giou_2 0.4861  loss_iou_scores 0.0743  loss_iou_scores_0 0.0777  loss_iou_scores_1 0.0750  loss_iou_scores_2 0.0730  loss_label 0.1696  loss_label_0 0.1830  loss_label_1 0.1724  loss_label_2 0.1715  loss_mask_iou 0.0000  loss_mask_iou_0 2.8129  loss_mask_iou_1 2.7923  loss_mask_iou_2 2.7771  loss_overall 17.5311  loss_query_cgp_bind 0.0000  loss_query_cgp_route -0.0203  loss_saliency 3.3497  loss_span 0.4724  loss_span_0 0.5154  loss_span_1 0.4807  loss_span_2 0.4810
2026-08-28 19:50:47,953 INFO Generate submissions
2026-08-28 19:50:53,901 INFO Saving/Evaluating before nms results
2026-08-28 19:50:57,995 INFO metrics_no_nms OrderedDict([   ('MR-full-R1@0.5', 60.39),
                ('MR-full-R1@0.7', 39.87),
                ('MR-full-mAP', 37.47),
                ('MR-full-mAP@0.5', 60.33),
                ('MR-full-mAP@0.75', 37.84),
                ('MR-long-mAP', 47.51),
                ('MR-middle-mAP', 38.62),
                ('MR-short-mAP', 3.32),
                ('HL-min-Fair-mAP', 74.29),
                ('HL-min-Fair-Hit1', 74.77),
                ('HL-min-Good-mAP', 63.1),
                ('HL-min-Good-Hit1', 72.26),
                ('HL-min-VeryGood-mAP', 38.67),
                ('HL-min-VeryGood-Hit1', 61.03)])
2026-08-28 19:50:58,336 INFO [Epoch 15]
2026-08-28 19:51:58,101 INFO Epoch[15] class_error 80.5767  class_error_0 97.3920  class_error_1 85.7900  class_error_2 83.5800  loss_giou 0.4675  loss_giou_0 0.5068  loss_giou_1 0.4760  loss_giou_2 0.4771  loss_iou_scores 0.0719  loss_iou_scores_0 0.0777  loss_iou_scores_1 0.0733  loss_iou_scores_2 0.0711  loss_label 0.1676  loss_label_0 0.1814  loss_label_1 0.1708  loss_label_2 0.1687  loss_mask_iou 0.0000  loss_mask_iou_0 2.7539  loss_mask_iou_1 2.7366  loss_mask_iou_2 2.7226  loss_overall 17.2324  loss_query_cgp_bind 0.0000  loss_query_cgp_route -0.0203  loss_saliency 3.3178  loss_span 0.4598  loss_span_0 0.5086  loss_span_1 0.4672  loss_span_2 0.4668
2026-08-28 19:51:58,104 INFO Generate submissions
2026-08-28 19:52:04,086 INFO Saving/Evaluating before nms results
2026-08-28 19:52:08,305 INFO metrics_no_nms OrderedDict([   ('MR-full-R1@0.5', 61.16),
                ('MR-full-R1@0.7', 40.58),
                ('MR-full-mAP', 37.5),
                ('MR-full-mAP@0.5', 61.12),
                ('MR-full-mAP@0.75', 37.95),
                ('MR-long-mAP', 46.55),
                ('MR-middle-mAP', 39.9),
                ('MR-short-mAP', 3.19),
                ('HL-min-Fair-mAP', 74.29),
                ('HL-min-Fair-Hit1', 74.9),
                ('HL-min-Good-mAP', 63.55),
                ('HL-min-Good-Hit1', 72.84),
                ('HL-min-VeryGood-mAP', 39.12),
                ('HL-min-VeryGood-Hit1', 62.58)])
2026-08-28 19:52:08,675 INFO [Epoch 16]
2026-08-28 19:53:09,644 INFO Epoch[16] class_error 80.1816  class_error_0 96.6839  class_error_1 84.2902  class_error_2 83.2609  loss_giou 0.4668  loss_giou_0 0.5090  loss_giou_1 0.4772  loss_giou_2 0.4780  loss_iou_scores 0.0728  loss_iou_scores_0 0.0774  loss_iou_scores_1 0.0732  loss_iou_scores_2 0.0714  loss_label 0.1657  loss_label_0 0.1815  loss_label_1 0.1703  loss_label_2 0.1679  loss_mask_iou 0.0000  loss_mask_iou_0 2.7300  loss_mask_iou_1 2.7168  loss_mask_iou_2 2.6982  loss_overall 17.1400  loss_query_cgp_bind 0.0000  loss_query_cgp_route -0.0204  loss_saliency 3.3183  loss_span 0.4532  loss_span_0 0.5045  loss_span_1 0.4608  loss_span_2 0.4593
2026-08-28 19:53:09,648 INFO Generate submissions
2026-08-28 19:53:15,129 INFO Saving/Evaluating before nms results
2026-08-28 19:53:20,079 INFO metrics_no_nms OrderedDict([   ('MR-full-R1@0.5', 59.55),
                ('MR-full-R1@0.7', 41.29),
                ('MR-full-mAP', 39.23),
                ('MR-full-mAP@0.5', 61.07),
                ('MR-full-mAP@0.75', 40.01),
                ('MR-long-mAP', 49.0),
                ('MR-middle-mAP', 40.86),
                ('MR-short-mAP', 3.5),
                ('HL-min-Fair-mAP', 74.92),
                ('HL-min-Fair-Hit1', 76.97),
                ('HL-min-Good-mAP', 64.14),
                ('HL-min-Good-Hit1', 74.58),
                ('HL-min-VeryGood-mAP', 39.36),
                ('HL-min-VeryGood-Hit1', 63.81)])
2026-08-28 19:53:20,473 INFO [Best] epoch 16, MR-full-mAP 39.2300
2026-08-28 19:53:20,927 INFO [Epoch 17]
2026-08-28 19:54:20,668 INFO Epoch[17] class_error 78.6385  class_error_0 96.8905  class_error_1 84.0672  class_error_2 82.0562  loss_giou 0.4603  loss_giou_0 0.5015  loss_giou_1 0.4695  loss_giou_2 0.4698  loss_iou_scores 0.0736  loss_iou_scores_0 0.0781  loss_iou_scores_1 0.0747  loss_iou_scores_2 0.0715  loss_label 0.1651  loss_label_0 0.1809  loss_label_1 0.1701  loss_label_2 0.1679  loss_mask_iou 0.0000  loss_mask_iou_0 2.6711  loss_mask_iou_1 2.6486  loss_mask_iou_2 2.6350  loss_overall 16.8769  loss_query_cgp_bind 0.0000  loss_query_cgp_route -0.0205  loss_saliency 3.2996  loss_span 0.4456  loss_span_0 0.4993  loss_span_1 0.4571  loss_span_2 0.4539
2026-08-28 19:54:20,671 INFO Generate submissions
2026-08-28 19:54:26,386 INFO Saving/Evaluating before nms results
2026-08-28 19:54:31,218 INFO metrics_no_nms OrderedDict([   ('MR-full-R1@0.5', 62.13),
                ('MR-full-R1@0.7', 43.94),
                ('MR-full-mAP', 40.13),
                ('MR-full-mAP@0.5', 61.75),
                ('MR-full-mAP@0.75', 41.31),
                ('MR-long-mAP', 47.83),
                ('MR-middle-mAP', 43.13),
                ('MR-short-mAP', 4.57),
                ('HL-min-Fair-mAP', 75.74),
                ('HL-min-Fair-Hit1', 76.65),
                ('HL-min-Good-mAP', 64.69),
                ('HL-min-Good-Hit1', 74.39),
                ('HL-min-VeryGood-mAP', 39.77),
                ('HL-min-VeryGood-Hit1', 63.35)])
2026-08-28 19:54:31,499 INFO [Best] epoch 17, MR-full-mAP 40.1300
2026-08-28 19:54:31,789 INFO [Epoch 18]
2026-08-28 19:55:31,464 INFO Epoch[18] class_error 74.3783  class_error_0 96.2706  class_error_1 81.7153  class_error_2 78.2774  loss_giou 0.4566  loss_giou_0 0.5009  loss_giou_1 0.4674  loss_giou_2 0.4668  loss_iou_scores 0.0729  loss_iou_scores_0 0.0762  loss_iou_scores_1 0.0746  loss_iou_scores_2 0.0719  loss_label 0.1615  loss_label_0 0.1787  loss_label_1 0.1679  loss_label_2 0.1644  loss_mask_iou 0.0000  loss_mask_iou_0 2.6324  loss_mask_iou_1 2.6189  loss_mask_iou_2 2.6065  loss_overall 16.6737  loss_query_cgp_bind 0.0000  loss_query_cgp_route -0.0206  loss_saliency 3.2743  loss_span 0.4353  loss_span_0 0.4860  loss_span_1 0.4438  loss_span_2 0.4414
2026-08-28 19:55:31,467 INFO Generate submissions
2026-08-28 19:55:37,360 INFO Saving/Evaluating before nms results
2026-08-28 19:55:41,294 INFO metrics_no_nms OrderedDict([   ('MR-full-R1@0.5', 65.35),
                ('MR-full-R1@0.7', 47.29),
                ('MR-full-mAP', 41.93),
                ('MR-full-mAP@0.5', 63.25),
                ('MR-full-mAP@0.75', 43.44),
                ('MR-long-mAP', 48.19),
                ('MR-middle-mAP', 46.42),
                ('MR-short-mAP', 4.53),
                ('HL-min-Fair-mAP', 76.52),
                ('HL-min-Fair-Hit1', 78.71),
                ('HL-min-Good-mAP', 65.34),
                ('HL-min-Good-Hit1', 76.06),
                ('HL-min-VeryGood-mAP', 40.03),
                ('HL-min-VeryGood-Hit1', 64.13)])
2026-08-28 19:55:41,659 INFO [Best] epoch 18, MR-full-mAP 41.9300
2026-08-28 19:55:41,951 INFO [Epoch 19]
2026-08-28 19:56:42,656 INFO Epoch[19] class_error 71.1543  class_error_0 94.6089  class_error_1 79.2828  class_error_2 74.2388  loss_giou 0.4551  loss_giou_0 0.4976  loss_giou_1 0.4654  loss_giou_2 0.4659  loss_iou_scores 0.0718  loss_iou_scores_0 0.0756  loss_iou_scores_1 0.0719  loss_iou_scores_2 0.0700  loss_label 0.1584  loss_label_0 0.1762  loss_label_1 0.1665  loss_label_2 0.1623  loss_mask_iou 0.0000  loss_mask_iou_0 2.6156  loss_mask_iou_1 2.5943  loss_mask_iou_2 2.5838  loss_overall 16.5631  loss_query_cgp_bind 0.0000  loss_query_cgp_route -0.0208  loss_saliency 3.2702  loss_span 0.4298  loss_span_0 0.4782  loss_span_1 0.4375  loss_span_2 0.4365
2026-08-28 19:56:42,659 INFO Generate submissions
2026-08-28 19:56:47,801 INFO Saving/Evaluating before nms results
2026-08-28 19:56:51,961 INFO metrics_no_nms OrderedDict([   ('MR-full-R1@0.5', 62.77),
                ('MR-full-R1@0.7', 44.45),
                ('MR-full-mAP', 40.23),
                ('MR-full-mAP@0.5', 61.89),
                ('MR-full-mAP@0.75', 41.63),
                ('MR-long-mAP', 43.33),
                ('MR-middle-mAP', 46.24),
                ('MR-short-mAP', 4.36),
                ('HL-min-Fair-mAP', 75.47),
                ('HL-min-Fair-Hit1', 77.48),
                ('HL-min-Good-mAP', 64.27),
                ('HL-min-Good-Hit1', 75.03),
                ('HL-min-VeryGood-mAP', 39.21),
                ('HL-min-VeryGood-Hit1', 62.32)])
2026-08-28 19:56:52,261 INFO [Epoch 20]
2026-08-28 19:57:51,896 INFO Epoch[20] class_error 71.3320  class_error_0 94.8523  class_error_1 79.9608  class_error_2 74.9227  loss_giou 0.4511  loss_giou_0 0.4967  loss_giou_1 0.4630  loss_giou_2 0.4643  loss_iou_scores 0.0715  loss_iou_scores_0 0.0748  loss_iou_scores_1 0.0732  loss_iou_scores_2 0.0695  loss_label 0.1590  loss_label_0 0.1771  loss_label_1 0.1674  loss_label_2 0.1628  loss_mask_iou 0.0000  loss_mask_iou_0 2.5625  loss_mask_iou_1 2.5437  loss_mask_iou_2 2.5365  loss_overall 16.3787  loss_query_cgp_bind 0.0000  loss_query_cgp_route -0.0206  loss_saliency 3.2599  loss_span 0.4275  loss_span_0 0.4780  loss_span_1 0.4355  loss_span_2 0.4339
2026-08-28 19:57:51,899 INFO Generate submissions
2026-08-28 19:57:57,594 INFO Saving/Evaluating before nms results
2026-08-28 19:58:02,156 INFO metrics_no_nms OrderedDict([   ('MR-full-R1@0.5', 62.39),
                ('MR-full-R1@0.7', 44.84),
                ('MR-full-mAP', 39.46),
                ('MR-full-mAP@0.5', 62.11),
                ('MR-full-mAP@0.75', 41.18),
                ('MR-long-mAP', 46.42),
                ('MR-middle-mAP', 42.84),
                ('MR-short-mAP', 5.06),
                ('HL-min-Fair-mAP', 74.72),
                ('HL-min-Fair-Hit1', 77.35),
                ('HL-min-Good-mAP', 63.97),
                ('HL-min-Good-Hit1', 75.16),
                ('HL-min-VeryGood-mAP', 39.06),
                ('HL-min-VeryGood-Hit1', 62.58)])
2026-08-28 19:58:02,494 INFO [Epoch 21]
2026-08-28 19:59:02,234 INFO Epoch[21] class_error 68.3184  class_error_0 94.2012  class_error_1 79.1382  class_error_2 72.6390  loss_giou 0.4427  loss_giou_0 0.4915  loss_giou_1 0.4546  loss_giou_2 0.4528  loss_iou_scores 0.0709  loss_iou_scores_0 0.0749  loss_iou_scores_1 0.0718  loss_iou_scores_2 0.0687  loss_label 0.1552  loss_label_0 0.1754  loss_label_1 0.1657  loss_label_2 0.1600  loss_mask_iou 0.0000  loss_mask_iou_0 2.5282  loss_mask_iou_1 2.5030  loss_mask_iou_2 2.4957  loss_overall 16.1407  loss_query_cgp_bind 0.0000  loss_query_cgp_route -0.0208  loss_saliency 3.2478  loss_span 0.4162  loss_span_0 0.4615  loss_span_1 0.4213  loss_span_2 0.4195
2026-08-28 19:59:02,236 INFO Generate submissions
2026-08-28 19:59:07,803 INFO Saving/Evaluating before nms results
2026-08-28 19:59:11,930 INFO metrics_no_nms OrderedDict([   ('MR-full-R1@0.5', 63.61),
                ('MR-full-R1@0.7', 44.0),
                ('MR-full-mAP', 39.63),
                ('MR-full-mAP@0.5', 63.0),
                ('MR-full-mAP@0.75', 40.24),
                ('MR-long-mAP', 47.86),
                ('MR-middle-mAP', 42.54),
                ('MR-short-mAP', 5.11),
                ('HL-min-Fair-mAP', 74.69),
                ('HL-min-Fair-Hit1', 76.0),
                ('HL-min-Good-mAP', 63.91),
                ('HL-min-Good-Hit1', 73.68),
                ('HL-min-VeryGood-mAP', 39.24),
                ('HL-min-VeryGood-Hit1', 61.81)])
2026-08-28 19:59:12,284 INFO [Epoch 22]
2026-08-28 20:00:12,037 INFO Epoch[22] class_error 69.4247  class_error_0 94.0261  class_error_1 78.6567  class_error_2 72.4808  loss_giou 0.4402  loss_giou_0 0.4920  loss_giou_1 0.4557  loss_giou_2 0.4513  loss_iou_scores 0.0729  loss_iou_scores_0 0.0758  loss_iou_scores_1 0.0722  loss_iou_scores_2 0.0702  loss_label 0.1565  loss_label_0 0.1746  loss_label_1 0.1661  loss_label_2 0.1610  loss_mask_iou 0.0000  loss_mask_iou_0 2.5129  loss_mask_iou_1 2.4842  loss_mask_iou_2 2.4737  loss_overall 16.0944  loss_query_cgp_bind 0.0000  loss_query_cgp_route -0.0206  loss_saliency 3.2573  loss_span 0.4147  loss_span_0 0.4631  loss_span_1 0.4200  loss_span_2 0.4182
2026-08-28 20:00:12,039 INFO Generate submissions
2026-08-28 20:00:17,521 INFO Saving/Evaluating before nms results
2026-08-28 20:00:21,792 INFO metrics_no_nms OrderedDict([   ('MR-full-R1@0.5', 64.19),
                ('MR-full-R1@0.7', 46.19),
                ('MR-full-mAP', 42.2),
                ('MR-full-mAP@0.5', 63.65),
                ('MR-full-mAP@0.75', 43.9),
                ('MR-long-mAP', 50.03),
                ('MR-middle-mAP', 45.17),
                ('MR-short-mAP', 5.6),
                ('HL-min-Fair-mAP', 75.92),
                ('HL-min-Fair-Hit1', 78.26),
                ('HL-min-Good-mAP', 64.81),
                ('HL-min-Good-Hit1', 76.13),
                ('HL-min-VeryGood-mAP', 39.83),
                ('HL-min-VeryGood-Hit1', 64.71)])
2026-08-28 20:00:22,127 INFO [Best] epoch 22, MR-full-mAP 42.2000
2026-08-28 20:00:22,431 INFO [Epoch 23]
2026-08-28 20:01:22,983 INFO Epoch[23] class_error 67.2714  class_error_0 92.3566  class_error_1 76.7374  class_error_2 70.2691  loss_giou 0.4448  loss_giou_0 0.4898  loss_giou_1 0.4555  loss_giou_2 0.4525  loss_iou_scores 0.0715  loss_iou_scores_0 0.0754  loss_iou_scores_1 0.0706  loss_iou_scores_2 0.0709  loss_label 0.1534  loss_label_0 0.1729  loss_label_1 0.1639  loss_label_2 0.1584  loss_mask_iou 0.0000  loss_mask_iou_0 2.4855  loss_mask_iou_1 2.4590  loss_mask_iou_2 2.4516  loss_overall 15.9730  loss_query_cgp_bind 0.0000  loss_query_cgp_route -0.0208  loss_saliency 3.2387  loss_span 0.4119  loss_span_0 0.4574  loss_span_1 0.4165  loss_span_2 0.4158
2026-08-28 20:01:22,986 INFO Generate submissions
2026-08-28 20:01:28,673 INFO Saving/Evaluating before nms results
2026-08-28 20:01:32,842 INFO metrics_no_nms OrderedDict([   ('MR-full-R1@0.5', 64.77),
                ('MR-full-R1@0.7', 48.06),
                ('MR-full-mAP', 41.15),
                ('MR-full-mAP@0.5', 63.16),
                ('MR-full-mAP@0.75', 43.07),
                ('MR-long-mAP', 46.66),
                ('MR-middle-mAP', 45.14),
                ('MR-short-mAP', 6.67),
                ('HL-min-Fair-mAP', 76.4),
                ('HL-min-Fair-Hit1', 78.65),
                ('HL-min-Good-mAP', 65.46),
                ('HL-min-Good-Hit1', 76.52),
                ('HL-min-VeryGood-mAP', 40.22),
                ('HL-min-VeryGood-Hit1', 64.06)])
2026-08-28 20:01:33,148 INFO [Epoch 24]
2026-08-28 20:02:33,726 INFO Epoch[24] class_error 65.0971  class_error_0 91.0745  class_error_1 77.3638  class_error_2 70.3545  loss_giou 0.4339  loss_giou_0 0.4816  loss_giou_1 0.4460  loss_giou_2 0.4430  loss_iou_scores 0.0718  loss_iou_scores_0 0.0754  loss_iou_scores_1 0.0709  loss_iou_scores_2 0.0699  loss_label 0.1525  loss_label_0 0.1721  loss_label_1 0.1648  loss_label_2 0.1581  loss_mask_iou 0.0000  loss_mask_iou_0 2.4424  loss_mask_iou_1 2.4051  loss_mask_iou_2 2.4009  loss_overall 15.7489  loss_query_cgp_bind 0.0000  loss_query_cgp_route -0.0208  loss_saliency 3.2293  loss_span 0.4046  loss_span_0 0.4515  loss_span_1 0.4086  loss_span_2 0.4071
2026-08-28 20:02:33,729 INFO Generate submissions
2026-08-28 20:02:39,784 INFO Saving/Evaluating before nms results
2026-08-28 20:02:43,724 INFO metrics_no_nms OrderedDict([   ('MR-full-R1@0.5', 63.29),
                ('MR-full-R1@0.7', 46.32),
                ('MR-full-mAP', 42.12),
                ('MR-full-mAP@0.5', 63.18),
                ('MR-full-mAP@0.75', 43.54),
                ('MR-long-mAP', 52.25),
                ('MR-middle-mAP', 43.54),
                ('MR-short-mAP', 5.23),
                ('HL-min-Fair-mAP', 75.34),
                ('HL-min-Fair-Hit1', 78.45),
                ('HL-min-Good-mAP', 64.59),
                ('HL-min-Good-Hit1', 76.0),
                ('HL-min-VeryGood-mAP', 39.67),
                ('HL-min-VeryGood-Hit1', 63.87)])
2026-08-28 20:02:44,060 INFO [Epoch 25]
2026-08-28 20:03:45,095 INFO Epoch[25] class_error 63.3563  class_error_0 90.2293  class_error_1 75.2494  class_error_2 67.7569  loss_giou 0.4322  loss_giou_0 0.4870  loss_giou_1 0.4456  loss_giou_2 0.4438  loss_iou_scores 0.0714  loss_iou_scores_0 0.0741  loss_iou_scores_1 0.0707  loss_iou_scores_2 0.0692  loss_label 0.1495  loss_label_0 0.1705  loss_label_1 0.1618  loss_label_2 0.1557  loss_mask_iou 0.0000  loss_mask_iou_0 2.4392  loss_mask_iou_1 2.4048  loss_mask_iou_2 2.3979  loss_overall 15.7170  loss_query_cgp_bind 0.0000  loss_query_cgp_route -0.0208  loss_saliency 3.2207  loss_span 0.4023  loss_span_0 0.4530  loss_span_1 0.4074  loss_span_2 0.4063
2026-08-28 20:03:45,097 INFO Generate submissions
2026-08-28 20:03:50,927 INFO Saving/Evaluating before nms results
2026-08-28 20:03:55,138 INFO metrics_no_nms OrderedDict([   ('MR-full-R1@0.5', 65.94),
                ('MR-full-R1@0.7', 48.0),
                ('MR-full-mAP', 43.9),
                ('MR-full-mAP@0.5', 65.71),
                ('MR-full-mAP@0.75', 45.79),
                ('MR-long-mAP', 51.97),
                ('MR-middle-mAP', 46.41),
                ('MR-short-mAP', 6.41),
                ('HL-min-Fair-mAP', 75.0),
                ('HL-min-Fair-Hit1', 77.55),
                ('HL-min-Good-mAP', 64.27),
                ('HL-min-Good-Hit1', 75.35),
                ('HL-min-VeryGood-mAP', 39.5),
                ('HL-min-VeryGood-Hit1', 63.81)])
2026-08-28 20:03:55,472 INFO [Best] epoch 25, MR-full-mAP 43.9000
2026-08-28 20:03:55,777 INFO [Epoch 26]
2026-08-28 20:04:56,529 INFO Epoch[26] class_error 62.4592  class_error_0 89.9951  class_error_1 72.1919  class_error_2 65.4270  loss_giou 0.4308  loss_giou_0 0.4795  loss_giou_1 0.4432  loss_giou_2 0.4401  loss_iou_scores 0.0697  loss_iou_scores_0 0.0720  loss_iou_scores_1 0.0686  loss_iou_scores_2 0.0690  loss_label 0.1482  loss_label_0 0.1709  loss_label_1 0.1597  loss_label_2 0.1533  loss_mask_iou 0.0000  loss_mask_iou_0 2.3808  loss_mask_iou_1 2.3531  loss_mask_iou_2 2.3528  loss_overall 15.5014  loss_query_cgp_bind 0.0000  loss_query_cgp_route -0.0209  loss_saliency 3.2093  loss_span 0.3982  loss_span_0 0.4465  loss_span_1 0.4029  loss_span_2 0.4004
2026-08-28 20:04:56,533 INFO Generate submissions
2026-08-28 20:05:01,621 INFO Saving/Evaluating before nms results
2026-08-28 20:05:06,430 INFO metrics_no_nms OrderedDict([   ('MR-full-R1@0.5', 64.71),
                ('MR-full-R1@0.7', 47.1),
                ('MR-full-mAP', 43.57),
                ('MR-full-mAP@0.5', 64.88),
                ('MR-full-mAP@0.75', 44.28),
                ('MR-long-mAP', 55.23),
                ('MR-middle-mAP', 44.13),
                ('MR-short-mAP', 6.22),
                ('HL-min-Fair-mAP', 76.24),
                ('HL-min-Fair-Hit1', 78.84),
                ('HL-min-Good-mAP', 65.48),
                ('HL-min-Good-Hit1', 76.77),
                ('HL-min-VeryGood-mAP', 40.23),
                ('HL-min-VeryGood-Hit1', 65.48)])
2026-08-28 20:05:06,796 INFO [Epoch 27]
2026-08-28 20:06:07,468 INFO Epoch[27] class_error 61.9841  class_error_0 90.4797  class_error_1 70.7815  class_error_2 64.3890  loss_giou 0.4264  loss_giou_0 0.4766  loss_giou_1 0.4406  loss_giou_2 0.4362  loss_iou_scores 0.0703  loss_iou_scores_0 0.0741  loss_iou_scores_1 0.0699  loss_iou_scores_2 0.0696  loss_label 0.1474  loss_label_0 0.1713  loss_label_1 0.1588  loss_label_2 0.1526  loss_mask_iou 0.0000  loss_mask_iou_0 2.3833  loss_mask_iou_1 2.3516  loss_mask_iou_2 2.3500  loss_overall 15.4576  loss_query_cgp_bind 0.0000  loss_query_cgp_route -0.0209  loss_saliency 3.1955  loss_span 0.3940  loss_span_0 0.4396  loss_span_1 0.4031  loss_span_2 0.3977
2026-08-28 20:06:07,471 INFO Generate submissions
2026-08-28 20:06:13,414 INFO Saving/Evaluating before nms results
2026-08-28 20:06:17,420 INFO metrics_no_nms OrderedDict([   ('MR-full-R1@0.5', 63.61),
                ('MR-full-R1@0.7', 44.13),
                ('MR-full-mAP', 38.2),
                ('MR-full-mAP@0.5', 62.19),
                ('MR-full-mAP@0.75', 39.48),
                ('MR-long-mAP', 40.42),
                ('MR-middle-mAP', 42.52),
                ('MR-short-mAP', 8.34),
                ('HL-min-Fair-mAP', 75.97),
                ('HL-min-Fair-Hit1', 77.55),
                ('HL-min-Good-mAP', 64.9),
                ('HL-min-Good-Hit1', 75.03),
                ('HL-min-VeryGood-mAP', 39.65),
                ('HL-min-VeryGood-Hit1', 63.42)])
2026-08-28 20:06:17,747 INFO [Epoch 28]
2026-08-28 20:07:17,888 INFO Epoch[28] class_error 61.4762  class_error_0 89.4574  class_error_1 70.2593  class_error_2 64.3381  loss_giou 0.4262  loss_giou_0 0.4772  loss_giou_1 0.4399  loss_giou_2 0.4366  loss_iou_scores 0.0710  loss_iou_scores_0 0.0729  loss_iou_scores_1 0.0695  loss_iou_scores_2 0.0699  loss_label 0.1461  loss_label_0 0.1701  loss_label_1 0.1568  loss_label_2 0.1515  loss_mask_iou 0.0000  loss_mask_iou_0 2.3607  loss_mask_iou_1 2.3374  loss_mask_iou_2 2.3355  loss_overall 15.3899  loss_query_cgp_bind 0.0000  loss_query_cgp_route -0.0208  loss_saliency 3.1954  loss_span 0.3920  loss_span_0 0.4366  loss_span_1 0.3997  loss_span_2 0.3971
2026-08-28 20:07:17,891 INFO Generate submissions
2026-08-28 20:07:23,533 INFO Saving/Evaluating before nms results
2026-08-28 20:07:27,571 INFO metrics_no_nms OrderedDict([   ('MR-full-R1@0.5', 66.45),
                ('MR-full-R1@0.7', 47.74),
                ('MR-full-mAP', 41.68),
                ('MR-full-mAP@0.5', 64.06),
                ('MR-full-mAP@0.75', 43.39),
                ('MR-long-mAP', 48.21),
                ('MR-middle-mAP', 45.09),
                ('MR-short-mAP', 6.36),
                ('HL-min-Fair-mAP', 76.46),
                ('HL-min-Fair-Hit1', 78.71),
                ('HL-min-Good-mAP', 65.45),
                ('HL-min-Good-Hit1', 76.52),
                ('HL-min-VeryGood-mAP', 40.24),
                ('HL-min-VeryGood-Hit1', 64.71)])
2026-08-28 20:07:27,937 INFO [Epoch 29]
2026-08-28 20:08:26,997 INFO Epoch[29] class_error 59.1076  class_error_0 89.3086  class_error_1 68.4107  class_error_2 62.5110  loss_giou 0.4209  loss_giou_0 0.4765  loss_giou_1 0.4373  loss_giou_2 0.4326  loss_iou_scores 0.0705  loss_iou_scores_0 0.0719  loss_iou_scores_1 0.0694  loss_iou_scores_2 0.0688  loss_label 0.1437  loss_label_0 0.1694  loss_label_1 0.1562  loss_label_2 0.1496  loss_mask_iou 0.0000  loss_mask_iou_0 2.3345  loss_mask_iou_1 2.3160  loss_mask_iou_2 2.3070  loss_overall 15.2714  loss_query_cgp_bind 0.0000  loss_query_cgp_route -0.0208  loss_saliency 3.1950  loss_span 0.3861  loss_span_0 0.4320  loss_span_1 0.3951  loss_span_2 0.3927
2026-08-28 20:08:27,001 INFO Generate submissions
2026-08-28 20:08:33,151 INFO Saving/Evaluating before nms results
2026-08-28 20:08:37,806 INFO metrics_no_nms OrderedDict([   ('MR-full-R1@0.5', 63.81),
                ('MR-full-R1@0.7', 45.68),
                ('MR-full-mAP', 40.91),
                ('MR-full-mAP@0.5', 63.46),
                ('MR-full-mAP@0.75', 41.82),
                ('MR-long-mAP', 50.09),
                ('MR-middle-mAP', 41.87),
                ('MR-short-mAP', 7.37),
                ('HL-min-Fair-mAP', 75.98),
                ('HL-min-Fair-Hit1', 78.0),
                ('HL-min-Good-mAP', 65.07),
                ('HL-min-Good-Hit1', 76.0),
                ('HL-min-VeryGood-mAP', 39.93),
                ('HL-min-VeryGood-Hit1', 64.71)])
2026-08-28 20:08:38,127 INFO [Epoch 30]
2026-08-28 20:09:38,589 INFO Epoch[30] class_error 60.8840  class_error_0 85.8005  class_error_1 68.1243  class_error_2 63.3873  loss_giou 0.4148  loss_giou_0 0.4745  loss_giou_1 0.4325  loss_giou_2 0.4265  loss_iou_scores 0.0716  loss_iou_scores_0 0.0722  loss_iou_scores_1 0.0700  loss_iou_scores_2 0.0709  loss_label 0.1439  loss_label_0 0.1670  loss_label_1 0.1557  loss_label_2 0.1500  loss_mask_iou 0.0000  loss_mask_iou_0 2.3135  loss_mask_iou_1 2.2848  loss_mask_iou_2 2.2724  loss_overall 15.1324  loss_query_cgp_bind 0.0000  loss_query_cgp_route -0.0210  loss_saliency 3.1850  loss_span 0.3788  loss_span_0 0.4283  loss_span_1 0.3898  loss_span_2 0.3854
2026-08-28 20:09:38,592 INFO Generate submissions
2026-08-28 20:09:45,120 INFO Saving/Evaluating before nms results
2026-08-28 20:09:49,285 INFO metrics_no_nms OrderedDict([   ('MR-full-R1@0.5', 64.71),
                ('MR-full-R1@0.7', 48.45),
                ('MR-full-mAP', 42.98),
                ('MR-full-mAP@0.5', 65.32),
                ('MR-full-mAP@0.75', 44.74),
                ('MR-long-mAP', 53.0),
                ('MR-middle-mAP', 44.24),
                ('MR-short-mAP', 6.56),
                ('HL-min-Fair-mAP', 75.98),
                ('HL-min-Fair-Hit1', 77.42),
                ('HL-min-Good-mAP', 65.0),
                ('HL-min-Good-Hit1', 75.16),
                ('HL-min-VeryGood-mAP', 39.97),
                ('HL-min-VeryGood-Hit1', 63.35)])
2026-08-28 20:09:49,616 INFO [Epoch 31]
2026-08-28 20:10:50,697 INFO Epoch[31] class_error 58.2448  class_error_0 84.8764  class_error_1 66.7985  class_error_2 61.7107  loss_giou 0.4159  loss_giou_0 0.4719  loss_giou_1 0.4313  loss_giou_2 0.4261  loss_iou_scores 0.0696  loss_iou_scores_0 0.0716  loss_iou_scores_1 0.0688  loss_iou_scores_2 0.0691  loss_label 0.1415  loss_label_0 0.1655  loss_label_1 0.1548  loss_label_2 0.1479  loss_mask_iou 0.0000  loss_mask_iou_0 2.3134  loss_mask_iou_1 2.2871  loss_mask_iou_2 2.2759  loss_overall 15.1152  loss_query_cgp_bind 0.0000  loss_query_cgp_route -0.0210  loss_saliency 3.1829  loss_span 0.3773  loss_span_0 0.4283  loss_span_1 0.3878  loss_span_2 0.3837
2026-08-28 20:10:50,701 INFO Generate submissions
2026-08-28 20:10:56,641 INFO Saving/Evaluating before nms results
2026-08-28 20:11:01,189 INFO metrics_no_nms OrderedDict([   ('MR-full-R1@0.5', 64.9),
                ('MR-full-R1@0.7', 46.97),
                ('MR-full-mAP', 42.53),
                ('MR-full-mAP@0.5', 65.01),
                ('MR-full-mAP@0.75', 43.27),
                ('MR-long-mAP', 52.86),
                ('MR-middle-mAP', 44.08),
                ('MR-short-mAP', 5.21),
                ('HL-min-Fair-mAP', 77.13),
                ('HL-min-Fair-Hit1', 79.29),
                ('HL-min-Good-mAP', 65.93),
                ('HL-min-Good-Hit1', 77.1),
                ('HL-min-VeryGood-mAP', 40.59),
                ('HL-min-VeryGood-Hit1', 65.29)])
2026-08-28 20:11:01,528 INFO [Epoch 32]
2026-08-28 20:12:02,602 INFO Epoch[32] class_error 60.1057  class_error_0 83.1400  class_error_1 69.3565  class_error_2 62.9689  loss_giou 0.4160  loss_giou_0 0.4703  loss_giou_1 0.4306  loss_giou_2 0.4257  loss_iou_scores 0.0700  loss_iou_scores_0 0.0717  loss_iou_scores_1 0.0691  loss_iou_scores_2 0.0698  loss_label 0.1443  loss_label_0 0.1646  loss_label_1 0.1564  loss_label_2 0.1505  loss_mask_iou 0.0000  loss_mask_iou_0 2.3060  loss_mask_iou_1 2.2588  loss_mask_iou_2 2.2451  loss_overall 15.0255  loss_query_cgp_bind 0.0000  loss_query_cgp_route -0.0209  loss_saliency 3.1760  loss_span 0.3740  loss_span_0 0.4251  loss_span_1 0.3803  loss_span_2 0.3784
2026-08-28 20:12:02,606 INFO Generate submissions
2026-08-28 20:12:08,260 INFO Saving/Evaluating before nms results
2026-08-28 20:12:12,713 INFO metrics_no_nms OrderedDict([   ('MR-full-R1@0.5', 65.55),
                ('MR-full-R1@0.7', 49.35),
                ('MR-full-mAP', 43.76),
                ('MR-full-mAP@0.5', 64.9),
                ('MR-full-mAP@0.75', 45.42),
                ('MR-long-mAP', 51.92),
                ('MR-middle-mAP', 46.38),
                ('MR-short-mAP', 7.01),
                ('HL-min-Fair-mAP', 76.43),
                ('HL-min-Fair-Hit1', 78.06),
                ('HL-min-Good-mAP', 65.28),
                ('HL-min-Good-Hit1', 76.26),
                ('HL-min-VeryGood-mAP', 40.07),
                ('HL-min-VeryGood-Hit1', 64.26)])
2026-08-28 20:12:13,036 INFO [Epoch 33]
2026-08-28 20:13:12,221 INFO Epoch[33] class_error 58.2157  class_error_0 83.1179  class_error_1 67.3550  class_error_2 61.5672  loss_giou 0.4104  loss_giou_0 0.4706  loss_giou_1 0.4280  loss_giou_2 0.4214  loss_iou_scores 0.0716  loss_iou_scores_0 0.0716  loss_iou_scores_1 0.0691  loss_iou_scores_2 0.0703  loss_label 0.1429  loss_label_0 0.1648  loss_label_1 0.1571  loss_label_2 0.1492  loss_mask_iou 0.0000  loss_mask_iou_0 2.2869  loss_mask_iou_1 2.2353  loss_mask_iou_2 2.2339  loss_overall 14.9147  loss_query_cgp_bind 0.0000  loss_query_cgp_route -0.0209  loss_saliency 3.1711  loss_span 0.3647  loss_span_0 0.4169  loss_span_1 0.3727  loss_span_2 0.3691
2026-08-28 20:13:12,224 INFO Generate submissions
2026-08-28 20:13:18,730 INFO Saving/Evaluating before nms results
2026-08-28 20:13:22,775 INFO metrics_no_nms OrderedDict([   ('MR-full-R1@0.5', 65.61),
                ('MR-full-R1@0.7', 48.52),
                ('MR-full-mAP', 42.45),
                ('MR-full-mAP@0.5', 64.3),
                ('MR-full-mAP@0.75', 44.41),
                ('MR-long-mAP', 47.96),
                ('MR-middle-mAP', 46.45),
                ('MR-short-mAP', 6.78),
                ('HL-min-Fair-mAP', 75.68),
                ('HL-min-Fair-Hit1', 77.74),
                ('HL-min-Good-mAP', 64.88),
                ('HL-min-Good-Hit1', 75.94),
                ('HL-min-VeryGood-mAP', 39.69),
                ('HL-min-VeryGood-Hit1', 63.48)])
2026-08-28 20:13:23,163 INFO [Epoch 34]
2026-08-28 20:14:24,543 INFO Epoch[34] class_error 57.2018  class_error_0 80.8578  class_error_1 66.8391  class_error_2 60.0628  loss_giou 0.4094  loss_giou_0 0.4656  loss_giou_1 0.4244  loss_giou_2 0.4190  loss_iou_scores 0.0697  loss_iou_scores_0 0.0704  loss_iou_scores_1 0.0684  loss_iou_scores_2 0.0690  loss_label 0.1392  loss_label_0 0.1628  loss_label_1 0.1537  loss_label_2 0.1452  loss_mask_iou 0.0000  loss_mask_iou_0 2.2808  loss_mask_iou_1 2.2426  loss_mask_iou_2 2.2471  loss_overall 14.8734  loss_query_cgp_bind 0.0000  loss_query_cgp_route -0.0210  loss_saliency 3.1641  loss_span 0.3613  loss_span_0 0.4102  loss_span_1 0.3674  loss_span_2 0.3660
2026-08-28 20:14:24,546 INFO Generate submissions
2026-08-28 20:14:30,095 INFO Saving/Evaluating before nms results
2026-08-28 20:14:34,357 INFO metrics_no_nms OrderedDict([   ('MR-full-R1@0.5', 66.65),
                ('MR-full-R1@0.7', 49.74),
                ('MR-full-mAP', 43.53),
                ('MR-full-mAP@0.5', 65.82),
                ('MR-full-mAP@0.75', 44.82),
                ('MR-long-mAP', 50.5),
                ('MR-middle-mAP', 46.44),
                ('MR-short-mAP', 7.79),
                ('HL-min-Fair-mAP', 77.24),
                ('HL-min-Fair-Hit1', 79.81),
                ('HL-min-Good-mAP', 66.07),
                ('HL-min-Good-Hit1', 77.29),
                ('HL-min-VeryGood-mAP', 40.55),
                ('HL-min-VeryGood-Hit1', 65.23)])
2026-08-28 20:14:34,744 INFO [Epoch 35]
2026-08-28 20:15:36,337 INFO Epoch[35] class_error 57.2038  class_error_0 80.2571  class_error_1 65.7036  class_error_2 59.0295  loss_giou 0.4036  loss_giou_0 0.4612  loss_giou_1 0.4226  loss_giou_2 0.4150  loss_iou_scores 0.0710  loss_iou_scores_0 0.0707  loss_iou_scores_1 0.0687  loss_iou_scores_2 0.0688  loss_label 0.1403  loss_label_0 0.1629  loss_label_1 0.1531  loss_label_2 0.1460  loss_mask_iou 0.0000  loss_mask_iou_0 2.2609  loss_mask_iou_1 2.2236  loss_mask_iou_2 2.2152  loss_overall 14.7744  loss_query_cgp_bind 0.0000  loss_query_cgp_route -0.0210  loss_saliency 3.1577  loss_span 0.3593  loss_span_0 0.4082  loss_span_1 0.3678  loss_span_2 0.3628
2026-08-28 20:15:36,339 INFO Generate submissions
2026-08-28 20:15:42,040 INFO Saving/Evaluating before nms results
2026-08-28 20:15:46,421 INFO metrics_no_nms OrderedDict([   ('MR-full-R1@0.5', 65.29),
                ('MR-full-R1@0.7', 49.81),
                ('MR-full-mAP', 44.87),
                ('MR-full-mAP@0.5', 65.31),
                ('MR-full-mAP@0.75', 46.63),
                ('MR-long-mAP', 53.31),
                ('MR-middle-mAP', 47.32),
                ('MR-short-mAP', 7.25),
                ('HL-min-Fair-mAP', 77.19),
                ('HL-min-Fair-Hit1', 80.13),
                ('HL-min-Good-mAP', 66.03),
                ('HL-min-Good-Hit1', 77.55),
                ('HL-min-VeryGood-mAP', 40.27),
                ('HL-min-VeryGood-Hit1', 65.61)])
2026-08-28 20:15:47,058 INFO [Best] epoch 35, MR-full-mAP 44.8700
2026-08-28 20:15:47,478 INFO [Epoch 36]
2026-08-28 20:16:48,039 INFO Epoch[36] class_error 55.5198  class_error_0 78.7748  class_error_1 62.3448  class_error_2 57.0320  loss_giou 0.3985  loss_giou_0 0.4572  loss_giou_1 0.4193  loss_giou_2 0.4132  loss_iou_scores 0.0686  loss_iou_scores_0 0.0705  loss_iou_scores_1 0.0669  loss_iou_scores_2 0.0671  loss_label 0.1365  loss_label_0 0.1607  loss_label_1 0.1491  loss_label_2 0.1414  loss_mask_iou 0.0000  loss_mask_iou_0 2.2336  loss_mask_iou_1 2.2030  loss_mask_iou_2 2.1905  loss_overall 14.6374  loss_query_cgp_bind 0.0000  loss_query_cgp_route -0.0210  loss_saliency 3.1479  loss_span 0.3530  loss_span_0 0.4030  loss_span_1 0.3643  loss_span_2 0.3589
2026-08-28 20:16:48,042 INFO Generate submissions
2026-08-28 20:16:53,417 INFO Saving/Evaluating before nms results
2026-08-28 20:16:59,145 INFO metrics_no_nms OrderedDict([   ('MR-full-R1@0.5', 66.97),
                ('MR-full-R1@0.7', 49.81),
                ('MR-full-mAP', 44.22),
                ('MR-full-mAP@0.5', 65.87),
                ('MR-full-mAP@0.75', 46.15),
                ('MR-long-mAP', 52.01),
                ('MR-middle-mAP', 46.95),
                ('MR-short-mAP', 6.51),
                ('HL-min-Fair-mAP', 77.49),
                ('HL-min-Fair-Hit1', 79.1),
                ('HL-min-Good-mAP', 66.13),
                ('HL-min-Good-Hit1', 77.16),
                ('HL-min-VeryGood-mAP', 40.61),
                ('HL-min-VeryGood-Hit1', 65.87)])
2026-08-28 20:16:59,608 INFO [Epoch 37]
2026-08-28 20:18:00,623 INFO Epoch[37] class_error 54.8586  class_error_0 76.2004  class_error_1 63.0872  class_error_2 57.3133  loss_giou 0.4019  loss_giou_0 0.4618  loss_giou_1 0.4204  loss_giou_2 0.4126  loss_iou_scores 0.0697  loss_iou_scores_0 0.0698  loss_iou_scores_1 0.0670  loss_iou_scores_2 0.0677  loss_label 0.1351  loss_label_0 0.1592  loss_label_1 0.1489  loss_label_2 0.1410  loss_mask_iou 0.0000  loss_mask_iou_0 2.2278  loss_mask_iou_1 2.1842  loss_mask_iou_2 2.1765  loss_overall 14.5914  loss_query_cgp_bind 0.0000  loss_query_cgp_route -0.0210  loss_saliency 3.1364  loss_span 0.3530  loss_span_0 0.4060  loss_span_1 0.3624  loss_span_2 0.3569
2026-08-28 20:18:00,640 INFO Generate submissions
2026-08-28 20:18:07,473 INFO Saving/Evaluating before nms results
2026-08-28 20:18:12,240 INFO metrics_no_nms OrderedDict([   ('MR-full-R1@0.5', 66.32),
                ('MR-full-R1@0.7', 49.48),
                ('MR-full-mAP', 43.85),
                ('MR-full-mAP@0.5', 65.41),
                ('MR-full-mAP@0.75', 45.99),
                ('MR-long-mAP', 51.6),
                ('MR-middle-mAP', 46.5),
                ('MR-short-mAP', 7.36),
                ('HL-min-Fair-mAP', 76.6),
                ('HL-min-Fair-Hit1', 78.58),
                ('HL-min-Good-mAP', 65.58),
                ('HL-min-Good-Hit1', 76.84),
                ('HL-min-VeryGood-mAP', 40.42),
                ('HL-min-VeryGood-Hit1', 65.16)])
2026-08-28 20:18:12,534 INFO [Epoch 38]
2026-08-28 20:19:13,039 INFO Epoch[38] class_error 55.5339  class_error_0 74.7349  class_error_1 63.0681  class_error_2 56.9680  loss_giou 0.4030  loss_giou_0 0.4605  loss_giou_1 0.4217  loss_giou_2 0.4152  loss_iou_scores 0.0690  loss_iou_scores_0 0.0690  loss_iou_scores_1 0.0666  loss_iou_scores_2 0.0674  loss_label 0.1367  loss_label_0 0.1574  loss_label_1 0.1511  loss_label_2 0.1426  loss_mask_iou 0.0000  loss_mask_iou_0 2.2236  loss_mask_iou_1 2.1677  loss_mask_iou_2 2.1768  loss_overall 14.5945  loss_query_cgp_bind 0.0000  loss_query_cgp_route -0.0212  loss_saliency 3.1436  loss_span 0.3575  loss_span_0 0.4063  loss_span_1 0.3660  loss_span_2 0.3614
2026-08-28 20:19:13,043 INFO Generate submissions
2026-08-28 20:19:18,115 INFO Saving/Evaluating before nms results
2026-08-28 20:19:22,611 INFO metrics_no_nms OrderedDict([   ('MR-full-R1@0.5', 65.29),
                ('MR-full-R1@0.7', 48.13),
                ('MR-full-mAP', 43.91),
                ('MR-full-mAP@0.5', 65.72),
                ('MR-full-mAP@0.75', 45.22),
                ('MR-long-mAP', 53.5),
                ('MR-middle-mAP', 45.8),
                ('MR-short-mAP', 6.31),
                ('HL-min-Fair-mAP', 76.34),
                ('HL-min-Fair-Hit1', 78.39),
                ('HL-min-Good-mAP', 65.21),
                ('HL-min-Good-Hit1', 76.77),
                ('HL-min-VeryGood-mAP', 39.86),
                ('HL-min-VeryGood-Hit1', 63.55)])
2026-08-28 20:19:22,912 INFO [Epoch 39]
2026-08-28 20:20:24,665 INFO Epoch[39] class_error 54.4213  class_error_0 75.5122  class_error_1 63.2723  class_error_2 56.5397  loss_giou 0.4018  loss_giou_0 0.4593  loss_giou_1 0.4214  loss_giou_2 0.4132  loss_iou_scores 0.0681  loss_iou_scores_0 0.0676  loss_iou_scores_1 0.0669  loss_iou_scores_2 0.0678  loss_label 0.1347  loss_label_0 0.1581  loss_label_1 0.1494  loss_label_2 0.1408  loss_mask_iou 0.0000  loss_mask_iou_0 2.2296  loss_mask_iou_1 2.1826  loss_mask_iou_2 2.1797  loss_overall 14.5527  loss_query_cgp_bind 0.0000  loss_query_cgp_route -0.0211  loss_saliency 3.1245  loss_span 0.3488  loss_span_0 0.3974  loss_span_1 0.3606  loss_span_2 0.3552
2026-08-28 20:20:24,668 INFO Generate submissions
2026-08-28 20:20:31,790 INFO Saving/Evaluating before nms results
2026-08-28 20:20:35,585 INFO metrics_no_nms OrderedDict([   ('MR-full-R1@0.5', 65.81),
                ('MR-full-R1@0.7', 47.68),
                ('MR-full-mAP', 43.45),
                ('MR-full-mAP@0.5', 65.93),
                ('MR-full-mAP@0.75', 44.14),
                ('MR-long-mAP', 53.83),
                ('MR-middle-mAP', 44.28),
                ('MR-short-mAP', 7.03),
                ('HL-min-Fair-mAP', 77.13),
                ('HL-min-Fair-Hit1', 79.42),
                ('HL-min-Good-mAP', 66.13),
                ('HL-min-Good-Hit1', 77.42),
                ('HL-min-VeryGood-mAP', 40.52),
                ('HL-min-VeryGood-Hit1', 65.23)])
2026-08-28 20:20:35,889 INFO [Epoch 40]
2026-08-28 20:21:38,030 INFO Epoch[40] class_error 53.7116  class_error_0 73.4990  class_error_1 59.8564  class_error_2 55.4924  loss_giou 0.3937  loss_giou_0 0.4575  loss_giou_1 0.4163  loss_giou_2 0.4058  loss_iou_scores 0.0692  loss_iou_scores_0 0.0680  loss_iou_scores_1 0.0667  loss_iou_scores_2 0.0687  loss_label 0.1344  loss_label_0 0.1570  loss_label_1 0.1478  loss_label_2 0.1396  loss_mask_iou 0.0000  loss_mask_iou_0 2.1873  loss_mask_iou_1 2.1490  loss_mask_iou_2 2.1370  loss_overall 14.3965  loss_query_cgp_bind 0.0000  loss_query_cgp_route -0.0211  loss_saliency 3.1296  loss_span 0.3424  loss_span_0 0.3944  loss_span_1 0.3575  loss_span_2 0.3493
2026-08-28 20:21:38,032 INFO Generate submissions
2026-08-28 20:21:43,785 INFO Saving/Evaluating before nms results
2026-08-28 20:21:48,130 INFO metrics_no_nms OrderedDict([   ('MR-full-R1@0.5', 64.58),
                ('MR-full-R1@0.7', 48.65),
                ('MR-full-mAP', 44.61),
                ('MR-full-mAP@0.5', 65.45),
                ('MR-full-mAP@0.75', 46.05),
                ('MR-long-mAP', 52.21),
                ('MR-middle-mAP', 47.08),
                ('MR-short-mAP', 8.0),
                ('HL-min-Fair-mAP', 76.55),
                ('HL-min-Fair-Hit1', 77.1),
                ('HL-min-Good-mAP', 65.46),
                ('HL-min-Good-Hit1', 75.55),
                ('HL-min-VeryGood-mAP', 40.29),
                ('HL-min-VeryGood-Hit1', 64.26)])
2026-08-28 20:21:48,450 INFO [Epoch 41]
2026-08-28 20:22:50,610 INFO Epoch[41] class_error 51.4449  class_error_0 72.4011  class_error_1 58.2977  class_error_2 53.7927  loss_giou 0.3916  loss_giou_0 0.4545  loss_giou_1 0.4099  loss_giou_2 0.4029  loss_iou_scores 0.0670  loss_iou_scores_0 0.0665  loss_iou_scores_1 0.0658  loss_iou_scores_2 0.0666  loss_label 0.1311  loss_label_0 0.1536  loss_label_1 0.1444  loss_label_2 0.1366  loss_mask_iou 0.0000  loss_mask_iou_0 2.1881  loss_mask_iou_1 2.1442  loss_mask_iou_2 2.1409  loss_overall 14.3645  loss_query_cgp_bind 0.0000  loss_query_cgp_route -0.0210  loss_saliency 3.1282  loss_span 0.3434  loss_span_0 0.3977  loss_span_1 0.3536  loss_span_2 0.3501
2026-08-28 20:22:50,613 INFO Generate submissions
2026-08-28 20:22:56,776 INFO Saving/Evaluating before nms results
2026-08-28 20:23:00,749 INFO metrics_no_nms OrderedDict([   ('MR-full-R1@0.5', 65.03),
                ('MR-full-R1@0.7', 47.48),
                ('MR-full-mAP', 43.37),
                ('MR-full-mAP@0.5', 65.76),
                ('MR-full-mAP@0.75', 43.95),
                ('MR-long-mAP', 51.96),
                ('MR-middle-mAP', 45.12),
                ('MR-short-mAP', 7.24),
                ('HL-min-Fair-mAP', 76.68),
                ('HL-min-Fair-Hit1', 78.9),
                ('HL-min-Good-mAP', 65.2),
                ('HL-min-Good-Hit1', 76.58),
                ('HL-min-VeryGood-mAP', 39.82),
                ('HL-min-VeryGood-Hit1', 64.06)])
2026-08-28 20:23:01,054 INFO [Epoch 42]
2026-08-28 20:24:02,600 INFO Epoch[42] class_error 50.0719  class_error_0 70.7387  class_error_1 59.3410  class_error_2 52.8530  loss_giou 0.3897  loss_giou_0 0.4546  loss_giou_1 0.4086  loss_giou_2 0.3984  loss_iou_scores 0.0673  loss_iou_scores_0 0.0676  loss_iou_scores_1 0.0669  loss_iou_scores_2 0.0674  loss_label 0.1302  loss_label_0 0.1548  loss_label_1 0.1448  loss_label_2 0.1362  loss_mask_iou 0.0000  loss_mask_iou_0 2.1575  loss_mask_iou_1 2.1079  loss_mask_iou_2 2.1091  loss_overall 14.2195  loss_query_cgp_bind 0.0000  loss_query_cgp_route -0.0211  loss_saliency 3.1137  loss_span 0.3378  loss_span_0 0.3934  loss_span_1 0.3471  loss_span_2 0.3445
2026-08-28 20:24:02,604 INFO Generate submissions
2026-08-28 20:24:08,546 INFO Saving/Evaluating before nms results
2026-08-28 20:24:12,800 INFO metrics_no_nms OrderedDict([   ('MR-full-R1@0.5', 65.55),
                ('MR-full-R1@0.7', 49.23),
                ('MR-full-mAP', 45.05),
                ('MR-full-mAP@0.5', 65.71),
                ('MR-full-mAP@0.75', 45.73),
                ('MR-long-mAP', 52.85),
                ('MR-middle-mAP', 47.66),
                ('MR-short-mAP', 8.1),
                ('HL-min-Fair-mAP', 77.01),
                ('HL-min-Fair-Hit1', 78.84),
                ('HL-min-Good-mAP', 65.62),
                ('HL-min-Good-Hit1', 76.77),
                ('HL-min-VeryGood-mAP', 40.04),
                ('HL-min-VeryGood-Hit1', 65.23)])
2026-08-28 20:24:13,137 INFO [Best] epoch 42, MR-full-mAP 45.0500
2026-08-28 20:24:13,431 INFO [Epoch 43]
2026-08-28 20:25:15,472 INFO Epoch[43] class_error 50.9638  class_error_0 70.4825  class_error_1 57.2138  class_error_2 51.7664  loss_giou 0.3909  loss_giou_0 0.4540  loss_giou_1 0.4109  loss_giou_2 0.4000  loss_iou_scores 0.0657  loss_iou_scores_0 0.0664  loss_iou_scores_1 0.0648  loss_iou_scores_2 0.0656  loss_label 0.1292  loss_label_0 0.1541  loss_label_1 0.1427  loss_label_2 0.1342  loss_mask_iou 0.0000  loss_mask_iou_0 2.1657  loss_mask_iou_1 2.1282  loss_mask_iou_2 2.1198  loss_overall 14.2395  loss_query_cgp_bind 0.0000  loss_query_cgp_route -0.0209  loss_saliency 3.1060  loss_span 0.3386  loss_span_0 0.3906  loss_span_1 0.3491  loss_span_2 0.3436
2026-08-28 20:25:15,475 INFO Generate submissions
2026-08-28 20:25:20,267 INFO Saving/Evaluating before nms results
2026-08-28 20:25:25,249 INFO metrics_no_nms OrderedDict([   ('MR-full-R1@0.5', 65.74),
                ('MR-full-R1@0.7', 49.61),
                ('MR-full-mAP', 44.58),
                ('MR-full-mAP@0.5', 65.36),
                ('MR-full-mAP@0.75', 46.51),
                ('MR-long-mAP', 53.12),
                ('MR-middle-mAP', 46.31),
                ('MR-short-mAP', 8.13),
                ('HL-min-Fair-mAP', 77.0),
                ('HL-min-Fair-Hit1', 79.68),
                ('HL-min-Good-mAP', 66.04),
                ('HL-min-Good-Hit1', 77.55),
                ('HL-min-VeryGood-mAP', 40.57),
                ('HL-min-VeryGood-Hit1', 65.61)])
2026-08-28 20:25:25,625 INFO [Epoch 44]
2026-08-28 20:26:27,584 INFO Epoch[44] class_error 50.2543  class_error_0 70.0996  class_error_1 57.3868  class_error_2 51.4090  loss_giou 0.3902  loss_giou_0 0.4528  loss_giou_1 0.4106  loss_giou_2 0.4009  loss_iou_scores 0.0662  loss_iou_scores_0 0.0653  loss_iou_scores_1 0.0655  loss_iou_scores_2 0.0652  loss_label 0.1287  loss_label_0 0.1533  loss_label_1 0.1425  loss_label_2 0.1333  loss_mask_iou 0.0000  loss_mask_iou_0 2.1584  loss_mask_iou_1 2.1133  loss_mask_iou_2 2.1110  loss_overall 14.1991  loss_query_cgp_bind 0.0000  loss_query_cgp_route -0.0211  loss_saliency 3.1080  loss_span 0.3373  loss_span_0 0.3885  loss_span_1 0.3465  loss_span_2 0.3439
2026-08-28 20:26:27,588 INFO Generate submissions
2026-08-28 20:26:32,930 INFO Saving/Evaluating before nms results
2026-08-28 20:26:37,224 INFO metrics_no_nms OrderedDict([   ('MR-full-R1@0.5', 64.97),
                ('MR-full-R1@0.7', 50.13),
                ('MR-full-mAP', 43.78),
                ('MR-full-mAP@0.5', 65.42),
                ('MR-full-mAP@0.75', 45.57),
                ('MR-long-mAP', 50.18),
                ('MR-middle-mAP', 46.05),
                ('MR-short-mAP', 9.01),
                ('HL-min-Fair-mAP', 76.5),
                ('HL-min-Fair-Hit1', 78.77),
                ('HL-min-Good-mAP', 65.57),
                ('HL-min-Good-Hit1', 77.16),
                ('HL-min-VeryGood-mAP', 40.19),
                ('HL-min-VeryGood-Hit1', 64.65)])
2026-08-28 20:26:37,545 INFO [Epoch 45]
2026-08-28 20:27:39,104 INFO Epoch[45] class_error 49.1803  class_error_0 70.1623  class_error_1 55.0292  class_error_2 50.4424  loss_giou 0.3864  loss_giou_0 0.4480  loss_giou_1 0.4089  loss_giou_2 0.3979  loss_iou_scores 0.0663  loss_iou_scores_0 0.0665  loss_iou_scores_1 0.0648  loss_iou_scores_2 0.0653  loss_label 0.1266  loss_label_0 0.1526  loss_label_1 0.1403  loss_label_2 0.1313  loss_mask_iou 0.0000  loss_mask_iou_0 2.1243  loss_mask_iou_1 2.0962  loss_mask_iou_2 2.0880  loss_overall 14.0823  loss_query_cgp_bind 0.0000  loss_query_cgp_route -0.0212  loss_saliency 3.1064  loss_span 0.3324  loss_span_0 0.3788  loss_span_1 0.3424  loss_span_2 0.3390
2026-08-28 20:27:39,106 INFO Generate submissions
2026-08-28 20:27:44,449 INFO Saving/Evaluating before nms results
2026-08-28 20:27:48,970 INFO metrics_no_nms OrderedDict([   ('MR-full-R1@0.5', 66.13),
                ('MR-full-R1@0.7', 50.32),
                ('MR-full-mAP', 45.17),
                ('MR-full-mAP@0.5', 67.17),
                ('MR-full-mAP@0.75', 46.29),
                ('MR-long-mAP', 53.67),
                ('MR-middle-mAP', 47.04),
                ('MR-short-mAP', 8.32),
                ('HL-min-Fair-mAP', 77.11),
                ('HL-min-Fair-Hit1', 80.0),
                ('HL-min-Good-mAP', 66.08),
                ('HL-min-Good-Hit1', 78.19),
                ('HL-min-VeryGood-mAP', 40.64),
                ('HL-min-VeryGood-Hit1', 65.16)])
2026-08-28 20:27:49,323 INFO [Best] epoch 45, MR-full-mAP 45.1700
2026-08-28 20:27:49,637 INFO [Epoch 46]
2026-08-28 20:28:50,359 INFO Epoch[46] class_error 49.2960  class_error_0 67.5167  class_error_1 55.1742  class_error_2 50.4845  loss_giou 0.3790  loss_giou_0 0.4445  loss_giou_1 0.4013  loss_giou_2 0.3908  loss_iou_scores 0.0660  loss_iou_scores_0 0.0670  loss_iou_scores_1 0.0654  loss_iou_scores_2 0.0661  loss_label 0.1263  loss_label_0 0.1516  loss_label_1 0.1399  loss_label_2 0.1315  loss_mask_iou 0.0000  loss_mask_iou_0 2.0973  loss_mask_iou_1 2.0579  loss_mask_iou_2 2.0473  loss_overall 13.9005  loss_query_cgp_bind 0.0000  loss_query_cgp_route -0.0210  loss_saliency 3.0906  loss_span 0.3223  loss_span_0 0.3755  loss_span_1 0.3351  loss_span_2 0.3284
2026-08-28 20:28:50,361 INFO Generate submissions
2026-08-28 20:28:56,059 INFO Saving/Evaluating before nms results
2026-08-28 20:29:00,198 INFO metrics_no_nms OrderedDict([   ('MR-full-R1@0.5', 65.42),
                ('MR-full-R1@0.7', 48.97),
                ('MR-full-mAP', 45.71),
                ('MR-full-mAP@0.5', 66.25),
                ('MR-full-mAP@0.75', 46.45),
                ('MR-long-mAP', 54.8),
                ('MR-middle-mAP', 47.76),
                ('MR-short-mAP', 7.35),
                ('HL-min-Fair-mAP', 77.02),
                ('HL-min-Fair-Hit1', 79.48),
                ('HL-min-Good-mAP', 65.82),
                ('HL-min-Good-Hit1', 77.35),
                ('HL-min-VeryGood-mAP', 40.41),
                ('HL-min-VeryGood-Hit1', 65.16)])
2026-08-28 20:29:00,531 INFO [Best] epoch 46, MR-full-mAP 45.7100
2026-08-28 20:29:00,826 INFO [Epoch 47]
2026-08-28 20:30:03,011 INFO Epoch[47] class_error 48.2666  class_error_0 68.5758  class_error_1 54.2792  class_error_2 49.8323  loss_giou 0.3786  loss_giou_0 0.4431  loss_giou_1 0.3992  loss_giou_2 0.3904  loss_iou_scores 0.0654  loss_iou_scores_0 0.0649  loss_iou_scores_1 0.0641  loss_iou_scores_2 0.0647  loss_label 0.1248  loss_label_0 0.1530  loss_label_1 0.1390  loss_label_2 0.1304  loss_mask_iou 0.0000  loss_mask_iou_0 2.1069  loss_mask_iou_1 2.0706  loss_mask_iou_2 2.0559  loss_overall 13.9127  loss_query_cgp_bind 0.0000  loss_query_cgp_route -0.0211  loss_saliency 3.0927  loss_span 0.3225  loss_span_0 0.3731  loss_span_1 0.3353  loss_span_2 0.3279
2026-08-28 20:30:03,014 INFO Generate submissions
2026-08-28 20:30:09,450 INFO Saving/Evaluating before nms results
2026-08-28 20:30:13,446 INFO metrics_no_nms OrderedDict([   ('MR-full-R1@0.5', 67.74),
                ('MR-full-R1@0.7', 50.19),
                ('MR-full-mAP', 46.03),
                ('MR-full-mAP@0.5', 67.09),
                ('MR-full-mAP@0.75', 48.05),
                ('MR-long-mAP', 54.42),
                ('MR-middle-mAP', 47.55),
                ('MR-short-mAP', 9.03),
                ('HL-min-Fair-mAP', 77.25),
                ('HL-min-Fair-Hit1', 79.68),
                ('HL-min-Good-mAP', 66.39),
                ('HL-min-Good-Hit1', 77.68),
                ('HL-min-VeryGood-mAP', 40.93),
                ('HL-min-VeryGood-Hit1', 65.42)])
2026-08-28 20:30:13,817 INFO [Best] epoch 47, MR-full-mAP 46.0300
2026-08-28 20:30:14,167 INFO [Epoch 48]
2026-08-28 20:31:14,346 INFO Epoch[48] class_error 48.0030  class_error_0 68.2050  class_error_1 54.8117  class_error_2 49.0928  loss_giou 0.3789  loss_giou_0 0.4402  loss_giou_1 0.3985  loss_giou_2 0.3889  loss_iou_scores 0.0640  loss_iou_scores_0 0.0648  loss_iou_scores_1 0.0636  loss_iou_scores_2 0.0635  loss_label 0.1245  loss_label_0 0.1517  loss_label_1 0.1394  loss_label_2 0.1291  loss_mask_iou 0.0000  loss_mask_iou_0 2.0832  loss_mask_iou_1 2.0488  loss_mask_iou_2 2.0434  loss_overall 13.8220  loss_query_cgp_bind 0.0000  loss_query_cgp_route -0.0211  loss_saliency 3.0745  loss_span 0.3219  loss_span_0 0.3706  loss_span_1 0.3324  loss_span_2 0.3296
2026-08-28 20:31:14,349 INFO Generate submissions
2026-08-28 20:31:20,358 INFO Saving/Evaluating before nms results
2026-08-28 20:31:24,826 INFO metrics_no_nms OrderedDict([   ('MR-full-R1@0.5', 65.74),
                ('MR-full-R1@0.7', 49.81),
                ('MR-full-mAP', 44.76),
                ('MR-full-mAP@0.5', 66.54),
                ('MR-full-mAP@0.75', 46.3),
                ('MR-long-mAP', 51.66),
                ('MR-middle-mAP', 47.32),
                ('MR-short-mAP', 8.88),
                ('HL-min-Fair-mAP', 76.31),
                ('HL-min-Fair-Hit1', 77.55),
                ('HL-min-Good-mAP', 65.21),
                ('HL-min-Good-Hit1', 75.48),
                ('HL-min-VeryGood-mAP', 39.98),
                ('HL-min-VeryGood-Hit1', 63.55)])
2026-08-28 20:31:25,186 INFO [Epoch 49]
2026-08-28 20:32:25,445 INFO Epoch[49] class_error 47.4484  class_error_0 65.4779  class_error_1 54.2168  class_error_2 48.7425  loss_giou 0.3747  loss_giou_0 0.4374  loss_giou_1 0.3948  loss_giou_2 0.3839  loss_iou_scores 0.0634  loss_iou_scores_0 0.0642  loss_iou_scores_1 0.0625  loss_iou_scores_2 0.0633  loss_label 0.1233  loss_label_0 0.1499  loss_label_1 0.1374  loss_label_2 0.1281  loss_mask_iou 0.0000  loss_mask_iou_0 2.0713  loss_mask_iou_1 2.0318  loss_mask_iou_2 2.0316  loss_overall 13.7288  loss_query_cgp_bind 0.0000  loss_query_cgp_route -0.0211  loss_saliency 3.0732  loss_span 0.3165  loss_span_0 0.3658  loss_span_1 0.3271  loss_span_2 0.3228
2026-08-28 20:32:25,448 INFO Generate submissions
2026-08-28 20:32:30,715 INFO Saving/Evaluating before nms results
2026-08-28 20:32:35,047 INFO metrics_no_nms OrderedDict([   ('MR-full-R1@0.5', 66.0),
                ('MR-full-R1@0.7', 50.13),
                ('MR-full-mAP', 45.02),
                ('MR-full-mAP@0.5', 66.19),
                ('MR-full-mAP@0.75', 45.87),
                ('MR-long-mAP', 52.8),
                ('MR-middle-mAP', 46.58),
                ('MR-short-mAP', 9.85),
                ('HL-min-Fair-mAP', 77.25),
                ('HL-min-Fair-Hit1', 79.35),
                ('HL-min-Good-mAP', 66.5),
                ('HL-min-Good-Hit1', 77.35),
                ('HL-min-VeryGood-mAP', 40.88),
                ('HL-min-VeryGood-Hit1', 65.87)])
2026-08-28 20:32:35,445 INFO [Epoch 50]
2026-08-28 20:33:35,281 INFO Epoch[50] class_error 47.0267  class_error_0 66.2418  class_error_1 54.0153  class_error_2 48.5959  loss_giou 0.3763  loss_giou_0 0.4402  loss_giou_1 0.3971  loss_giou_2 0.3870  loss_iou_scores 0.0647  loss_iou_scores_0 0.0633  loss_iou_scores_1 0.0627  loss_iou_scores_2 0.0641  loss_label 0.1236  loss_label_0 0.1499  loss_label_1 0.1384  loss_label_2 0.1290  loss_mask_iou 0.0000  loss_mask_iou_0 2.0651  loss_mask_iou_1 2.0214  loss_mask_iou_2 2.0236  loss_overall 13.7199  loss_query_cgp_bind 0.0000  loss_query_cgp_route -0.0211  loss_saliency 3.0780  loss_span 0.3143  loss_span_0 0.3674  loss_span_1 0.3248  loss_span_2 0.3203
2026-08-28 20:33:35,283 INFO Generate submissions
2026-08-28 20:33:40,718 INFO Saving/Evaluating before nms results
2026-08-28 20:33:44,811 INFO metrics_no_nms OrderedDict([   ('MR-full-R1@0.5', 66.45),
                ('MR-full-R1@0.7', 50.58),
                ('MR-full-mAP', 45.58),
                ('MR-full-mAP@0.5', 66.5),
                ('MR-full-mAP@0.75', 47.29),
                ('MR-long-mAP', 53.77),
                ('MR-middle-mAP', 47.93),
                ('MR-short-mAP', 8.14),
                ('HL-min-Fair-mAP', 77.64),
                ('HL-min-Fair-Hit1', 79.94),
                ('HL-min-Good-mAP', 66.64),
                ('HL-min-Good-Hit1', 78.19),
                ('HL-min-VeryGood-mAP', 40.75),
                ('HL-min-VeryGood-Hit1', 65.35)])
2026-08-28 20:33:45,319 INFO [Epoch 51]
2026-08-28 20:34:45,161 INFO Epoch[51] class_error 46.5456  class_error_0 64.0932  class_error_1 53.1092  class_error_2 47.5334  loss_giou 0.3721  loss_giou_0 0.4375  loss_giou_1 0.3938  loss_giou_2 0.3829  loss_iou_scores 0.0647  loss_iou_scores_0 0.0641  loss_iou_scores_1 0.0642  loss_iou_scores_2 0.0646  loss_label 0.1219  loss_label_0 0.1478  loss_label_1 0.1367  loss_label_2 0.1274  loss_mask_iou 0.0000  loss_mask_iou_0 2.0649  loss_mask_iou_1 2.0183  loss_mask_iou_2 2.0111  loss_overall 13.6619  loss_query_cgp_bind 0.0000  loss_query_cgp_route -0.0212  loss_saliency 3.0642  loss_span 0.3115  loss_span_0 0.3650  loss_span_1 0.3246  loss_span_2 0.3186
2026-08-28 20:34:45,163 INFO Generate submissions
2026-08-28 20:34:50,782 INFO Saving/Evaluating before nms results
2026-08-28 20:34:55,112 INFO metrics_no_nms OrderedDict([   ('MR-full-R1@0.5', 66.97),
                ('MR-full-R1@0.7', 50.52),
                ('MR-full-mAP', 45.62),
                ('MR-full-mAP@0.5', 66.71),
                ('MR-full-mAP@0.75', 47.49),
                ('MR-long-mAP', 53.26),
                ('MR-middle-mAP', 48.51),
                ('MR-short-mAP', 7.58),
                ('HL-min-Fair-mAP', 77.69),
                ('HL-min-Fair-Hit1', 79.55),
                ('HL-min-Good-mAP', 66.17),
                ('HL-min-Good-Hit1', 77.42),
                ('HL-min-VeryGood-mAP', 40.38),
                ('HL-min-VeryGood-Hit1', 64.77)])
2026-08-28 20:34:55,490 INFO [Epoch 52]
2026-08-28 20:35:55,355 INFO Epoch[52] class_error 47.2709  class_error_0 63.7025  class_error_1 53.8965  class_error_2 48.0501  loss_giou 0.3720  loss_giou_0 0.4433  loss_giou_1 0.3957  loss_giou_2 0.3835  loss_iou_scores 0.0653  loss_iou_scores_0 0.0628  loss_iou_scores_1 0.0633  loss_iou_scores_2 0.0640  loss_label 0.1229  loss_label_0 0.1473  loss_label_1 0.1369  loss_label_2 0.1276  loss_mask_iou 0.0000  loss_mask_iou_0 2.0678  loss_mask_iou_1 2.0130  loss_mask_iou_2 2.0071  loss_overall 13.6950  loss_query_cgp_bind 0.0000  loss_query_cgp_route -0.0212  loss_saliency 3.0764  loss_span 0.3177  loss_span_0 0.3683  loss_span_1 0.3273  loss_span_2 0.3235
2026-08-28 20:35:55,357 INFO Generate submissions
2026-08-28 20:36:00,975 INFO Saving/Evaluating before nms results
2026-08-28 20:36:06,776 INFO metrics_no_nms OrderedDict([   ('MR-full-R1@0.5', 67.23),
                ('MR-full-R1@0.7', 50.19),
                ('MR-full-mAP', 45.69),
                ('MR-full-mAP@0.5', 67.31),
                ('MR-full-mAP@0.75', 46.57),
                ('MR-long-mAP', 53.86),
                ('MR-middle-mAP', 47.61),
                ('MR-short-mAP', 8.94),
                ('HL-min-Fair-mAP', 77.64),
                ('HL-min-Fair-Hit1', 79.74),
                ('HL-min-Good-mAP', 66.61),
                ('HL-min-Good-Hit1', 77.29),
                ('HL-min-VeryGood-mAP', 40.77),
                ('HL-min-VeryGood-Hit1', 64.84)])
2026-08-28 20:36:07,149 INFO [Epoch 53]
2026-08-28 20:37:06,708 INFO Epoch[53] class_error 46.0862  class_error_0 60.0099  class_error_1 52.4468  class_error_2 46.6168  loss_giou 0.3672  loss_giou_0 0.4393  loss_giou_1 0.3905  loss_giou_2 0.3805  loss_iou_scores 0.0648  loss_iou_scores_0 0.0622  loss_iou_scores_1 0.0629  loss_iou_scores_2 0.0636  loss_label 0.1221  loss_label_0 0.1429  loss_label_1 0.1356  loss_label_2 0.1261  loss_mask_iou 0.0000  loss_mask_iou_0 2.0549  loss_mask_iou_1 1.9907  loss_mask_iou_2 1.9927  loss_overall 13.5958  loss_query_cgp_bind 0.0000  loss_query_cgp_route -0.0212  loss_saliency 3.0729  loss_span 0.3115  loss_span_0 0.3643  loss_span_1 0.3245  loss_span_2 0.3181
2026-08-28 20:37:06,713 INFO Generate submissions
2026-08-28 20:37:13,562 INFO Saving/Evaluating before nms results
2026-08-28 20:37:17,848 INFO metrics_no_nms OrderedDict([   ('MR-full-R1@0.5', 67.48),
                ('MR-full-R1@0.7', 52.19),
                ('MR-full-mAP', 45.55),
                ('MR-full-mAP@0.5', 66.24),
                ('MR-full-mAP@0.75', 47.1),
                ('MR-long-mAP', 52.63),
                ('MR-middle-mAP', 47.64),
                ('MR-short-mAP', 9.87),
                ('HL-min-Fair-mAP', 77.01),
                ('HL-min-Fair-Hit1', 80.19),
                ('HL-min-Good-mAP', 66.19),
                ('HL-min-Good-Hit1', 78.45),
                ('HL-min-VeryGood-mAP', 40.61),
                ('HL-min-VeryGood-Hit1', 65.81)])
2026-08-28 20:37:18,252 INFO [Epoch 54]
2026-08-28 20:38:18,563 INFO Epoch[54] class_error 47.8201  class_error_0 61.3133  class_error_1 54.8325  class_error_2 48.9326  loss_giou 0.3653  loss_giou_0 0.4337  loss_giou_1 0.3880  loss_giou_2 0.3764  loss_iou_scores 0.0667  loss_iou_scores_0 0.0637  loss_iou_scores_1 0.0642  loss_iou_scores_2 0.0660  loss_label 0.1243  loss_label_0 0.1468  loss_label_1 0.1381  loss_label_2 0.1286  loss_mask_iou 0.0000  loss_mask_iou_0 2.0298  loss_mask_iou_1 1.9784  loss_mask_iou_2 1.9738  loss_overall 13.5096  loss_query_cgp_bind 0.0000  loss_query_cgp_route -0.0212  loss_saliency 3.0731  loss_span 0.3050  loss_span_0 0.3579  loss_span_1 0.3163  loss_span_2 0.3130
2026-08-28 20:38:18,565 INFO Generate submissions
2026-08-28 20:38:23,468 INFO Saving/Evaluating before nms results
2026-08-28 20:38:27,671 INFO metrics_no_nms OrderedDict([   ('MR-full-R1@0.5', 67.55),
                ('MR-full-R1@0.7', 51.81),
                ('MR-full-mAP', 46.63),
                ('MR-full-mAP@0.5', 66.48),
                ('MR-full-mAP@0.75', 48.9),
                ('MR-long-mAP', 53.29),
                ('MR-middle-mAP', 50.29),
                ('MR-short-mAP', 7.86),
                ('HL-min-Fair-mAP', 77.99),
                ('HL-min-Fair-Hit1', 81.68),
                ('HL-min-Good-mAP', 66.93),
                ('HL-min-Good-Hit1', 79.61),
                ('HL-min-VeryGood-mAP', 41.23),
                ('HL-min-VeryGood-Hit1', 67.29)])
2026-08-28 20:38:28,013 INFO [Best] epoch 54, MR-full-mAP 46.6300
2026-08-28 20:38:28,345 INFO [Epoch 55]
2026-08-28 20:39:29,466 INFO Epoch[55] class_error 46.4399  class_error_0 60.7353  class_error_1 53.2334  class_error_2 47.1989  loss_giou 0.3663  loss_giou_0 0.4328  loss_giou_1 0.3902  loss_giou_2 0.3768  loss_iou_scores 0.0650  loss_iou_scores_0 0.0641  loss_iou_scores_1 0.0635  loss_iou_scores_2 0.0644  loss_label 0.1221  loss_label_0 0.1456  loss_label_1 0.1363  loss_label_2 0.1267  loss_mask_iou 0.0000  loss_mask_iou_0 2.0261  loss_mask_iou_1 1.9829  loss_mask_iou_2 1.9742  loss_overall 13.4913  loss_query_cgp_bind 0.0000  loss_query_cgp_route -0.0212  loss_saliency 3.0664  loss_span 0.3036  loss_span_0 0.3552  loss_span_1 0.3165  loss_span_2 0.3106
2026-08-28 20:39:29,471 INFO Generate submissions
2026-08-28 20:39:35,547 INFO Saving/Evaluating before nms results
2026-08-28 20:39:39,913 INFO metrics_no_nms OrderedDict([   ('MR-full-R1@0.5', 65.87),
                ('MR-full-R1@0.7', 49.55),
                ('MR-full-mAP', 45.24),
                ('MR-full-mAP@0.5', 66.76),
                ('MR-full-mAP@0.75', 47.09),
                ('MR-long-mAP', 54.1),
                ('MR-middle-mAP', 46.97),
                ('MR-short-mAP', 8.1),
                ('HL-min-Fair-mAP', 77.29),
                ('HL-min-Fair-Hit1', 80.71),
                ('HL-min-Good-mAP', 66.49),
                ('HL-min-Good-Hit1', 79.03),
                ('HL-min-VeryGood-mAP', 40.71),
                ('HL-min-VeryGood-Hit1', 66.39)])
2026-08-28 20:39:40,258 INFO [Epoch 56]
2026-08-28 20:40:41,790 INFO Epoch[56] class_error 45.6341  class_error_0 60.1047  class_error_1 50.9845  class_error_2 46.2939  loss_giou 0.3635  loss_giou_0 0.4327  loss_giou_1 0.3847  loss_giou_2 0.3758  loss_iou_scores 0.0649  loss_iou_scores_0 0.0631  loss_iou_scores_1 0.0625  loss_iou_scores_2 0.0635  loss_label 0.1199  loss_label_0 0.1444  loss_label_1 0.1332  loss_label_2 0.1235  loss_mask_iou 0.0000  loss_mask_iou_0 2.0027  loss_mask_iou_1 1.9585  loss_mask_iou_2 1.9554  loss_overall 13.3781  loss_query_cgp_bind 0.0000  loss_query_cgp_route -0.0212  loss_saliency 3.0535  loss_span 0.3030  loss_span_0 0.3530  loss_span_1 0.3144  loss_span_2 0.3103
2026-08-28 20:40:41,792 INFO Generate submissions
2026-08-28 20:40:47,233 INFO Saving/Evaluating before nms results
2026-08-28 20:40:51,230 INFO metrics_no_nms OrderedDict([   ('MR-full-R1@0.5', 67.81),
                ('MR-full-R1@0.7', 51.1),
                ('MR-full-mAP', 45.92),
                ('MR-full-mAP@0.5', 67.56),
                ('MR-full-mAP@0.75', 47.04),
                ('MR-long-mAP', 51.99),
                ('MR-middle-mAP', 48.5),
                ('MR-short-mAP', 9.82),
                ('HL-min-Fair-mAP', 77.3),
                ('HL-min-Fair-Hit1', 79.16),
                ('HL-min-Good-mAP', 66.42),
                ('HL-min-Good-Hit1', 77.61),
                ('HL-min-VeryGood-mAP', 40.74),
                ('HL-min-VeryGood-Hit1', 65.35)])
2026-08-28 20:40:51,561 INFO [Epoch 57]
2026-08-28 20:41:51,016 INFO Epoch[57] class_error 45.0444  class_error_0 58.7460  class_error_1 51.8925  class_error_2 45.7613  loss_giou 0.3607  loss_giou_0 0.4293  loss_giou_1 0.3818  loss_giou_2 0.3720  loss_iou_scores 0.0642  loss_iou_scores_0 0.0610  loss_iou_scores_1 0.0609  loss_iou_scores_2 0.0626  loss_label 0.1198  loss_label_0 0.1428  loss_label_1 0.1331  loss_label_2 0.1234  loss_mask_iou 0.0000  loss_mask_iou_0 1.9909  loss_mask_iou_1 1.9497  loss_mask_iou_2 1.9421  loss_overall 13.3227  loss_query_cgp_bind 0.0000  loss_query_cgp_route -0.0212  loss_saliency 3.0536  loss_span 0.3021  loss_span_0 0.3508  loss_span_1 0.3128  loss_span_2 0.3077
2026-08-28 20:41:51,019 INFO Generate submissions
2026-08-28 20:41:57,101 INFO Saving/Evaluating before nms results
2026-08-28 20:42:01,018 INFO metrics_no_nms OrderedDict([   ('MR-full-R1@0.5', 67.03),
                ('MR-full-R1@0.7', 51.35),
                ('MR-full-mAP', 45.39),
                ('MR-full-mAP@0.5', 66.56),
                ('MR-full-mAP@0.75', 46.74),
                ('MR-long-mAP', 52.73),
                ('MR-middle-mAP', 47.48),
                ('MR-short-mAP', 9.87),
                ('HL-min-Fair-mAP', 77.67),
                ('HL-min-Fair-Hit1', 79.42),
                ('HL-min-Good-mAP', 66.52),
                ('HL-min-Good-Hit1', 77.16),
                ('HL-min-VeryGood-mAP', 40.83),
                ('HL-min-VeryGood-Hit1', 64.52)])
2026-08-28 20:42:01,320 INFO [Epoch 58]
2026-08-28 20:43:00,686 INFO Epoch[58] class_error 44.2465  class_error_0 58.6928  class_error_1 50.8860  class_error_2 45.2013  loss_giou 0.3626  loss_giou_0 0.4319  loss_giou_1 0.3857  loss_giou_2 0.3730  loss_iou_scores 0.0622  loss_iou_scores_0 0.0611  loss_iou_scores_1 0.0603  loss_iou_scores_2 0.0613  loss_label 0.1174  loss_label_0 0.1416  loss_label_1 0.1320  loss_label_2 0.1222  loss_mask_iou 0.0000  loss_mask_iou_0 1.9952  loss_mask_iou_1 1.9426  loss_mask_iou_2 1.9397  loss_overall 13.3155  loss_query_cgp_bind 0.0000  loss_query_cgp_route -0.0212  loss_saliency 3.0437  loss_span 0.3046  loss_span_0 0.3550  loss_span_1 0.3152  loss_span_2 0.3099
2026-08-28 20:43:00,690 INFO Generate submissions
2026-08-28 20:43:05,590 INFO Saving/Evaluating before nms results
2026-08-28 20:43:09,936 INFO metrics_no_nms OrderedDict([   ('MR-full-R1@0.5', 66.52),
                ('MR-full-R1@0.7', 50.9),
                ('MR-full-mAP', 44.95),
                ('MR-full-mAP@0.5', 66.54),
                ('MR-full-mAP@0.75', 45.56),
                ('MR-long-mAP', 51.3),
                ('MR-middle-mAP', 47.28),
                ('MR-short-mAP', 10.44),
                ('HL-min-Fair-mAP', 78.16),
                ('HL-min-Fair-Hit1', 80.45),
                ('HL-min-Good-mAP', 67.09),
                ('HL-min-Good-Hit1', 78.45),
                ('HL-min-VeryGood-mAP', 41.21),
                ('HL-min-VeryGood-Hit1', 66.06)])
2026-08-28 20:43:10,295 INFO [Epoch 59]
2026-08-28 20:44:11,291 INFO Epoch[59] class_error 44.1315  class_error_0 57.0697  class_error_1 50.0854  class_error_2 45.3466  loss_giou 0.3619  loss_giou_0 0.4307  loss_giou_1 0.3865  loss_giou_2 0.3716  loss_iou_scores 0.0634  loss_iou_scores_0 0.0612  loss_iou_scores_1 0.0624  loss_iou_scores_2 0.0629  loss_label 0.1176  loss_label_0 0.1411  loss_label_1 0.1322  loss_label_2 0.1225  loss_mask_iou 0.0000  loss_mask_iou_0 1.9935  loss_mask_iou_1 1.9423  loss_mask_iou_2 1.9383  loss_overall 13.3094  loss_query_cgp_bind 0.0000  loss_query_cgp_route -0.0212  loss_saliency 3.0498  loss_span 0.3024  loss_span_0 0.3525  loss_span_1 0.3142  loss_span_2 0.3066
2026-08-28 20:44:11,294 INFO Generate submissions
2026-08-28 20:44:17,225 INFO Saving/Evaluating before nms results
2026-08-28 20:44:21,430 INFO metrics_no_nms OrderedDict([   ('MR-full-R1@0.5', 67.1),
                ('MR-full-R1@0.7', 49.61),
                ('MR-full-mAP', 45.61),
                ('MR-full-mAP@0.5', 67.47),
                ('MR-full-mAP@0.75', 46.26),
                ('MR-long-mAP', 54.53),
                ('MR-middle-mAP', 46.64),
                ('MR-short-mAP', 9.53),
                ('HL-min-Fair-mAP', 77.62),
                ('HL-min-Fair-Hit1', 80.26),
                ('HL-min-Good-mAP', 66.5),
                ('HL-min-Good-Hit1', 78.65),
                ('HL-min-VeryGood-mAP', 40.68),
                ('HL-min-VeryGood-Hit1', 66.19)])
2026-08-28 20:44:21,781 INFO [Epoch 60]
2026-08-28 20:45:23,049 INFO Epoch[60] class_error 43.3309  class_error_0 55.5924  class_error_1 49.5981  class_error_2 44.6323  loss_giou 0.3583  loss_giou_0 0.4284  loss_giou_1 0.3834  loss_giou_2 0.3690  loss_iou_scores 0.0615  loss_iou_scores_0 0.0614  loss_iou_scores_1 0.0605  loss_iou_scores_2 0.0619  loss_label 0.1157  loss_label_0 0.1414  loss_label_1 0.1298  loss_label_2 0.1200  loss_mask_iou 0.0000  loss_mask_iou_0 1.9743  loss_mask_iou_1 1.9407  loss_mask_iou_2 1.9302  loss_overall 13.2209  loss_query_cgp_bind 0.0000  loss_query_cgp_route -0.0212  loss_saliency 3.0381  loss_span 0.2965  loss_span_0 0.3448  loss_span_1 0.3073  loss_span_2 0.3017
2026-08-28 20:45:23,051 INFO Generate submissions
2026-08-28 20:45:29,174 INFO Saving/Evaluating before nms results
2026-08-28 20:45:33,368 INFO metrics_no_nms OrderedDict([   ('MR-full-R1@0.5', 67.29),
                ('MR-full-R1@0.7', 50.71),
                ('MR-full-mAP', 46.05),
                ('MR-full-mAP@0.5', 67.73),
                ('MR-full-mAP@0.75', 47.64),
                ('MR-long-mAP', 54.35),
                ('MR-middle-mAP', 47.65),
                ('MR-short-mAP', 9.49),
                ('HL-min-Fair-mAP', 77.55),
                ('HL-min-Fair-Hit1', 79.68),
                ('HL-min-Good-mAP', 66.41),
                ('HL-min-Good-Hit1', 77.68),
                ('HL-min-VeryGood-mAP', 40.79),
                ('HL-min-VeryGood-Hit1', 65.61)])
2026-08-28 20:45:33,708 INFO [Epoch 61]
2026-08-28 20:46:33,821 INFO Epoch[61] class_error 42.4092  class_error_0 59.0678  class_error_1 48.3038  class_error_2 42.9671  loss_giou 0.3572  loss_giou_0 0.4237  loss_giou_1 0.3808  loss_giou_2 0.3675  loss_iou_scores 0.0600  loss_iou_scores_0 0.0608  loss_iou_scores_1 0.0598  loss_iou_scores_2 0.0598  loss_label 0.1146  loss_label_0 0.1398  loss_label_1 0.1281  loss_label_2 0.1186  loss_mask_iou 0.0000  loss_mask_iou_0 1.9536  loss_mask_iou_1 1.9169  loss_mask_iou_2 1.9095  loss_overall 13.1035  loss_query_cgp_bind 0.0000  loss_query_cgp_route -0.0212  loss_saliency 3.0373  loss_span 0.2885  loss_span_0 0.3385  loss_span_1 0.3028  loss_span_2 0.2964
2026-08-28 20:46:33,824 INFO Generate submissions
2026-08-28 20:46:39,492 INFO Saving/Evaluating before nms results
2026-08-28 20:46:43,962 INFO metrics_no_nms OrderedDict([   ('MR-full-R1@0.5', 66.71),
                ('MR-full-R1@0.7', 51.35),
                ('MR-full-mAP', 46.12),
                ('MR-full-mAP@0.5', 66.7),
                ('MR-full-mAP@0.75', 48.0),
                ('MR-long-mAP', 54.0),
                ('MR-middle-mAP', 47.76),
                ('MR-short-mAP', 10.45),
                ('HL-min-Fair-mAP', 77.16),
                ('HL-min-Fair-Hit1', 79.48),
                ('HL-min-Good-mAP', 65.98),
                ('HL-min-Good-Hit1', 77.68),
                ('HL-min-VeryGood-mAP', 40.4),
                ('HL-min-VeryGood-Hit1', 64.52)])
2026-08-28 20:46:44,317 INFO [Epoch 62]
2026-08-28 20:47:44,909 INFO Epoch[62] class_error 43.2850  class_error_0 58.9140  class_error_1 49.1075  class_error_2 44.3096  loss_giou 0.3546  loss_giou_0 0.4265  loss_giou_1 0.3779  loss_giou_2 0.3677  loss_iou_scores 0.0624  loss_iou_scores_0 0.0617  loss_iou_scores_1 0.0619  loss_iou_scores_2 0.0616  loss_label 0.1163  loss_label_0 0.1425  loss_label_1 0.1305  loss_label_2 0.1208  loss_mask_iou 0.0000  loss_mask_iou_0 1.9419  loss_mask_iou_1 1.9020  loss_mask_iou_2 1.8887  loss_overall 13.0621  loss_query_cgp_bind 0.0000  loss_query_cgp_route -0.0212  loss_saliency 3.0327  loss_span 0.2882  loss_span_0 0.3384  loss_span_1 0.3005  loss_span_2 0.2959
2026-08-28 20:47:44,912 INFO Generate submissions
2026-08-28 20:47:50,124 INFO Saving/Evaluating before nms results
2026-08-28 20:47:54,311 INFO metrics_no_nms OrderedDict([   ('MR-full-R1@0.5', 65.87),
                ('MR-full-R1@0.7', 49.87),
                ('MR-full-mAP', 45.57),
                ('MR-full-mAP@0.5', 66.34),
                ('MR-full-mAP@0.75', 46.7),
                ('MR-long-mAP', 54.97),
                ('MR-middle-mAP', 46.27),
                ('MR-short-mAP', 9.66),
                ('HL-min-Fair-mAP', 76.35),
                ('HL-min-Fair-Hit1', 77.87),
                ('HL-min-Good-mAP', 65.42),
                ('HL-min-Good-Hit1', 75.81),
                ('HL-min-VeryGood-mAP', 40.26),
                ('HL-min-VeryGood-Hit1', 63.87)])
2026-08-28 20:47:54,674 INFO [Epoch 63]
2026-08-28 20:48:56,262 INFO Epoch[63] class_error 41.0669  class_error_0 54.6999  class_error_1 47.2731  class_error_2 42.7813  loss_giou 0.3523  loss_giou_0 0.4229  loss_giou_1 0.3767  loss_giou_2 0.3637  loss_iou_scores 0.0625  loss_iou_scores_0 0.0605  loss_iou_scores_1 0.0614  loss_iou_scores_2 0.0617  loss_label 0.1147  loss_label_0 0.1396  loss_label_1 0.1294  loss_label_2 0.1197  loss_mask_iou 0.0000  loss_mask_iou_0 1.9380  loss_mask_iou_1 1.8950  loss_mask_iou_2 1.8838  loss_overall 13.0305  loss_query_cgp_bind 0.0000  loss_query_cgp_route -0.0212  loss_saliency 3.0284  loss_span 0.2892  loss_span_0 0.3384  loss_span_1 0.3031  loss_span_2 0.2956
2026-08-28 20:48:56,264 INFO Generate submissions
2026-08-28 20:49:02,022 INFO Saving/Evaluating before nms results
2026-08-28 20:49:06,103 INFO metrics_no_nms OrderedDict([   ('MR-full-R1@0.5', 66.71),
                ('MR-full-R1@0.7', 52.0),
                ('MR-full-mAP', 46.32),
                ('MR-full-mAP@0.5', 67.33),
                ('MR-full-mAP@0.75', 48.43),
                ('MR-long-mAP', 53.78),
                ('MR-middle-mAP', 48.08),
                ('MR-short-mAP', 10.56),
                ('HL-min-Fair-mAP', 77.22),
                ('HL-min-Fair-Hit1', 79.55),
                ('HL-min-Good-mAP', 66.31),
                ('HL-min-Good-Hit1', 77.55),
                ('HL-min-VeryGood-mAP', 40.88),
                ('HL-min-VeryGood-Hit1', 66.52)])
2026-08-28 20:49:06,438 INFO [Epoch 64]
2026-08-28 20:50:07,427 INFO Epoch[64] class_error 42.6398  class_error_0 57.3680  class_error_1 47.8480  class_error_2 43.4429  loss_giou 0.3536  loss_giou_0 0.4230  loss_giou_1 0.3775  loss_giou_2 0.3653  loss_iou_scores 0.0613  loss_iou_scores_0 0.0606  loss_iou_scores_1 0.0604  loss_iou_scores_2 0.0604  loss_label 0.1139  loss_label_0 0.1400  loss_label_1 0.1270  loss_label_2 0.1180  loss_mask_iou 0.0000  loss_mask_iou_0 1.9348  loss_mask_iou_1 1.8966  loss_mask_iou_2 1.8913  loss_overall 13.0243  loss_query_cgp_bind 0.0000  loss_query_cgp_route -0.0211  loss_saliency 3.0247  loss_span 0.2892  loss_span_0 0.3361  loss_span_1 0.3013  loss_span_2 0.2958
2026-08-28 20:50:07,430 INFO Generate submissions
2026-08-28 20:50:13,169 INFO Saving/Evaluating before nms results
2026-08-28 20:50:17,781 INFO metrics_no_nms OrderedDict([   ('MR-full-R1@0.5', 66.39),
                ('MR-full-R1@0.7', 50.97),
                ('MR-full-mAP', 46.72),
                ('MR-full-mAP@0.5', 67.22),
                ('MR-full-mAP@0.75', 47.99),
                ('MR-long-mAP', 53.39),
                ('MR-middle-mAP', 49.1),
                ('MR-short-mAP', 10.37),
                ('HL-min-Fair-mAP', 77.75),
                ('HL-min-Fair-Hit1', 79.87),
                ('HL-min-Good-mAP', 66.5),
                ('HL-min-Good-Hit1', 78.06),
                ('HL-min-VeryGood-mAP', 40.65),
                ('HL-min-VeryGood-Hit1', 66.13)])
2026-08-28 20:50:18,103 INFO [Best] epoch 64, MR-full-mAP 46.7200
2026-08-28 20:50:18,390 INFO [Epoch 65]
2026-08-28 20:51:17,819 INFO Epoch[65] class_error 42.3411  class_error_0 54.9757  class_error_1 47.9675  class_error_2 43.1625  loss_giou 0.3529  loss_giou_0 0.4241  loss_giou_1 0.3760  loss_giou_2 0.3643  loss_iou_scores 0.0616  loss_iou_scores_0 0.0614  loss_iou_scores_1 0.0598  loss_iou_scores_2 0.0619  loss_label 0.1141  loss_label_0 0.1372  loss_label_1 0.1278  loss_label_2 0.1181  loss_mask_iou 0.0000  loss_mask_iou_0 1.9416  loss_mask_iou_1 1.8877  loss_mask_iou_2 1.8811  loss_overall 13.0091  loss_query_cgp_bind 0.0000  loss_query_cgp_route -0.0212  loss_saliency 3.0313  loss_span 0.2865  loss_span_0 0.3390  loss_span_1 0.2992  loss_span_2 0.2937
2026-08-28 20:51:17,821 INFO Generate submissions
2026-08-28 20:51:23,053 INFO Saving/Evaluating before nms results
2026-08-28 20:51:27,397 INFO metrics_no_nms OrderedDict([   ('MR-full-R1@0.5', 66.65),
                ('MR-full-R1@0.7', 51.87),
                ('MR-full-mAP', 46.99),
                ('MR-full-mAP@0.5', 66.99),
                ('MR-full-mAP@0.75', 48.52),
                ('MR-long-mAP', 54.85),
                ('MR-middle-mAP', 48.83),
                ('MR-short-mAP', 9.67),
                ('HL-min-Fair-mAP', 77.43),
                ('HL-min-Fair-Hit1', 79.23),
                ('HL-min-Good-mAP', 66.03),
                ('HL-min-Good-Hit1', 77.42),
                ('HL-min-VeryGood-mAP', 40.3),
                ('HL-min-VeryGood-Hit1', 64.77)])
2026-08-28 20:51:27,702 INFO [Best] epoch 65, MR-full-mAP 46.9900
2026-08-28 20:51:27,998 INFO [Epoch 66]
2026-08-28 20:52:28,344 INFO Epoch[66] class_error 41.9285  class_error_0 55.3340  class_error_1 48.6677  class_error_2 43.6690  loss_giou 0.3478  loss_giou_0 0.4182  loss_giou_1 0.3705  loss_giou_2 0.3587  loss_iou_scores 0.0633  loss_iou_scores_0 0.0622  loss_iou_scores_1 0.0621  loss_iou_scores_2 0.0629  loss_label 0.1148  loss_label_0 0.1395  loss_label_1 0.1289  loss_label_2 0.1200  loss_mask_iou 0.0000  loss_mask_iou_0 1.9131  loss_mask_iou_1 1.8601  loss_mask_iou_2 1.8546  loss_overall 12.8780  loss_query_cgp_bind 0.0000  loss_query_cgp_route -0.0212  loss_saliency 3.0206  loss_span 0.2803  loss_span_0 0.3323  loss_span_1 0.2929  loss_span_2 0.2851
2026-08-28 20:52:28,346 INFO Generate submissions
2026-08-28 20:52:34,200 INFO Saving/Evaluating before nms results
2026-08-28 20:52:38,353 INFO metrics_no_nms OrderedDict([   ('MR-full-R1@0.5', 67.81),
                ('MR-full-R1@0.7', 51.94),
                ('MR-full-mAP', 46.47),
                ('MR-full-mAP@0.5', 67.35),
                ('MR-full-mAP@0.75', 48.21),
                ('MR-long-mAP', 53.73),
                ('MR-middle-mAP', 49.52),
                ('MR-short-mAP', 9.45),
                ('HL-min-Fair-mAP', 77.64),
                ('HL-min-Fair-Hit1', 79.48),
                ('HL-min-Good-mAP', 66.57),
                ('HL-min-Good-Hit1', 77.87),
                ('HL-min-VeryGood-mAP', 40.87),
                ('HL-min-VeryGood-Hit1', 65.23)])
2026-08-28 20:52:38,665 INFO [Epoch 67]
2026-08-28 20:53:38,841 INFO Epoch[67] class_error 42.2233  class_error_0 53.7659  class_error_1 47.6148  class_error_2 43.1953  loss_giou 0.3468  loss_giou_0 0.4216  loss_giou_1 0.3733  loss_giou_2 0.3583  loss_iou_scores 0.0617  loss_iou_scores_0 0.0594  loss_iou_scores_1 0.0595  loss_iou_scores_2 0.0614  loss_label 0.1138  loss_label_0 0.1376  loss_label_1 0.1275  loss_label_2 0.1181  loss_mask_iou 0.0000  loss_mask_iou_0 1.9141  loss_mask_iou_1 1.8667  loss_mask_iou_2 1.8575  loss_overall 12.8819  loss_query_cgp_bind 0.0000  loss_query_cgp_route -0.0212  loss_saliency 3.0261  loss_span 0.2795  loss_span_0 0.3315  loss_span_1 0.2922  loss_span_2 0.2855
2026-08-28 20:53:38,844 INFO Generate submissions
2026-08-28 20:53:44,131 INFO Saving/Evaluating before nms results
2026-08-28 20:53:48,448 INFO metrics_no_nms OrderedDict([   ('MR-full-R1@0.5', 68.19),
                ('MR-full-R1@0.7', 53.23),
                ('MR-full-mAP', 46.87),
                ('MR-full-mAP@0.5', 68.11),
                ('MR-full-mAP@0.75', 49.09),
                ('MR-long-mAP', 56.01),
                ('MR-middle-mAP', 47.61),
                ('MR-short-mAP', 10.56),
                ('HL-min-Fair-mAP', 77.87),
                ('HL-min-Fair-Hit1', 80.45),
                ('HL-min-Good-mAP', 66.89),
                ('HL-min-Good-Hit1', 78.9),
                ('HL-min-VeryGood-mAP', 41.13),
                ('HL-min-VeryGood-Hit1', 67.74)])
2026-08-28 20:53:48,818 INFO [Epoch 68]
2026-08-28 20:54:50,105 INFO Epoch[68] class_error 40.7785  class_error_0 53.5025  class_error_1 46.6316  class_error_2 42.3713  loss_giou 0.3460  loss_giou_0 0.4167  loss_giou_1 0.3699  loss_giou_2 0.3566  loss_iou_scores 0.0601  loss_iou_scores_0 0.0599  loss_iou_scores_1 0.0594  loss_iou_scores_2 0.0597  loss_label 0.1122  loss_label_0 0.1374  loss_label_1 0.1261  loss_label_2 0.1166  loss_mask_iou 0.0000  loss_mask_iou_0 1.8921  loss_mask_iou_1 1.8487  loss_mask_iou_2 1.8419  loss_overall 12.7757  loss_query_cgp_bind 0.0000  loss_query_cgp_route -0.0213  loss_saliency 3.0174  loss_span 0.2746  loss_span_0 0.3289  loss_span_1 0.2888  loss_span_2 0.2813
2026-08-28 20:54:50,108 INFO Generate submissions
2026-08-28 20:54:55,687 INFO Saving/Evaluating before nms results
2026-08-28 20:55:00,124 INFO metrics_no_nms OrderedDict([   ('MR-full-R1@0.5', 67.61),
                ('MR-full-R1@0.7', 51.29),
                ('MR-full-mAP', 46.36),
                ('MR-full-mAP@0.5', 67.53),
                ('MR-full-mAP@0.75', 47.44),
                ('MR-long-mAP', 52.09),
                ('MR-middle-mAP', 49.37),
                ('MR-short-mAP', 10.68),
                ('HL-min-Fair-mAP', 77.6),
                ('HL-min-Fair-Hit1', 80.13),
                ('HL-min-Good-mAP', 66.42),
                ('HL-min-Good-Hit1', 78.13),
                ('HL-min-VeryGood-mAP', 40.57),
                ('HL-min-VeryGood-Hit1', 65.87)])
2026-08-28 20:55:00,428 INFO [Epoch 69]
2026-08-28 20:56:00,109 INFO Epoch[69] class_error 41.5480  class_error_0 53.2161  class_error_1 47.1794  class_error_2 42.7418  loss_giou 0.3484  loss_giou_0 0.4194  loss_giou_1 0.3700  loss_giou_2 0.3563  loss_iou_scores 0.0612  loss_iou_scores_0 0.0595  loss_iou_scores_1 0.0608  loss_iou_scores_2 0.0608  loss_label 0.1132  loss_label_0 0.1374  loss_label_1 0.1277  loss_label_2 0.1179  loss_mask_iou 0.0000  loss_mask_iou_0 1.8917  loss_mask_iou_1 1.8404  loss_mask_iou_2 1.8392  loss_overall 12.7948  loss_query_cgp_bind 0.0000  loss_query_cgp_route -0.0213  loss_saliency 3.0198  loss_span 0.2801  loss_span_0 0.3276  loss_span_1 0.2909  loss_span_2 0.2853
2026-08-28 20:56:00,112 INFO Generate submissions
2026-08-28 20:56:05,535 INFO Saving/Evaluating before nms results
2026-08-28 20:56:09,512 INFO metrics_no_nms OrderedDict([   ('MR-full-R1@0.5', 65.61),
                ('MR-full-R1@0.7', 47.68),
                ('MR-full-mAP', 45.36),
                ('MR-full-mAP@0.5', 66.4),
                ('MR-full-mAP@0.75', 45.91),
                ('MR-long-mAP', 56.89),
                ('MR-middle-mAP', 44.81),
                ('MR-short-mAP', 8.54),
                ('HL-min-Fair-mAP', 77.0),
                ('HL-min-Fair-Hit1', 79.23),
                ('HL-min-Good-mAP', 65.88),
                ('HL-min-Good-Hit1', 77.35),
                ('HL-min-VeryGood-mAP', 40.39),
                ('HL-min-VeryGood-Hit1', 64.65)])
2026-08-28 20:56:09,830 INFO [Epoch 70]
2026-08-28 20:57:10,335 INFO Epoch[70] class_error 40.4897  class_error_0 52.9002  class_error_1 46.6005  class_error_2 41.9475  loss_giou 0.3461  loss_giou_0 0.4186  loss_giou_1 0.3693  loss_giou_2 0.3563  loss_iou_scores 0.0613  loss_iou_scores_0 0.0600  loss_iou_scores_1 0.0608  loss_iou_scores_2 0.0612  loss_label 0.1118  loss_label_0 0.1360  loss_label_1 0.1258  loss_label_2 0.1163  loss_mask_iou 0.0000  loss_mask_iou_0 1.8856  loss_mask_iou_1 1.8472  loss_mask_iou_2 1.8420  loss_overall 12.7739  loss_query_cgp_bind 0.0000  loss_query_cgp_route -0.0213  loss_saliency 3.0118  loss_span 0.2780  loss_span_0 0.3292  loss_span_1 0.2900  loss_span_2 0.2830
2026-08-28 20:57:10,337 INFO Generate submissions
2026-08-28 20:57:16,142 INFO Saving/Evaluating before nms results
2026-08-28 20:57:20,150 INFO metrics_no_nms OrderedDict([   ('MR-full-R1@0.5', 67.23),
                ('MR-full-R1@0.7', 51.61),
                ('MR-full-mAP', 46.2),
                ('MR-full-mAP@0.5', 67.03),
                ('MR-full-mAP@0.75', 47.87),
                ('MR-long-mAP', 51.69),
                ('MR-middle-mAP', 48.67),
                ('MR-short-mAP', 10.86),
                ('HL-min-Fair-mAP', 78.31),
                ('HL-min-Fair-Hit1', 81.42),
                ('HL-min-Good-mAP', 66.89),
                ('HL-min-Good-Hit1', 79.35),
                ('HL-min-VeryGood-mAP', 40.83),
                ('HL-min-VeryGood-Hit1', 67.42)])
2026-08-28 20:57:20,508 INFO [Epoch 71]
2026-08-28 20:58:20,714 INFO Epoch[71] class_error 39.6598  class_error_0 52.0405  class_error_1 45.1675  class_error_2 40.7881  loss_giou 0.3447  loss_giou_0 0.4191  loss_giou_1 0.3683  loss_giou_2 0.3546  loss_iou_scores 0.0588  loss_iou_scores_0 0.0588  loss_iou_scores_1 0.0586  loss_iou_scores_2 0.0589  loss_label 0.1097  loss_label_0 0.1341  loss_label_1 0.1228  loss_label_2 0.1137  loss_mask_iou 0.0000  loss_mask_iou_0 1.8868  loss_mask_iou_1 1.8343  loss_mask_iou_2 1.8338  loss_overall 12.7290  loss_query_cgp_bind 0.0000  loss_query_cgp_route -0.0213  loss_saliency 3.0144  loss_span 0.2766  loss_span_0 0.3284  loss_span_1 0.2886  loss_span_2 0.2820
2026-08-28 20:58:20,717 INFO Generate submissions
2026-08-28 20:58:26,306 INFO Saving/Evaluating before nms results
2026-08-28 20:58:30,776 INFO metrics_no_nms OrderedDict([   ('MR-full-R1@0.5', 66.58),
                ('MR-full-R1@0.7', 51.61),
                ('MR-full-mAP', 46.54),
                ('MR-full-mAP@0.5', 67.12),
                ('MR-full-mAP@0.75', 48.45),
                ('MR-long-mAP', 53.37),
                ('MR-middle-mAP', 48.78),
                ('MR-short-mAP', 10.46),
                ('HL-min-Fair-mAP', 77.67),
                ('HL-min-Fair-Hit1', 80.26),
                ('HL-min-Good-mAP', 66.46),
                ('HL-min-Good-Hit1', 78.32),
                ('HL-min-VeryGood-mAP', 40.73),
                ('HL-min-VeryGood-Hit1', 66.52)])
2026-08-28 20:58:31,121 INFO [Epoch 72]
2026-08-28 20:59:31,573 INFO Epoch[72] class_error 40.2436  class_error_0 52.2079  class_error_1 45.1870  class_error_2 40.8123  loss_giou 0.3400  loss_giou_0 0.4133  loss_giou_1 0.3646  loss_giou_2 0.3507  loss_iou_scores 0.0602  loss_iou_scores_0 0.0601  loss_iou_scores_1 0.0595  loss_iou_scores_2 0.0598  loss_label 0.1109  loss_label_0 0.1347  loss_label_1 0.1229  loss_label_2 0.1145  loss_mask_iou 0.0000  loss_mask_iou_0 1.8619  loss_mask_iou_1 1.8221  loss_mask_iou_2 1.8118  loss_overall 12.6222  loss_query_cgp_bind 0.0000  loss_query_cgp_route -0.0214  loss_saliency 2.9997  loss_span 0.2721  loss_span_0 0.3227  loss_span_1 0.2851  loss_span_2 0.2777
2026-08-28 20:59:31,576 INFO Generate submissions
2026-08-28 20:59:36,523 INFO Saving/Evaluating before nms results
2026-08-28 20:59:41,976 INFO metrics_no_nms OrderedDict([   ('MR-full-R1@0.5', 67.1),
                ('MR-full-R1@0.7', 50.65),
                ('MR-full-mAP', 46.37),
                ('MR-full-mAP@0.5', 67.49),
                ('MR-full-mAP@0.75', 47.37),
                ('MR-long-mAP', 53.42),
                ('MR-middle-mAP', 47.77),
                ('MR-short-mAP', 11.63),
                ('HL-min-Fair-mAP', 77.98),
                ('HL-min-Fair-Hit1', 80.77),
                ('HL-min-Good-mAP', 66.72),
                ('HL-min-Good-Hit1', 78.77),
                ('HL-min-VeryGood-mAP', 40.79),
                ('HL-min-VeryGood-Hit1', 66.52)])
2026-08-28 20:59:42,886 INFO [Epoch 73]
2026-08-28 21:00:42,994 INFO Epoch[73] class_error 39.8304  class_error_0 50.3466  class_error_1 43.8188  class_error_2 40.5059  loss_giou 0.3377  loss_giou_0 0.4138  loss_giou_1 0.3632  loss_giou_2 0.3496  loss_iou_scores 0.0610  loss_iou_scores_0 0.0589  loss_iou_scores_1 0.0586  loss_iou_scores_2 0.0592  loss_label 0.1099  loss_label_0 0.1329  loss_label_1 0.1226  loss_label_2 0.1140  loss_mask_iou 0.0000  loss_mask_iou_0 1.8507  loss_mask_iou_1 1.8027  loss_mask_iou_2 1.7942  loss_overall 12.5613  loss_query_cgp_bind 0.0000  loss_query_cgp_route -0.0213  loss_saliency 3.0083  loss_span 0.2677  loss_span_0 0.3224  loss_span_1 0.2818  loss_span_2 0.2739
2026-08-28 21:00:42,996 INFO Generate submissions
2026-08-28 21:00:50,442 INFO Saving/Evaluating before nms results
2026-08-28 21:00:54,359 INFO metrics_no_nms OrderedDict([   ('MR-full-R1@0.5', 65.55),
                ('MR-full-R1@0.7', 50.13),
                ('MR-full-mAP', 46.89),
                ('MR-full-mAP@0.5', 67.15),
                ('MR-full-mAP@0.75', 47.67),
                ('MR-long-mAP', 55.24),
                ('MR-middle-mAP', 48.41),
                ('MR-short-mAP', 9.39),
                ('HL-min-Fair-mAP', 76.89),
                ('HL-min-Fair-Hit1', 79.16),
                ('HL-min-Good-mAP', 65.84),
                ('HL-min-Good-Hit1', 77.48),
                ('HL-min-VeryGood-mAP', 40.34),
                ('HL-min-VeryGood-Hit1', 64.9)])
2026-08-28 21:00:54,687 INFO [Epoch 74]
2026-08-28 21:01:55,341 INFO Epoch[74] class_error 39.8204  class_error_0 51.1513  class_error_1 44.4686  class_error_2 41.7586  loss_giou 0.3358  loss_giou_0 0.4146  loss_giou_1 0.3623  loss_giou_2 0.3488  loss_iou_scores 0.0597  loss_iou_scores_0 0.0592  loss_iou_scores_1 0.0601  loss_iou_scores_2 0.0596  loss_label 0.1093  loss_label_0 0.1328  loss_label_1 0.1225  loss_label_2 0.1136  loss_mask_iou 0.0000  loss_mask_iou_0 1.8570  loss_mask_iou_1 1.8102  loss_mask_iou_2 1.7977  loss_overall 12.5761  loss_query_cgp_bind 0.0000  loss_query_cgp_route -0.0213  loss_saliency 3.0103  loss_span 0.2684  loss_span_0 0.3213  loss_span_1 0.2842  loss_span_2 0.2745
2026-08-28 21:01:55,343 INFO Generate submissions
2026-08-28 21:02:00,594 INFO Saving/Evaluating before nms results
2026-08-28 21:02:05,124 INFO metrics_no_nms OrderedDict([   ('MR-full-R1@0.5', 66.77),
                ('MR-full-R1@0.7', 50.0),
                ('MR-full-mAP', 46.4),
                ('MR-full-mAP@0.5', 67.47),
                ('MR-full-mAP@0.75', 47.35),
                ('MR-long-mAP', 55.3),
                ('MR-middle-mAP', 47.69),
                ('MR-short-mAP', 9.01),
                ('HL-min-Fair-mAP', 77.89),
                ('HL-min-Fair-Hit1', 80.45),
                ('HL-min-Good-mAP', 66.41),
                ('HL-min-Good-Hit1', 78.52),
                ('HL-min-VeryGood-mAP', 40.56),
                ('HL-min-VeryGood-Hit1', 65.42)])
2026-08-28 21:02:05,419 INFO [Epoch 75]
2026-08-28 21:03:05,744 INFO Epoch[75] class_error 39.1378  class_error_0 51.3120  class_error_1 43.8579  class_error_2 40.6316  loss_giou 0.3374  loss_giou_0 0.4086  loss_giou_1 0.3615  loss_giou_2 0.3476  loss_iou_scores 0.0604  loss_iou_scores_0 0.0594  loss_iou_scores_1 0.0601  loss_iou_scores_2 0.0606  loss_label 0.1087  loss_label_0 0.1329  loss_label_1 0.1219  loss_label_2 0.1133  loss_mask_iou 0.0000  loss_mask_iou_0 1.8392  loss_mask_iou_1 1.7934  loss_mask_iou_2 1.7864  loss_overall 12.5026  loss_query_cgp_bind 0.0000  loss_query_cgp_route -0.0215  loss_saliency 3.0007  loss_span 0.2674  loss_span_0 0.3151  loss_span_1 0.2794  loss_span_2 0.2726
2026-08-28 21:03:05,747 INFO Generate submissions
2026-08-28 21:03:10,929 INFO Saving/Evaluating before nms results
2026-08-28 21:03:15,414 INFO metrics_no_nms OrderedDict([   ('MR-full-R1@0.5', 65.74),
                ('MR-full-R1@0.7', 50.58),
                ('MR-full-mAP', 46.29),
                ('MR-full-mAP@0.5', 66.6),
                ('MR-full-mAP@0.75', 47.67),
                ('MR-long-mAP', 53.48),
                ('MR-middle-mAP', 48.33),
                ('MR-short-mAP', 9.83),
                ('HL-min-Fair-mAP', 77.54),
                ('HL-min-Fair-Hit1', 79.81),
                ('HL-min-Good-mAP', 66.28),
                ('HL-min-Good-Hit1', 78.0),
                ('HL-min-VeryGood-mAP', 40.47),
                ('HL-min-VeryGood-Hit1', 65.23)])
2026-08-28 21:03:15,726 INFO [Epoch 76]
2026-08-28 21:04:16,946 INFO Epoch[76] class_error 40.0388  class_error_0 51.1764  class_error_1 44.4726  class_error_2 40.7135  loss_giou 0.3378  loss_giou_0 0.4157  loss_giou_1 0.3631  loss_giou_2 0.3498  loss_iou_scores 0.0595  loss_iou_scores_0 0.0578  loss_iou_scores_1 0.0586  loss_iou_scores_2 0.0584  loss_label 0.1092  loss_label_0 0.1328  loss_label_1 0.1220  loss_label_2 0.1127  loss_mask_iou 0.0000  loss_mask_iou_0 1.8442  loss_mask_iou_1 1.7995  loss_mask_iou_2 1.7918  loss_overall 12.5342  loss_query_cgp_bind 0.0000  loss_query_cgp_route -0.0219  loss_saliency 2.9943  loss_span 0.2690  loss_span_0 0.3229  loss_span_1 0.2827  loss_span_2 0.2767
2026-08-28 21:04:16,949 INFO Generate submissions
2026-08-28 21:04:22,844 INFO Saving/Evaluating before nms results
2026-08-28 21:04:26,913 INFO metrics_no_nms OrderedDict([   ('MR-full-R1@0.5', 67.48),
                ('MR-full-R1@0.7', 52.77),
                ('MR-full-mAP', 47.02),
                ('MR-full-mAP@0.5', 67.44),
                ('MR-full-mAP@0.75', 48.66),
                ('MR-long-mAP', 55.06),
                ('MR-middle-mAP', 48.95),
                ('MR-short-mAP', 9.53),
                ('HL-min-Fair-mAP', 77.09),
                ('HL-min-Fair-Hit1', 78.97),
                ('HL-min-Good-mAP', 66.23),
                ('HL-min-Good-Hit1', 77.35),
                ('HL-min-VeryGood-mAP', 40.48),
                ('HL-min-VeryGood-Hit1', 65.1)])
2026-08-28 21:04:27,265 INFO [Best] epoch 76, MR-full-mAP 47.0200
2026-08-28 21:04:27,591 INFO [Epoch 77]
2026-08-28 21:05:27,630 INFO Epoch[77] class_error 38.8355  class_error_0 49.7709  class_error_1 44.5530  class_error_2 40.1634  loss_giou 0.3380  loss_giou_0 0.4125  loss_giou_1 0.3626  loss_giou_2 0.3492  loss_iou_scores 0.0591  loss_iou_scores_0 0.0588  loss_iou_scores_1 0.0588  loss_iou_scores_2 0.0596  loss_label 0.1083  loss_label_0 0.1308  loss_label_1 0.1209  loss_label_2 0.1123  loss_mask_iou 0.0000  loss_mask_iou_0 1.8415  loss_mask_iou_1 1.7924  loss_mask_iou_2 1.7824  loss_overall 12.4795  loss_query_cgp_bind 0.0000  loss_query_cgp_route -0.0219  loss_saliency 2.9935  loss_span 0.2618  loss_span_0 0.3151  loss_span_1 0.2774  loss_span_2 0.2687
2026-08-28 21:05:27,633 INFO Generate submissions
2026-08-28 21:05:32,696 INFO Saving/Evaluating before nms results
2026-08-28 21:05:37,242 INFO metrics_no_nms OrderedDict([   ('MR-full-R1@0.5', 66.65),
                ('MR-full-R1@0.7', 51.94),
                ('MR-full-mAP', 46.87),
                ('MR-full-mAP@0.5', 66.84),
                ('MR-full-mAP@0.75', 48.02),
                ('MR-long-mAP', 53.41),
                ('MR-middle-mAP', 49.31),
                ('MR-short-mAP', 10.97),
                ('HL-min-Fair-mAP', 77.66),
                ('HL-min-Fair-Hit1', 80.06),
                ('HL-min-Good-mAP', 66.68),
                ('HL-min-Good-Hit1', 78.45),
                ('HL-min-VeryGood-mAP', 40.89),
                ('HL-min-VeryGood-Hit1', 66.45)])
2026-08-28 21:05:37,563 INFO [Epoch 78]
2026-08-28 21:06:38,189 INFO Epoch[78] class_error 39.2020  class_error_0 48.3768  class_error_1 44.4186  class_error_2 40.4072  loss_giou 0.3301  loss_giou_0 0.4064  loss_giou_1 0.3564  loss_giou_2 0.3424  loss_iou_scores 0.0593  loss_iou_scores_0 0.0581  loss_iou_scores_1 0.0579  loss_iou_scores_2 0.0591  loss_label 0.1084  loss_label_0 0.1299  loss_label_1 0.1205  loss_label_2 0.1127  loss_mask_iou 0.0000  loss_mask_iou_0 1.8081  loss_mask_iou_1 1.7663  loss_mask_iou_2 1.7560  loss_overall 12.3609  loss_query_cgp_bind 0.0000  loss_query_cgp_route -0.0218  loss_saliency 2.9994  loss_span 0.2613  loss_span_0 0.3135  loss_span_1 0.2765  loss_span_2 0.2678
2026-08-28 21:06:38,192 INFO Generate submissions
2026-08-28 21:06:44,325 INFO Saving/Evaluating before nms results
2026-08-28 21:06:48,442 INFO metrics_no_nms OrderedDict([   ('MR-full-R1@0.5', 67.94),
                ('MR-full-R1@0.7', 52.65),
                ('MR-full-mAP', 47.54),
                ('MR-full-mAP@0.5', 67.36),
                ('MR-full-mAP@0.75', 49.4),
                ('MR-long-mAP', 54.55),
                ('MR-middle-mAP', 49.9),
                ('MR-short-mAP', 10.01),
                ('HL-min-Fair-mAP', 77.22),
                ('HL-min-Fair-Hit1', 78.71),
                ('HL-min-Good-mAP', 65.79),
                ('HL-min-Good-Hit1', 76.9),
                ('HL-min-VeryGood-mAP', 40.17),
                ('HL-min-VeryGood-Hit1', 64.52)])
2026-08-28 21:06:48,800 INFO [Best] epoch 78, MR-full-mAP 47.5400
2026-08-28 21:06:49,166 INFO [Epoch 79]
2026-08-28 21:07:50,383 INFO Epoch[79] class_error 37.8327  class_error_0 49.4033  class_error_1 43.4117  class_error_2 39.5030  loss_giou 0.3322  loss_giou_0 0.4095  loss_giou_1 0.3574  loss_giou_2 0.3441  loss_iou_scores 0.0585  loss_iou_scores_0 0.0576  loss_iou_scores_1 0.0579  loss_iou_scores_2 0.0579  loss_label 0.1063  loss_label_0 0.1301  loss_label_1 0.1185  loss_label_2 0.1101  loss_mask_iou 0.0000  loss_mask_iou_0 1.8218  loss_mask_iou_1 1.7733  loss_mask_iou_2 1.7647  loss_overall 12.3726  loss_query_cgp_bind 0.0000  loss_query_cgp_route -0.0218  loss_saliency 2.9884  loss_span 0.2582  loss_span_0 0.3142  loss_span_1 0.2740  loss_span_2 0.2652
2026-08-28 21:07:50,387 INFO Generate submissions
2026-08-28 21:07:56,064 INFO Saving/Evaluating before nms results
2026-08-28 21:08:00,099 INFO metrics_no_nms OrderedDict([   ('MR-full-R1@0.5', 67.87),
                ('MR-full-R1@0.7', 53.03),
                ('MR-full-mAP', 47.43),
                ('MR-full-mAP@0.5', 67.46),
                ('MR-full-mAP@0.75', 48.55),
                ('MR-long-mAP', 55.49),
                ('MR-middle-mAP', 48.97),
                ('MR-short-mAP', 11.46),
                ('HL-min-Fair-mAP', 78.04),
                ('HL-min-Fair-Hit1', 81.1),
                ('HL-min-Good-mAP', 66.8),
                ('HL-min-Good-Hit1', 79.35),
                ('HL-min-VeryGood-mAP', 40.89),
                ('HL-min-VeryGood-Hit1', 66.97)])
2026-08-28 21:08:00,420 INFO [Epoch 80]
2026-08-28 21:09:00,090 INFO Epoch[80] class_error 37.9258  class_error_0 49.0440  class_error_1 43.4705  class_error_2 39.5729  loss_giou 0.3317  loss_giou_0 0.4107  loss_giou_1 0.3561  loss_giou_2 0.3433  loss_iou_scores 0.0592  loss_iou_scores_0 0.0589  loss_iou_scores_1 0.0582  loss_iou_scores_2 0.0587  loss_label 0.1068  loss_label_0 0.1310  loss_label_1 0.1210  loss_label_2 0.1112  loss_mask_iou 0.0000  loss_mask_iou_0 1.8235  loss_mask_iou_1 1.7688  loss_mask_iou_2 1.7587  loss_overall 12.3861  loss_query_cgp_bind 0.0000  loss_query_cgp_route -0.0219  loss_saliency 2.9889  loss_span 0.2637  loss_span_0 0.3162  loss_span_1 0.2768  loss_span_2 0.2721
2026-08-28 21:09:00,092 INFO Generate submissions
2026-08-28 21:09:05,805 INFO Saving/Evaluating before nms results
2026-08-28 21:09:10,024 INFO metrics_no_nms OrderedDict([   ('MR-full-R1@0.5', 66.97),
                ('MR-full-R1@0.7', 51.61),
                ('MR-full-mAP', 46.85),
                ('MR-full-mAP@0.5', 66.89),
                ('MR-full-mAP@0.75', 48.02),
                ('MR-long-mAP', 55.06),
                ('MR-middle-mAP', 48.36),
                ('MR-short-mAP', 10.64),
                ('HL-min-Fair-mAP', 77.51),
                ('HL-min-Fair-Hit1', 80.19),
                ('HL-min-Good-mAP', 66.43),
                ('HL-min-Good-Hit1', 78.45),
                ('HL-min-VeryGood-mAP', 40.44),
                ('HL-min-VeryGood-Hit1', 65.29)])
2026-08-28 21:09:10,404 INFO [Epoch 81]
2026-08-28 21:10:10,832 INFO Epoch[81] class_error 36.7413  class_error_0 48.2894  class_error_1 41.7061  class_error_2 38.0892  loss_giou 0.3274  loss_giou_0 0.4039  loss_giou_1 0.3526  loss_giou_2 0.3387  loss_iou_scores 0.0590  loss_iou_scores_0 0.0585  loss_iou_scores_1 0.0584  loss_iou_scores_2 0.0586  loss_label 0.1045  loss_label_0 0.1285  loss_label_1 0.1185  loss_label_2 0.1094  loss_mask_iou 0.0000  loss_mask_iou_0 1.8086  loss_mask_iou_1 1.7577  loss_mask_iou_2 1.7529  loss_overall 12.3063  loss_query_cgp_bind 0.0000  loss_query_cgp_route -0.0219  loss_saliency 2.9870  loss_span 0.2598  loss_span_0 0.3125  loss_span_1 0.2709  loss_span_2 0.2653
2026-08-28 21:10:10,834 INFO Generate submissions
2026-08-28 21:10:16,360 INFO Saving/Evaluating before nms results
2026-08-28 21:10:20,525 INFO metrics_no_nms OrderedDict([   ('MR-full-R1@0.5', 65.68),
                ('MR-full-R1@0.7', 50.65),
                ('MR-full-mAP', 46.42),
                ('MR-full-mAP@0.5', 66.88),
                ('MR-full-mAP@0.75', 47.13),
                ('MR-long-mAP', 56.02),
                ('MR-middle-mAP', 46.69),
                ('MR-short-mAP', 9.7),
                ('HL-min-Fair-mAP', 77.2),
                ('HL-min-Fair-Hit1', 78.71),
                ('HL-min-Good-mAP', 66.05),
                ('HL-min-Good-Hit1', 77.16),
                ('HL-min-VeryGood-mAP', 40.46),
                ('HL-min-VeryGood-Hit1', 64.97)])
2026-08-28 21:10:20,940 INFO [Epoch 82]
2026-08-28 21:11:20,981 INFO Epoch[82] class_error 38.5035  class_error_0 48.8287  class_error_1 43.1911  class_error_2 39.3912  loss_giou 0.3275  loss_giou_0 0.4059  loss_giou_1 0.3518  loss_giou_2 0.3393  loss_iou_scores 0.0578  loss_iou_scores_0 0.0569  loss_iou_scores_1 0.0577  loss_iou_scores_2 0.0582  loss_label 0.1060  loss_label_0 0.1279  loss_label_1 0.1179  loss_label_2 0.1098  loss_mask_iou 0.0000  loss_mask_iou_0 1.7974  loss_mask_iou_1 1.7491  loss_mask_iou_2 1.7395  loss_overall 12.2581  loss_query_cgp_bind 0.0000  loss_query_cgp_route -0.0219  loss_saliency 2.9786  loss_span 0.2584  loss_span_0 0.3108  loss_span_1 0.2720  loss_span_2 0.2647
2026-08-28 21:11:20,984 INFO Generate submissions
2026-08-28 21:11:26,214 INFO Saving/Evaluating before nms results
2026-08-28 21:11:30,269 INFO metrics_no_nms OrderedDict([   ('MR-full-R1@0.5', 67.87),
                ('MR-full-R1@0.7', 53.35),
                ('MR-full-mAP', 46.7),
                ('MR-full-mAP@0.5', 67.63),
                ('MR-full-mAP@0.75', 48.71),
                ('MR-long-mAP', 54.84),
                ('MR-middle-mAP', 48.75),
                ('MR-short-mAP', 9.66),
                ('HL-min-Fair-mAP', 77.94),
                ('HL-min-Fair-Hit1', 78.77),
                ('HL-min-Good-mAP', 66.56),
                ('HL-min-Good-Hit1', 77.23),
                ('HL-min-VeryGood-mAP', 40.8),
                ('HL-min-VeryGood-Hit1', 64.9)])
2026-08-28 21:11:30,754 INFO [Epoch 83]
2026-08-28 21:12:31,645 INFO Epoch[83] class_error 38.1285  class_error_0 49.0311  class_error_1 43.3284  class_error_2 39.4415  loss_giou 0.3248  loss_giou_0 0.4057  loss_giou_1 0.3530  loss_giou_2 0.3372  loss_iou_scores 0.0611  loss_iou_scores_0 0.0581  loss_iou_scores_1 0.0598  loss_iou_scores_2 0.0614  loss_label 0.1066  loss_label_0 0.1287  loss_label_1 0.1183  loss_label_2 0.1104  loss_mask_iou 0.0000  loss_mask_iou_0 1.7819  loss_mask_iou_1 1.7412  loss_mask_iou_2 1.7321  loss_overall 12.2253  loss_query_cgp_bind 0.0000  loss_query_cgp_route -0.0219  loss_saliency 2.9837  loss_span 0.2543  loss_span_0 0.3067  loss_span_1 0.2691  loss_span_2 0.2620
2026-08-28 21:12:31,647 INFO Generate submissions
2026-08-28 21:12:38,032 INFO Saving/Evaluating before nms results
2026-08-28 21:12:42,623 INFO metrics_no_nms OrderedDict([   ('MR-full-R1@0.5', 66.77),
                ('MR-full-R1@0.7', 52.32),
                ('MR-full-mAP', 47.05),
                ('MR-full-mAP@0.5', 67.19),
                ('MR-full-mAP@0.75', 49.19),
                ('MR-long-mAP', 55.02),
                ('MR-middle-mAP', 48.68),
                ('MR-short-mAP', 10.43),
                ('HL-min-Fair-mAP', 77.66),
                ('HL-min-Fair-Hit1', 80.32),
                ('HL-min-Good-mAP', 66.46),
                ('HL-min-Good-Hit1', 78.65),
                ('HL-min-VeryGood-mAP', 40.59),
                ('HL-min-VeryGood-Hit1', 65.87)])
2026-08-28 21:12:43,111 INFO [Epoch 84]
2026-08-28 21:13:43,660 INFO Epoch[84] class_error 36.2249  class_error_0 46.0798  class_error_1 41.9566  class_error_2 38.1901  loss_giou 0.3296  loss_giou_0 0.4057  loss_giou_1 0.3542  loss_giou_2 0.3407  loss_iou_scores 0.0591  loss_iou_scores_0 0.0577  loss_iou_scores_1 0.0584  loss_iou_scores_2 0.0594  loss_label 0.1031  loss_label_0 0.1257  loss_label_1 0.1172  loss_label_2 0.1074  loss_mask_iou 0.0000  loss_mask_iou_0 1.7945  loss_mask_iou_1 1.7488  loss_mask_iou_2 1.7385  loss_overall 12.2606  loss_query_cgp_bind 0.0000  loss_query_cgp_route -0.0219  loss_saliency 2.9812  loss_span 0.2590  loss_span_0 0.3109  loss_span_1 0.2728  loss_span_2 0.2658
2026-08-28 21:13:43,663 INFO Generate submissions
2026-08-28 21:13:49,317 INFO Saving/Evaluating before nms results
2026-08-28 21:13:54,420 INFO metrics_no_nms OrderedDict([   ('MR-full-R1@0.5', 67.35),
                ('MR-full-R1@0.7', 52.32),
                ('MR-full-mAP', 47.07),
                ('MR-full-mAP@0.5', 67.14),
                ('MR-full-mAP@0.75', 48.76),
                ('MR-long-mAP', 53.08),
                ('MR-middle-mAP', 50.17),
                ('MR-short-mAP', 9.79),
                ('HL-min-Fair-mAP', 78.15),
                ('HL-min-Fair-Hit1', 80.84),
                ('HL-min-Good-mAP', 66.67),
                ('HL-min-Good-Hit1', 78.77),
                ('HL-min-VeryGood-mAP', 40.74),
                ('HL-min-VeryGood-Hit1', 66.77)])
2026-08-28 21:13:54,822 INFO [Epoch 85]
2026-08-28 21:14:55,510 INFO Epoch[85] class_error 36.4478  class_error_0 46.2798  class_error_1 41.9457  class_error_2 37.4061  loss_giou 0.3255  loss_giou_0 0.4080  loss_giou_1 0.3505  loss_giou_2 0.3370  loss_iou_scores 0.0589  loss_iou_scores_0 0.0581  loss_iou_scores_1 0.0583  loss_iou_scores_2 0.0587  loss_label 0.1035  loss_label_0 0.1269  loss_label_1 0.1163  loss_label_2 0.1072  loss_mask_iou 0.0000  loss_mask_iou_0 1.7931  loss_mask_iou_1 1.7422  loss_mask_iou_2 1.7352  loss_overall 12.2125  loss_query_cgp_bind 0.0000  loss_query_cgp_route -0.0219  loss_saliency 2.9760  loss_span 0.2547  loss_span_0 0.3071  loss_span_1 0.2677  loss_span_2 0.2608
2026-08-28 21:14:55,513 INFO Generate submissions
2026-08-28 21:15:01,347 INFO Saving/Evaluating before nms results
2026-08-28 21:15:06,242 INFO metrics_no_nms OrderedDict([   ('MR-full-R1@0.5', 67.23),
                ('MR-full-R1@0.7', 52.39),
                ('MR-full-mAP', 47.14),
                ('MR-full-mAP@0.5', 67.43),
                ('MR-full-mAP@0.75', 48.84),
                ('MR-long-mAP', 55.08),
                ('MR-middle-mAP', 48.31),
                ('MR-short-mAP', 11.18),
                ('HL-min-Fair-mAP', 77.7),
                ('HL-min-Fair-Hit1', 80.39),
                ('HL-min-Good-mAP', 66.56),
                ('HL-min-Good-Hit1', 78.84),
                ('HL-min-VeryGood-mAP', 40.79),
                ('HL-min-VeryGood-Hit1', 66.13)])
2026-08-28 21:15:06,541 INFO [Epoch 86]
2026-08-28 21:16:07,966 INFO Epoch[86] class_error 36.7450  class_error_0 45.4950  class_error_1 41.4916  class_error_2 38.0301  loss_giou 0.3268  loss_giou_0 0.4038  loss_giou_1 0.3518  loss_giou_2 0.3396  loss_iou_scores 0.0585  loss_iou_scores_0 0.0561  loss_iou_scores_1 0.0570  loss_iou_scores_2 0.0571  loss_label 0.1038  loss_label_0 0.1230  loss_label_1 0.1158  loss_label_2 0.1072  loss_mask_iou 0.0000  loss_mask_iou_0 1.7986  loss_mask_iou_1 1.7444  loss_mask_iou_2 1.7344  loss_overall 12.2332  loss_query_cgp_bind 0.0000  loss_query_cgp_route -0.0219  loss_saliency 2.9753  loss_span 0.2577  loss_span_0 0.3147  loss_span_1 0.2732  loss_span_2 0.2659
2026-08-28 21:16:07,970 INFO Generate submissions
2026-08-28 21:16:14,247 INFO Saving/Evaluating before nms results
2026-08-28 21:16:18,651 INFO metrics_no_nms OrderedDict([   ('MR-full-R1@0.5', 67.48),
                ('MR-full-R1@0.7', 51.23),
                ('MR-full-mAP', 46.82),
                ('MR-full-mAP@0.5', 68.06),
                ('MR-full-mAP@0.75', 48.64),
                ('MR-long-mAP', 55.35),
                ('MR-middle-mAP', 47.93),
                ('MR-short-mAP', 10.16),
                ('HL-min-Fair-mAP', 77.7),
                ('HL-min-Fair-Hit1', 79.94),
                ('HL-min-Good-mAP', 66.62),
                ('HL-min-Good-Hit1', 78.26),
                ('HL-min-VeryGood-mAP', 40.82),
                ('HL-min-VeryGood-Hit1', 66.0)])
2026-08-28 21:16:18,953 INFO [Epoch 87]
2026-08-28 21:17:20,194 INFO Epoch[87] class_error 35.8968  class_error_0 45.5836  class_error_1 40.6400  class_error_2 37.5109  loss_giou 0.3292  loss_giou_0 0.4051  loss_giou_1 0.3526  loss_giou_2 0.3403  loss_iou_scores 0.0591  loss_iou_scores_0 0.0562  loss_iou_scores_1 0.0579  loss_iou_scores_2 0.0589  loss_label 0.1034  loss_label_0 0.1253  loss_label_1 0.1157  loss_label_2 0.1072  loss_mask_iou 0.0000  loss_mask_iou_0 1.7753  loss_mask_iou_1 1.7365  loss_mask_iou_2 1.7260  loss_overall 12.1991  loss_query_cgp_bind 0.0000  loss_query_cgp_route -0.0220  loss_saliency 2.9780  loss_span 0.2586  loss_span_0 0.3122  loss_span_1 0.2730  loss_span_2 0.2649
2026-08-28 21:17:20,198 INFO Generate submissions
2026-08-28 21:17:26,186 INFO Saving/Evaluating before nms results
2026-08-28 21:17:30,708 INFO metrics_no_nms OrderedDict([   ('MR-full-R1@0.5', 66.65),
                ('MR-full-R1@0.7', 52.19),
                ('MR-full-mAP', 47.14),
                ('MR-full-mAP@0.5', 67.47),
                ('MR-full-mAP@0.75', 48.02),
                ('MR-long-mAP', 54.34),
                ('MR-middle-mAP', 49.28),
                ('MR-short-mAP', 10.43),
                ('HL-min-Fair-mAP', 78.21),
                ('HL-min-Fair-Hit1', 80.9),
                ('HL-min-Good-mAP', 66.94),
                ('HL-min-Good-Hit1', 78.9),
                ('HL-min-VeryGood-mAP', 40.95),
                ('HL-min-VeryGood-Hit1', 66.39)])
2026-08-28 21:17:31,010 INFO [Epoch 88]
2026-08-28 21:18:32,955 INFO Epoch[88] class_error 35.0140  class_error_0 45.3320  class_error_1 40.3144  class_error_2 36.5536  loss_giou 0.3240  loss_giou_0 0.4021  loss_giou_1 0.3505  loss_giou_2 0.3359  loss_iou_scores 0.0576  loss_iou_scores_0 0.0561  loss_iou_scores_1 0.0564  loss_iou_scores_2 0.0573  loss_label 0.1019  loss_label_0 0.1251  loss_label_1 0.1145  loss_label_2 0.1063  loss_mask_iou 0.0000  loss_mask_iou_0 1.7736  loss_mask_iou_1 1.7231  loss_mask_iou_2 1.7154  loss_overall 12.1205  loss_query_cgp_bind 0.0000  loss_query_cgp_route -0.0220  loss_saliency 2.9735  loss_span 0.2534  loss_span_0 0.3039  loss_span_1 0.2667  loss_span_2 0.2610
2026-08-28 21:18:32,958 INFO Generate submissions
2026-08-28 21:18:38,786 INFO Saving/Evaluating before nms results
2026-08-28 21:18:42,958 INFO metrics_no_nms OrderedDict([   ('MR-full-R1@0.5', 66.26),
                ('MR-full-R1@0.7', 51.03),
                ('MR-full-mAP', 46.32),
                ('MR-full-mAP@0.5', 66.79),
                ('MR-full-mAP@0.75', 47.77),
                ('MR-long-mAP', 53.54),
                ('MR-middle-mAP', 47.79),
                ('MR-short-mAP', 10.81),
                ('HL-min-Fair-mAP', 77.09),
                ('HL-min-Fair-Hit1', 79.42),
                ('HL-min-Good-mAP', 65.81),
                ('HL-min-Good-Hit1', 77.74),
                ('HL-min-VeryGood-mAP', 40.18),
                ('HL-min-VeryGood-Hit1', 66.13)])
2026-08-28 21:18:43,305 INFO [Epoch 89]
2026-08-28 21:19:45,989 INFO Epoch[89] class_error 35.0208  class_error_0 44.8713  class_error_1 41.5986  class_error_2 35.4600  loss_giou 0.3262  loss_giou_0 0.3999  loss_giou_1 0.3498  loss_giou_2 0.3367  loss_iou_scores 0.0569  loss_iou_scores_0 0.0561  loss_iou_scores_1 0.0557  loss_iou_scores_2 0.0571  loss_label 0.1010  loss_label_0 0.1227  loss_label_1 0.1142  loss_label_2 0.1041  loss_mask_iou 0.0000  loss_mask_iou_0 1.7566  loss_mask_iou_1 1.7145  loss_mask_iou_2 1.7051  loss_overall 12.0715  loss_query_cgp_bind 0.0000  loss_query_cgp_route -0.0220  loss_saliency 2.9635  loss_span 0.2544  loss_span_0 0.3030  loss_span_1 0.2659  loss_span_2 0.2615
2026-08-28 21:19:45,992 INFO Generate submissions
2026-08-28 21:19:51,711 INFO Saving/Evaluating before nms results
2026-08-28 21:19:56,275 INFO metrics_no_nms OrderedDict([   ('MR-full-R1@0.5', 66.77),
                ('MR-full-R1@0.7', 51.1),
                ('MR-full-mAP', 46.5),
                ('MR-full-mAP@0.5', 67.63),
                ('MR-full-mAP@0.75', 47.3),
                ('MR-long-mAP', 54.28),
                ('MR-middle-mAP', 47.89),
                ('MR-short-mAP', 10.82),
                ('HL-min-Fair-mAP', 77.71),
                ('HL-min-Fair-Hit1', 80.52),
                ('HL-min-Good-mAP', 66.45),
                ('HL-min-Good-Hit1', 78.65),
                ('HL-min-VeryGood-mAP', 40.73),
                ('HL-min-VeryGood-Hit1', 66.06)])
2026-08-28 21:19:56,799 INFO [Epoch 90]
2026-08-28 21:20:59,572 INFO Epoch[90] class_error 35.7281  class_error_0 45.4357  class_error_1 39.8785  class_error_2 37.0512  loss_giou 0.3220  loss_giou_0 0.3975  loss_giou_1 0.3475  loss_giou_2 0.3334  loss_iou_scores 0.0579  loss_iou_scores_0 0.0561  loss_iou_scores_1 0.0564  loss_iou_scores_2 0.0581  loss_label 0.1027  loss_label_0 0.1234  loss_label_1 0.1154  loss_label_2 0.1068  loss_mask_iou 0.0000  loss_mask_iou_0 1.7632  loss_mask_iou_1 1.7110  loss_mask_iou_2 1.7019  loss_overall 12.0708  loss_query_cgp_bind 0.0000  loss_query_cgp_route -0.0225  loss_saliency 2.9750  loss_span 0.2509  loss_span_0 0.3036  loss_span_1 0.2654  loss_span_2 0.2586
2026-08-28 21:20:59,579 INFO Generate submissions
2026-08-28 21:21:06,840 INFO Saving/Evaluating before nms results
2026-08-28 21:21:11,546 INFO metrics_no_nms OrderedDict([   ('MR-full-R1@0.5', 67.29),
                ('MR-full-R1@0.7', 51.1),
                ('MR-full-mAP', 46.06),
                ('MR-full-mAP@0.5', 67.54),
                ('MR-full-mAP@0.75', 47.16),
                ('MR-long-mAP', 52.42),
                ('MR-middle-mAP', 48.76),
                ('MR-short-mAP', 9.42),
                ('HL-min-Fair-mAP', 77.89),
                ('HL-min-Fair-Hit1', 80.0),
                ('HL-min-Good-mAP', 66.46),
                ('HL-min-Good-Hit1', 78.13),
                ('HL-min-VeryGood-mAP', 40.54),
                ('HL-min-VeryGood-Hit1', 66.26)])
2026-08-28 21:21:11,915 INFO [Epoch 91]
2026-08-28 21:22:12,632 INFO Epoch[91] class_error 36.5035  class_error_0 44.9363  class_error_1 41.8237  class_error_2 37.8395  loss_giou 0.3221  loss_giou_0 0.4023  loss_giou_1 0.3467  loss_giou_2 0.3338  loss_iou_scores 0.0587  loss_iou_scores_0 0.0571  loss_iou_scores_1 0.0582  loss_iou_scores_2 0.0583  loss_label 0.1045  loss_label_0 0.1235  loss_label_1 0.1173  loss_label_2 0.1075  loss_mask_iou 0.0000  loss_mask_iou_0 1.7582  loss_mask_iou_1 1.7045  loss_mask_iou_2 1.6969  loss_overall 12.0572  loss_query_cgp_bind 0.0000  loss_query_cgp_route -0.0226  loss_saliency 2.9660  loss_span 0.2505  loss_span_0 0.3070  loss_span_1 0.2656  loss_span_2 0.2574
2026-08-28 21:22:12,635 INFO Generate submissions
2026-08-28 21:22:18,281 INFO Saving/Evaluating before nms results
2026-08-28 21:22:22,853 INFO metrics_no_nms OrderedDict([   ('MR-full-R1@0.5', 68.13),
                ('MR-full-R1@0.7', 52.97),
                ('MR-full-mAP', 46.2),
                ('MR-full-mAP@0.5', 67.19),
                ('MR-full-mAP@0.75', 47.89),
                ('MR-long-mAP', 51.08),
                ('MR-middle-mAP', 49.6),
                ('MR-short-mAP', 11.74),
                ('HL-min-Fair-mAP', 78.19),
                ('HL-min-Fair-Hit1', 81.1),
                ('HL-min-Good-mAP', 67.05),
                ('HL-min-Good-Hit1', 78.9),
                ('HL-min-VeryGood-mAP', 40.96),
                ('HL-min-VeryGood-Hit1', 67.23)])
2026-08-28 21:22:23,194 INFO [Epoch 92]
2026-08-28 21:23:22,685 INFO Epoch[92] class_error 34.5857  class_error_0 44.6209  class_error_1 39.3798  class_error_2 35.7412  loss_giou 0.3196  loss_giou_0 0.3979  loss_giou_1 0.3483  loss_giou_2 0.3313  loss_iou_scores 0.0575  loss_iou_scores_0 0.0551  loss_iou_scores_1 0.0565  loss_iou_scores_2 0.0568  loss_label 0.1000  loss_label_0 0.1210  loss_label_1 0.1128  loss_label_2 0.1037  loss_mask_iou 0.0000  loss_mask_iou_0 1.7538  loss_mask_iou_1 1.7013  loss_mask_iou_2 1.6990  loss_overall 11.9883  loss_query_cgp_bind 0.0000  loss_query_cgp_route -0.0226  loss_saliency 2.9544  loss_span 0.2459  loss_span_0 0.2992  loss_span_1 0.2627  loss_span_2 0.2534
2026-08-28 21:23:22,688 INFO Generate submissions
2026-08-28 21:23:28,102 INFO Saving/Evaluating before nms results
2026-08-28 21:23:32,171 INFO metrics_no_nms OrderedDict([   ('MR-full-R1@0.5', 66.84),
                ('MR-full-R1@0.7', 52.26),
                ('MR-full-mAP', 47.43),
                ('MR-full-mAP@0.5', 67.67),
                ('MR-full-mAP@0.75', 48.84),
                ('MR-long-mAP', 55.22),
                ('MR-middle-mAP', 48.93),
                ('MR-short-mAP', 10.92),
                ('HL-min-Fair-mAP', 78.29),
                ('HL-min-Fair-Hit1', 80.0),
                ('HL-min-Good-mAP', 66.84),
                ('HL-min-Good-Hit1', 77.94),
                ('HL-min-VeryGood-mAP', 40.86),
                ('HL-min-VeryGood-Hit1', 65.81)])
2026-08-28 21:23:32,532 INFO [Epoch 93]
2026-08-28 21:24:32,699 INFO Epoch[93] class_error 33.8688  class_error_0 43.4702  class_error_1 38.9077  class_error_2 34.6818  loss_giou 0.3177  loss_giou_0 0.3962  loss_giou_1 0.3462  loss_giou_2 0.3297  loss_iou_scores 0.0556  loss_iou_scores_0 0.0543  loss_iou_scores_1 0.0552  loss_iou_scores_2 0.0556  loss_label 0.0994  loss_label_0 0.1205  loss_label_1 0.1115  loss_label_2 0.1022  loss_mask_iou 0.0000  loss_mask_iou_0 1.7431  loss_mask_iou_1 1.6933  loss_mask_iou_2 1.6814  loss_overall 11.9397  loss_query_cgp_bind 0.0000  loss_query_cgp_route -0.0227  loss_saliency 2.9457  loss_span 0.2500  loss_span_0 0.3019  loss_span_1 0.2641  loss_span_2 0.2566
2026-08-28 21:24:32,702 INFO Generate submissions
2026-08-28 21:24:38,573 INFO Saving/Evaluating before nms results
2026-08-28 21:24:42,868 INFO metrics_no_nms OrderedDict([   ('MR-full-R1@0.5', 67.16),
                ('MR-full-R1@0.7', 52.19),
                ('MR-full-mAP', 46.32),
                ('MR-full-mAP@0.5', 67.14),
                ('MR-full-mAP@0.75', 47.51),
                ('MR-long-mAP', 54.3),
                ('MR-middle-mAP', 47.87),
                ('MR-short-mAP', 10.08),
                ('HL-min-Fair-mAP', 77.74),
                ('HL-min-Fair-Hit1', 80.39),
                ('HL-min-Good-mAP', 66.69),
                ('HL-min-Good-Hit1', 78.26),
                ('HL-min-VeryGood-mAP', 40.96),
                ('HL-min-VeryGood-Hit1', 66.13)])
2026-08-28 21:24:43,226 INFO [Epoch 94]
2026-08-28 21:25:43,526 INFO Epoch[94] class_error 34.6669  class_error_0 43.7301  class_error_1 40.3113  class_error_2 36.2094  loss_giou 0.3200  loss_giou_0 0.4001  loss_giou_1 0.3446  loss_giou_2 0.3309  loss_iou_scores 0.0564  loss_iou_scores_0 0.0553  loss_iou_scores_1 0.0565  loss_iou_scores_2 0.0572  loss_label 0.1001  loss_label_0 0.1204  loss_label_1 0.1129  loss_label_2 0.1039  loss_mask_iou 0.0000  loss_mask_iou_0 1.7450  loss_mask_iou_1 1.6997  loss_mask_iou_2 1.6880  loss_overall 11.9731  loss_query_cgp_bind 0.0000  loss_query_cgp_route -0.0226  loss_saliency 2.9600  loss_span 0.2460  loss_span_0 0.3005  loss_span_1 0.2608  loss_span_2 0.2530
2026-08-28 21:25:43,528 INFO Generate submissions
2026-08-28 21:25:49,482 INFO Saving/Evaluating before nms results
2026-08-28 21:25:53,806 INFO metrics_no_nms OrderedDict([   ('MR-full-R1@0.5', 68.19),
                ('MR-full-R1@0.7', 52.06),
                ('MR-full-mAP', 47.58),
                ('MR-full-mAP@0.5', 68.02),
                ('MR-full-mAP@0.75', 48.91),
                ('MR-long-mAP', 54.23),
                ('MR-middle-mAP', 49.88),
                ('MR-short-mAP', 10.2),
                ('HL-min-Fair-mAP', 78.36),
                ('HL-min-Fair-Hit1', 81.68),
                ('HL-min-Good-mAP', 67.13),
                ('HL-min-Good-Hit1', 79.74),
                ('HL-min-VeryGood-mAP', 41.21),
                ('HL-min-VeryGood-Hit1', 67.55)])
2026-08-28 21:25:54,147 INFO [Best] epoch 94, MR-full-mAP 47.5800
2026-08-28 21:25:54,441 INFO [Epoch 95]
2026-08-28 21:26:54,378 INFO Epoch[95] class_error 34.4357  class_error_0 43.3518  class_error_1 38.9059  class_error_2 34.6324  loss_giou 0.3220  loss_giou_0 0.3961  loss_giou_1 0.3478  loss_giou_2 0.3346  loss_iou_scores 0.0555  loss_iou_scores_0 0.0546  loss_iou_scores_1 0.0543  loss_iou_scores_2 0.0551  loss_label 0.0981  loss_label_0 0.1196  loss_label_1 0.1105  loss_label_2 0.1011  loss_mask_iou 0.0000  loss_mask_iou_0 1.7520  loss_mask_iou_1 1.7125  loss_mask_iou_2 1.7034  loss_overall 11.9992  loss_query_cgp_bind 0.0000  loss_query_cgp_route -0.0227  loss_saliency 2.9570  loss_span 0.2496  loss_span_0 0.2998  loss_span_1 0.2619  loss_span_2 0.2559
2026-08-28 21:26:54,380 INFO Generate submissions
2026-08-28 21:26:59,906 INFO Saving/Evaluating before nms results
2026-08-28 21:27:04,105 INFO metrics_no_nms OrderedDict([   ('MR-full-R1@0.5', 67.16),
                ('MR-full-R1@0.7', 52.45),
                ('MR-full-mAP', 46.99),
                ('MR-full-mAP@0.5', 68.0),
                ('MR-full-mAP@0.75', 48.67),
                ('MR-long-mAP', 52.18),
                ('MR-middle-mAP', 49.7),
                ('MR-short-mAP', 11.25),
                ('HL-min-Fair-mAP', 77.34),
                ('HL-min-Fair-Hit1', 79.74),
                ('HL-min-Good-mAP', 66.26),
                ('HL-min-Good-Hit1', 77.68),
                ('HL-min-VeryGood-mAP', 40.59),
                ('HL-min-VeryGood-Hit1', 65.87)])
2026-08-28 21:27:04,418 INFO [Epoch 96]
2026-08-28 21:28:04,325 INFO Epoch[96] class_error 33.4566  class_error_0 42.1753  class_error_1 37.3129  class_error_2 33.8862  loss_giou 0.3160  loss_giou_0 0.3953  loss_giou_1 0.3430  loss_giou_2 0.3283  loss_iou_scores 0.0550  loss_iou_scores_0 0.0546  loss_iou_scores_1 0.0534  loss_iou_scores_2 0.0544  loss_label 0.0977  loss_label_0 0.1187  loss_label_1 0.1092  loss_label_2 0.1008  loss_mask_iou 0.0000  loss_mask_iou_0 1.7299  loss_mask_iou_1 1.6829  loss_mask_iou_2 1.6714  loss_overall 11.8628  loss_query_cgp_bind 0.0000  loss_query_cgp_route -0.0228  loss_saliency 2.9485  loss_span 0.2409  loss_span_0 0.2955  loss_span_1 0.2568  loss_span_2 0.2476
2026-08-28 21:28:04,328 INFO Generate submissions
2026-08-28 21:28:09,799 INFO Saving/Evaluating before nms results
2026-08-28 21:28:13,982 INFO metrics_no_nms OrderedDict([   ('MR-full-R1@0.5', 66.71),
                ('MR-full-R1@0.7', 51.94),
                ('MR-full-mAP', 47.45),
                ('MR-full-mAP@0.5', 67.58),
                ('MR-full-mAP@0.75', 48.43),
                ('MR-long-mAP', 54.04),
                ('MR-middle-mAP', 49.42),
                ('MR-short-mAP', 11.07),
                ('HL-min-Fair-mAP', 77.4),
                ('HL-min-Fair-Hit1', 79.81),
                ('HL-min-Good-mAP', 66.18),
                ('HL-min-Good-Hit1', 78.13),
                ('HL-min-VeryGood-mAP', 40.33),
                ('HL-min-VeryGood-Hit1', 65.55)])
2026-08-28 21:28:14,364 INFO [Epoch 97]
2026-08-28 21:29:15,104 INFO Epoch[97] class_error 33.8662  class_error_0 42.9147  class_error_1 38.5633  class_error_2 35.0661  loss_giou 0.3144  loss_giou_0 0.3905  loss_giou_1 0.3403  loss_giou_2 0.3263  loss_iou_scores 0.0552  loss_iou_scores_0 0.0561  loss_iou_scores_1 0.0553  loss_iou_scores_2 0.0559  loss_label 0.0990  loss_label_0 0.1206  loss_label_1 0.1114  loss_label_2 0.1032  loss_mask_iou 0.0000  loss_mask_iou_0 1.7172  loss_mask_iou_1 1.6668  loss_mask_iou_2 1.6629  loss_overall 11.8139  loss_query_cgp_bind 0.0000  loss_query_cgp_route -0.0227  loss_saliency 2.9465  loss_span 0.2414  loss_span_0 0.2913  loss_span_1 0.2540  loss_span_2 0.2473
2026-08-28 21:29:15,107 INFO Generate submissions
2026-08-28 21:29:21,141 INFO Saving/Evaluating before nms results
2026-08-28 21:29:25,434 INFO metrics_no_nms OrderedDict([   ('MR-full-R1@0.5', 67.29),
                ('MR-full-R1@0.7', 52.84),
                ('MR-full-mAP', 46.33),
                ('MR-full-mAP@0.5', 67.53),
                ('MR-full-mAP@0.75', 47.81),
                ('MR-long-mAP', 51.52),
                ('MR-middle-mAP', 49.1),
                ('MR-short-mAP', 11.74),
                ('HL-min-Fair-mAP', 78.17),
                ('HL-min-Fair-Hit1', 80.65),
                ('HL-min-Good-mAP', 67.06),
                ('HL-min-Good-Hit1', 78.9),
                ('HL-min-VeryGood-mAP', 41.2),
                ('HL-min-VeryGood-Hit1', 66.52)])
2026-08-28 21:29:25,753 INFO [Epoch 98]
2026-08-28 21:30:25,716 INFO Epoch[98] class_error 33.9495  class_error_0 44.1845  class_error_1 39.4627  class_error_2 35.2736  loss_giou 0.3132  loss_giou_0 0.3895  loss_giou_1 0.3400  loss_giou_2 0.3246  loss_iou_scores 0.0564  loss_iou_scores_0 0.0537  loss_iou_scores_1 0.0548  loss_iou_scores_2 0.0560  loss_label 0.0978  loss_label_0 0.1194  loss_label_1 0.1098  loss_label_2 0.1021  loss_mask_iou 0.0000  loss_mask_iou_0 1.7018  loss_mask_iou_1 1.6599  loss_mask_iou_2 1.6438  loss_overall 11.7617  loss_query_cgp_bind 0.0000  loss_query_cgp_route -0.0228  loss_saliency 2.9453  loss_span 0.2410  loss_span_0 0.2928  loss_span_1 0.2552  loss_span_2 0.2469
2026-08-28 21:30:25,718 INFO Generate submissions
2026-08-28 21:30:32,479 INFO Saving/Evaluating before nms results
2026-08-28 21:30:36,766 INFO metrics_no_nms OrderedDict([   ('MR-full-R1@0.5', 67.35),
                ('MR-full-R1@0.7', 52.32),
                ('MR-full-mAP', 46.97),
                ('MR-full-mAP@0.5', 67.72),
                ('MR-full-mAP@0.75', 48.81),
                ('MR-long-mAP', 54.02),
                ('MR-middle-mAP', 49.01),
                ('MR-short-mAP', 11.17),
                ('HL-min-Fair-mAP', 77.95),
                ('HL-min-Fair-Hit1', 80.45),
                ('HL-min-Good-mAP', 66.83),
                ('HL-min-Good-Hit1', 78.9),
                ('HL-min-VeryGood-mAP', 40.66),
                ('HL-min-VeryGood-Hit1', 66.26)])
2026-08-28 21:30:37,099 INFO [Epoch 99]
2026-08-28 21:31:37,026 INFO Epoch[99] class_error 33.2522  class_error_0 42.9195  class_error_1 37.5817  class_error_2 34.6937  loss_giou 0.3171  loss_giou_0 0.3939  loss_giou_1 0.3432  loss_giou_2 0.3296  loss_iou_scores 0.0555  loss_iou_scores_0 0.0541  loss_iou_scores_1 0.0534  loss_iou_scores_2 0.0552  loss_label 0.0969  loss_label_0 0.1194  loss_label_1 0.1098  loss_label_2 0.1017  loss_mask_iou 0.0000  loss_mask_iou_0 1.7234  loss_mask_iou_1 1.6685  loss_mask_iou_2 1.6588  loss_overall 11.8367  loss_query_cgp_bind 0.0000  loss_query_cgp_route -0.0228  loss_saliency 2.9507  loss_span 0.2451  loss_span_0 0.2984  loss_span_1 0.2592  loss_span_2 0.2502
2026-08-28 21:31:37,030 INFO Generate submissions
2026-08-28 21:31:42,954 INFO Saving/Evaluating before nms results
2026-08-28 21:31:47,123 INFO metrics_no_nms OrderedDict([   ('MR-full-R1@0.5', 66.39),
                ('MR-full-R1@0.7', 51.16),
                ('MR-full-mAP', 46.29),
                ('MR-full-mAP@0.5', 67.04),
                ('MR-full-mAP@0.75', 46.79),
                ('MR-long-mAP', 52.38),
                ('MR-middle-mAP', 48.22),
                ('MR-short-mAP', 11.58),
                ('HL-min-Fair-mAP', 77.73),
                ('HL-min-Fair-Hit1', 79.74),
                ('HL-min-Good-mAP', 66.42),
                ('HL-min-Good-Hit1', 77.81),
                ('HL-min-VeryGood-mAP', 40.41),
                ('HL-min-VeryGood-Hit1', 65.35)])
2026-08-28 21:31:47,446 INFO [Epoch 100]
2026-08-28 21:32:47,501 INFO Epoch[100] class_error 33.9102  class_error_0 41.8625  class_error_1 38.3549  class_error_2 34.6140  loss_giou 0.3129  loss_giou_0 0.3911  loss_giou_1 0.3401  loss_giou_2 0.3244  loss_iou_scores 0.0574  loss_iou_scores_0 0.0559  loss_iou_scores_1 0.0556  loss_iou_scores_2 0.0570  loss_label 0.0990  loss_label_0 0.1171  loss_label_1 0.1093  loss_label_2 0.1020  loss_mask_iou 0.0000  loss_mask_iou_0 1.7121  loss_mask_iou_1 1.6660  loss_mask_iou_2 1.6464  loss_overall 11.7908  loss_query_cgp_bind 0.0000  loss_query_cgp_route -0.0228  loss_saliency 2.9523  loss_span 0.2406  loss_span_0 0.2927  loss_span_1 0.2551  loss_span_2 0.2473
2026-08-28 21:32:47,505 INFO Generate submissions
2026-08-28 21:32:52,968 INFO Saving/Evaluating before nms results
2026-08-28 21:32:57,276 INFO metrics_no_nms OrderedDict([   ('MR-full-R1@0.5', 66.0),
                ('MR-full-R1@0.7', 50.65),
                ('MR-full-mAP', 45.78),
                ('MR-full-mAP@0.5', 66.53),
                ('MR-full-mAP@0.75', 46.85),
                ('MR-long-mAP', 52.91),
                ('MR-middle-mAP', 47.78),
                ('MR-short-mAP', 10.09),
                ('HL-min-Fair-mAP', 76.99),
                ('HL-min-Fair-Hit1', 79.61),
                ('HL-min-Good-mAP', 66.07),
                ('HL-min-Good-Hit1', 78.0),
                ('HL-min-VeryGood-mAP', 40.45),
                ('HL-min-VeryGood-Hit1', 66.0)])
2026-08-28 21:32:57,819 INFO [Epoch 101]
2026-08-28 21:33:58,999 INFO Epoch[101] class_error 32.2937  class_error_0 41.5147  class_error_1 36.3496  class_error_2 32.7472  loss_giou 0.2993  loss_giou_0 0.3739  loss_giou_1 0.3277  loss_giou_2 0.3117  loss_iou_scores 0.0537  loss_iou_scores_0 0.0526  loss_iou_scores_1 0.0530  loss_iou_scores_2 0.0545  loss_label 0.0944  loss_label_0 0.1136  loss_label_1 0.1052  loss_label_2 0.0982  loss_mask_iou 0.0000  loss_mask_iou_0 1.6378  loss_mask_iou_1 1.5802  loss_mask_iou_2 1.5680  loss_overall 11.3505  loss_query_cgp_bind 0.0000  loss_query_cgp_route -0.0228  loss_saliency 2.9193  loss_span 0.2220  loss_span_0 0.2701  loss_span_1 0.2359  loss_span_2 0.2268
2026-08-28 21:33:59,002 INFO Generate submissions
2026-08-28 21:34:04,080 INFO Saving/Evaluating before nms results
2026-08-28 21:34:08,517 INFO metrics_no_nms OrderedDict([   ('MR-full-R1@0.5', 67.81),
                ('MR-full-R1@0.7', 52.84),
                ('MR-full-mAP', 48.2),
                ('MR-full-mAP@0.5', 68.14),
                ('MR-full-mAP@0.75', 48.92),
                ('MR-long-mAP', 56.44),
                ('MR-middle-mAP', 49.62),
                ('MR-short-mAP', 10.64),
                ('HL-min-Fair-mAP', 77.79),
                ('HL-min-Fair-Hit1', 80.0),
                ('HL-min-Good-mAP', 66.63),
                ('HL-min-Good-Hit1', 78.39),
                ('HL-min-VeryGood-mAP', 40.72),
                ('HL-min-VeryGood-Hit1', 66.32)])
2026-08-28 21:34:08,901 INFO [Best] epoch 101, MR-full-mAP 48.2000
2026-08-28 21:34:09,284 INFO [Epoch 102]
2026-08-28 21:35:09,371 INFO Epoch[102] class_error 30.5431  class_error_0 40.2287  class_error_1 35.2729  class_error_2 31.3802  loss_giou 0.2926  loss_giou_0 0.3653  loss_giou_1 0.3186  loss_giou_2 0.3043  loss_iou_scores 0.0538  loss_iou_scores_0 0.0523  loss_iou_scores_1 0.0529  loss_iou_scores_2 0.0544  loss_label 0.0912  loss_label_0 0.1123  loss_label_1 0.1025  loss_label_2 0.0949  loss_mask_iou 0.0000  loss_mask_iou_0 1.5952  loss_mask_iou_1 1.5446  loss_mask_iou_2 1.5359  loss_overall 11.1760  loss_query_cgp_bind 0.0000  loss_query_cgp_route -0.0229  loss_saliency 2.9184  loss_span 0.2196  loss_span_0 0.2641  loss_span_1 0.2310  loss_span_2 0.2242
2026-08-28 21:35:09,374 INFO Generate submissions
2026-08-28 21:35:15,448 INFO Saving/Evaluating before nms results
2026-08-28 21:35:19,502 INFO metrics_no_nms OrderedDict([   ('MR-full-R1@0.5', 67.42),
                ('MR-full-R1@0.7', 52.97),
                ('MR-full-mAP', 48.04),
                ('MR-full-mAP@0.5', 68.05),
                ('MR-full-mAP@0.75', 49.09),
                ('MR-long-mAP', 54.75),
                ('MR-middle-mAP', 49.73),
                ('MR-short-mAP', 11.86),
                ('HL-min-Fair-mAP', 77.96),
                ('HL-min-Fair-Hit1', 80.19),
                ('HL-min-Good-mAP', 66.83),
                ('HL-min-Good-Hit1', 78.52),
                ('HL-min-VeryGood-mAP', 40.86),
                ('HL-min-VeryGood-Hit1', 65.94)])
2026-08-28 21:35:19,820 INFO [Epoch 103]
2026-08-28 21:36:21,297 INFO Epoch[103] class_error 30.7658  class_error_0 39.9238  class_error_1 34.9303  class_error_2 31.6256  loss_giou 0.2917  loss_giou_0 0.3648  loss_giou_1 0.3164  loss_giou_2 0.3019  loss_iou_scores 0.0531  loss_iou_scores_0 0.0522  loss_iou_scores_1 0.0518  loss_iou_scores_2 0.0531  loss_label 0.0910  loss_label_0 0.1120  loss_label_1 0.1025  loss_label_2 0.0955  loss_mask_iou 0.0000  loss_mask_iou_0 1.5786  loss_mask_iou_1 1.5381  loss_mask_iou_2 1.5199  loss_overall 11.0971  loss_query_cgp_bind 0.0000  loss_query_cgp_route -0.0229  loss_saliency 2.9066  loss_span 0.2149  loss_span_0 0.2598  loss_span_1 0.2265  loss_span_2 0.2194
2026-08-28 21:36:21,300 INFO Generate submissions
2026-08-28 21:36:26,603 INFO Saving/Evaluating before nms results
2026-08-28 21:36:31,323 INFO metrics_no_nms OrderedDict([   ('MR-full-R1@0.5', 67.42),
                ('MR-full-R1@0.7', 53.03),
                ('MR-full-mAP', 48.18),
                ('MR-full-mAP@0.5', 68.13),
                ('MR-full-mAP@0.75', 49.38),
                ('MR-long-mAP', 54.86),
                ('MR-middle-mAP', 50.13),
                ('MR-short-mAP', 11.43),
                ('HL-min-Fair-mAP', 78.13),
                ('HL-min-Fair-Hit1', 80.9),
                ('HL-min-Good-mAP', 66.91),
                ('HL-min-Good-Hit1', 79.23),
                ('HL-min-VeryGood-mAP', 40.89),
                ('HL-min-VeryGood-Hit1', 66.84)])
2026-08-28 21:36:31,662 INFO [Epoch 104]
2026-08-28 21:37:30,980 INFO Epoch[104] class_error 30.0078  class_error_0 39.2480  class_error_1 35.0290  class_error_2 31.0661  loss_giou 0.2895  loss_giou_0 0.3629  loss_giou_1 0.3151  loss_giou_2 0.3003  loss_iou_scores 0.0533  loss_iou_scores_0 0.0520  loss_iou_scores_1 0.0524  loss_iou_scores_2 0.0535  loss_label 0.0897  loss_label_0 0.1114  loss_label_1 0.1018  loss_label_2 0.0936  loss_mask_iou 0.0000  loss_mask_iou_0 1.5742  loss_mask_iou_1 1.5259  loss_mask_iou_2 1.5151  loss_overall 11.0534  loss_query_cgp_bind 0.0000  loss_query_cgp_route -0.0229  loss_saliency 2.9070  loss_span 0.2130  loss_span_0 0.2576  loss_span_1 0.2234  loss_span_2 0.2170
2026-08-28 21:37:30,983 INFO Generate submissions
2026-08-28 21:37:37,380 INFO Saving/Evaluating before nms results
2026-08-28 21:37:41,567 INFO metrics_no_nms OrderedDict([   ('MR-full-R1@0.5', 68.19),
                ('MR-full-R1@0.7', 52.58),
                ('MR-full-mAP', 48.21),
                ('MR-full-mAP@0.5', 68.61),
                ('MR-full-mAP@0.75', 49.42),
                ('MR-long-mAP', 55.01),
                ('MR-middle-mAP', 50.06),
                ('MR-short-mAP', 11.54),
                ('HL-min-Fair-mAP', 78.09),
                ('HL-min-Fair-Hit1', 81.03),
                ('HL-min-Good-mAP', 66.94),
                ('HL-min-Good-Hit1', 79.35),
                ('HL-min-VeryGood-mAP', 40.92),
                ('HL-min-VeryGood-Hit1', 66.26)])
2026-08-28 21:37:41,874 INFO [Best] epoch 104, MR-full-mAP 48.2100
2026-08-28 21:37:42,193 INFO [Epoch 105]
2026-08-28 21:38:43,211 INFO Epoch[105] class_error 30.3616  class_error_0 39.7174  class_error_1 35.4794  class_error_2 31.0775  loss_giou 0.2883  loss_giou_0 0.3630  loss_giou_1 0.3110  loss_giou_2 0.2985  loss_iou_scores 0.0525  loss_iou_scores_0 0.0506  loss_iou_scores_1 0.0516  loss_iou_scores_2 0.0529  loss_label 0.0898  loss_label_0 0.1101  loss_label_1 0.1012  loss_label_2 0.0935  loss_mask_iou 0.0000  loss_mask_iou_0 1.5653  loss_mask_iou_1 1.5144  loss_mask_iou_2 1.5085  loss_overall 11.0067  loss_query_cgp_bind 0.0000  loss_query_cgp_route -0.0229  loss_saliency 2.9005  loss_span 0.2121  loss_span_0 0.2582  loss_span_1 0.2225  loss_span_2 0.2167
2026-08-28 21:38:43,213 INFO Generate submissions
2026-08-28 21:38:49,170 INFO Saving/Evaluating before nms results
2026-08-28 21:38:53,316 INFO metrics_no_nms OrderedDict([   ('MR-full-R1@0.5', 68.0),
                ('MR-full-R1@0.7', 53.74),
                ('MR-full-mAP', 48.61),
                ('MR-full-mAP@0.5', 68.4),
                ('MR-full-mAP@0.75', 49.94),
                ('MR-long-mAP', 54.47),
                ('MR-middle-mAP', 50.89),
                ('MR-short-mAP', 12.09),
                ('HL-min-Fair-mAP', 78.22),
                ('HL-min-Fair-Hit1', 81.03),
                ('HL-min-Good-mAP', 67.0),
                ('HL-min-Good-Hit1', 79.35),
                ('HL-min-VeryGood-mAP', 40.92),
                ('HL-min-VeryGood-Hit1', 67.03)])
2026-08-28 21:38:53,674 INFO [Best] epoch 105, MR-full-mAP 48.6100
2026-08-28 21:38:53,954 INFO [Epoch 106]
2026-08-28 21:39:53,841 INFO Epoch[106] class_error 30.0147  class_error_0 38.5861  class_error_1 33.9418  class_error_2 30.9638  loss_giou 0.2864  loss_giou_0 0.3601  loss_giou_1 0.3098  loss_giou_2 0.2963  loss_iou_scores 0.0523  loss_iou_scores_0 0.0517  loss_iou_scores_1 0.0521  loss_iou_scores_2 0.0533  loss_label 0.0897  loss_label_0 0.1099  loss_label_1 0.1002  loss_label_2 0.0929  loss_mask_iou 0.0000  loss_mask_iou_0 1.5621  loss_mask_iou_1 1.5074  loss_mask_iou_2 1.4977  loss_overall 10.9681  loss_query_cgp_bind 0.0000  loss_query_cgp_route -0.0229  loss_saliency 2.9038  loss_span 0.2099  loss_span_0 0.2562  loss_span_1 0.2222  loss_span_2 0.2156
2026-08-28 21:39:53,845 INFO Generate submissions
2026-08-28 21:39:59,774 INFO Saving/Evaluating before nms results
2026-08-28 21:40:04,260 INFO metrics_no_nms OrderedDict([   ('MR-full-R1@0.5', 67.81),
                ('MR-full-R1@0.7', 52.77),
                ('MR-full-mAP', 48.4),
                ('MR-full-mAP@0.5', 68.59),
                ('MR-full-mAP@0.75', 49.45),
                ('MR-long-mAP', 55.22),
                ('MR-middle-mAP', 50.43),
                ('MR-short-mAP', 11.34),
                ('HL-min-Fair-mAP', 78.08),
                ('HL-min-Fair-Hit1', 80.45),
                ('HL-min-Good-mAP', 66.85),
                ('HL-min-Good-Hit1', 78.77),
                ('HL-min-VeryGood-mAP', 40.75),
                ('HL-min-VeryGood-Hit1', 66.39)])
2026-08-28 21:40:04,570 INFO [Epoch 107]
2026-08-28 21:41:04,333 INFO Epoch[107] class_error 29.1365  class_error_0 37.9743  class_error_1 33.5964  class_error_2 30.6426  loss_giou 0.2857  loss_giou_0 0.3621  loss_giou_1 0.3102  loss_giou_2 0.2958  loss_iou_scores 0.0514  loss_iou_scores_0 0.0503  loss_iou_scores_1 0.0507  loss_iou_scores_2 0.0521  loss_label 0.0876  loss_label_0 0.1092  loss_label_1 0.0995  loss_label_2 0.0922  loss_mask_iou 0.0000  loss_mask_iou_0 1.5537  loss_mask_iou_1 1.5034  loss_mask_iou_2 1.4946  loss_overall 10.9347  loss_query_cgp_bind 0.0000  loss_query_cgp_route -0.0229  loss_saliency 2.8971  loss_span 0.2096  loss_span_0 0.2559  loss_span_1 0.2202  loss_span_2 0.2141
2026-08-28 21:41:04,336 INFO Generate submissions
2026-08-28 21:41:09,119 INFO Saving/Evaluating before nms results
2026-08-28 21:41:13,013 INFO metrics_no_nms OrderedDict([   ('MR-full-R1@0.5', 67.29),
                ('MR-full-R1@0.7', 52.39),
                ('MR-full-mAP', 47.99),
                ('MR-full-mAP@0.5', 68.33),
                ('MR-full-mAP@0.75', 48.95),
                ('MR-long-mAP', 54.58),
                ('MR-middle-mAP', 49.97),
                ('MR-short-mAP', 11.7),
                ('HL-min-Fair-mAP', 78.09),
                ('HL-min-Fair-Hit1', 80.13),
                ('HL-min-Good-mAP', 66.89),
                ('HL-min-Good-Hit1', 78.39),
                ('HL-min-VeryGood-mAP', 40.84),
                ('HL-min-VeryGood-Hit1', 66.13)])
2026-08-28 21:41:13,379 INFO [Epoch 108]
2026-08-28 21:42:13,741 INFO Epoch[108] class_error 29.0036  class_error_0 38.0744  class_error_1 33.8949  class_error_2 29.9919  loss_giou 0.2866  loss_giou_0 0.3612  loss_giou_1 0.3110  loss_giou_2 0.2978  loss_iou_scores 0.0523  loss_iou_scores_0 0.0510  loss_iou_scores_1 0.0515  loss_iou_scores_2 0.0532  loss_label 0.0885  loss_label_0 0.1091  loss_label_1 0.1006  loss_label_2 0.0929  loss_mask_iou 0.0000  loss_mask_iou_0 1.5552  loss_mask_iou_1 1.4969  loss_mask_iou_2 1.4984  loss_overall 10.9412  loss_query_cgp_bind 0.0000  loss_query_cgp_route -0.0230  loss_saliency 2.8961  loss_span 0.2097  loss_span_0 0.2543  loss_span_1 0.2198  loss_span_2 0.2143
2026-08-28 21:42:13,744 INFO Generate submissions
2026-08-28 21:42:19,557 INFO Saving/Evaluating before nms results
2026-08-28 21:42:24,041 INFO metrics_no_nms OrderedDict([   ('MR-full-R1@0.5', 67.87),
                ('MR-full-R1@0.7', 53.1),
                ('MR-full-mAP', 48.42),
                ('MR-full-mAP@0.5', 68.44),
                ('MR-full-mAP@0.75', 49.26),
                ('MR-long-mAP', 54.08),
                ('MR-middle-mAP', 50.95),
                ('MR-short-mAP', 11.97),
                ('HL-min-Fair-mAP', 78.33),
                ('HL-min-Fair-Hit1', 80.65),
                ('HL-min-Good-mAP', 67.08),
                ('HL-min-Good-Hit1', 78.77),
                ('HL-min-VeryGood-mAP', 40.95),
                ('HL-min-VeryGood-Hit1', 66.52)])
2026-08-28 21:42:24,363 INFO [Epoch 109]
2026-08-28 21:43:25,122 INFO Epoch[109] class_error 29.3584  class_error_0 38.3264  class_error_1 33.9850  class_error_2 30.3981  loss_giou 0.2828  loss_giou_0 0.3614  loss_giou_1 0.3072  loss_giou_2 0.2937  loss_iou_scores 0.0529  loss_iou_scores_0 0.0519  loss_iou_scores_1 0.0525  loss_iou_scores_2 0.0538  loss_label 0.0884  loss_label_0 0.1098  loss_label_1 0.0988  loss_label_2 0.0920  loss_mask_iou 0.0000  loss_mask_iou_0 1.5446  loss_mask_iou_1 1.4977  loss_mask_iou_2 1.4909  loss_overall 10.9193  loss_query_cgp_bind 0.0000  loss_query_cgp_route -0.0229  loss_saliency 2.8990  loss_span 0.2087  loss_span_0 0.2567  loss_span_1 0.2212  loss_span_2 0.2133
2026-08-28 21:43:25,124 INFO Generate submissions
2026-08-28 21:43:31,036 INFO Saving/Evaluating before nms results
2026-08-28 21:43:36,091 INFO metrics_no_nms OrderedDict([   ('MR-full-R1@0.5', 67.55),
                ('MR-full-R1@0.7', 53.1),
                ('MR-full-mAP', 48.32),
                ('MR-full-mAP@0.5', 68.44),
                ('MR-full-mAP@0.75', 49.35),
                ('MR-long-mAP', 54.75),
                ('MR-middle-mAP', 50.39),
                ('MR-short-mAP', 11.6),
                ('HL-min-Fair-mAP', 78.21),
                ('HL-min-Fair-Hit1', 80.45),
                ('HL-min-Good-mAP', 67.02),
                ('HL-min-Good-Hit1', 78.77),
                ('HL-min-VeryGood-mAP', 40.93),
                ('HL-min-VeryGood-Hit1', 66.19)])
2026-08-28 21:43:36,487 INFO [Epoch 110]
2026-08-28 21:44:34,750 INFO Epoch[110] class_error 29.0040  class_error_0 38.1776  class_error_1 33.2090  class_error_2 30.1590  loss_giou 0.2824  loss_giou_0 0.3599  loss_giou_1 0.3077  loss_giou_2 0.2935  loss_iou_scores 0.0519  loss_iou_scores_0 0.0508  loss_iou_scores_1 0.0516  loss_iou_scores_2 0.0525  loss_label 0.0867  loss_label_0 0.1077  loss_label_1 0.0978  loss_label_2 0.0902  loss_mask_iou 0.0000  loss_mask_iou_0 1.5574  loss_mask_iou_1 1.4958  loss_mask_iou_2 1.4879  loss_overall 10.8953  loss_query_cgp_bind 0.0000  loss_query_cgp_route -0.0230  loss_saliency 2.8940  loss_span 0.2062  loss_span_0 0.2533  loss_span_1 0.2172  loss_span_2 0.2111
2026-08-28 21:44:34,753 INFO Generate submissions
2026-08-28 21:44:40,520 INFO Saving/Evaluating before nms results
2026-08-28 21:44:45,676 INFO metrics_no_nms OrderedDict([   ('MR-full-R1@0.5', 67.23),
                ('MR-full-R1@0.7', 52.65),
                ('MR-full-mAP', 48.02),
                ('MR-full-mAP@0.5', 67.96),
                ('MR-full-mAP@0.75', 49.36),
                ('MR-long-mAP', 54.47),
                ('MR-middle-mAP', 50.26),
                ('MR-short-mAP', 11.81),
                ('HL-min-Fair-mAP', 78.3),
                ('HL-min-Fair-Hit1', 80.26),
                ('HL-min-Good-mAP', 67.1),
                ('HL-min-Good-Hit1', 78.58),
                ('HL-min-VeryGood-mAP', 41.02),
                ('HL-min-VeryGood-Hit1', 66.45)])
2026-08-28 21:44:45,997 INFO [Epoch 111]
2026-08-28 21:45:47,046 INFO Epoch[111] class_error 28.8959  class_error_0 38.0866  class_error_1 32.9237  class_error_2 29.8930  loss_giou 0.2838  loss_giou_0 0.3601  loss_giou_1 0.3083  loss_giou_2 0.2936  loss_iou_scores 0.0520  loss_iou_scores_0 0.0506  loss_iou_scores_1 0.0517  loss_iou_scores_2 0.0526  loss_label 0.0870  loss_label_0 0.1077  loss_label_1 0.0979  loss_label_2 0.0905  loss_mask_iou 0.0000  loss_mask_iou_0 1.5557  loss_mask_iou_1 1.5001  loss_mask_iou_2 1.4874  loss_overall 10.8896  loss_query_cgp_bind 0.0000  loss_query_cgp_route -0.0228  loss_saliency 2.8952  loss_span 0.2036  loss_span_0 0.2491  loss_span_1 0.2150  loss_span_2 0.2080
2026-08-28 21:45:47,050 INFO Generate submissions
2026-08-28 21:45:52,273 INFO Saving/Evaluating before nms results
2026-08-28 21:45:56,670 INFO metrics_no_nms OrderedDict([   ('MR-full-R1@0.5', 67.68),
                ('MR-full-R1@0.7', 53.03),
                ('MR-full-mAP', 48.05),
                ('MR-full-mAP@0.5', 68.29),
                ('MR-full-mAP@0.75', 49.54),
                ('MR-long-mAP', 54.36),
                ('MR-middle-mAP', 50.22),
                ('MR-short-mAP', 11.89),
                ('HL-min-Fair-mAP', 78.37),
                ('HL-min-Fair-Hit1', 81.1),
                ('HL-min-Good-mAP', 67.13),
                ('HL-min-Good-Hit1', 79.23),
                ('HL-min-VeryGood-mAP', 40.99),
                ('HL-min-VeryGood-Hit1', 67.03)])
2026-08-28 21:45:57,023 INFO [Epoch 112]
2026-08-28 21:46:57,339 INFO Epoch[112] class_error 28.6949  class_error_0 37.5538  class_error_1 32.7337  class_error_2 29.4361  loss_giou 0.2832  loss_giou_0 0.3578  loss_giou_1 0.3063  loss_giou_2 0.2928  loss_iou_scores 0.0523  loss_iou_scores_0 0.0506  loss_iou_scores_1 0.0519  loss_iou_scores_2 0.0535  loss_label 0.0862  loss_label_0 0.1074  loss_label_1 0.0983  loss_label_2 0.0903  loss_mask_iou 0.0000  loss_mask_iou_0 1.5454  loss_mask_iou_1 1.4954  loss_mask_iou_2 1.4832  loss_overall 10.8693  loss_query_cgp_bind 0.0000  loss_query_cgp_route -0.0230  loss_saliency 2.8943  loss_span 0.2059  loss_span_0 0.2495  loss_span_1 0.2160  loss_span_2 0.2107
2026-08-28 21:46:57,342 INFO Generate submissions
2026-08-28 21:47:02,661 INFO Saving/Evaluating before nms results
2026-08-28 21:47:07,043 INFO metrics_no_nms OrderedDict([   ('MR-full-R1@0.5', 67.87),
                ('MR-full-R1@0.7', 52.77),
                ('MR-full-mAP', 48.33),
                ('MR-full-mAP@0.5', 68.51),
                ('MR-full-mAP@0.75', 49.32),
                ('MR-long-mAP', 55.05),
                ('MR-middle-mAP', 50.59),
                ('MR-short-mAP', 11.16),
                ('HL-min-Fair-mAP', 78.18),
                ('HL-min-Fair-Hit1', 80.58),
                ('HL-min-Good-mAP', 67.01),
                ('HL-min-Good-Hit1', 78.77),
                ('HL-min-VeryGood-mAP', 40.87),
                ('HL-min-VeryGood-Hit1', 66.32)])
2026-08-28 21:47:07,360 INFO [Epoch 113]
2026-08-28 21:48:08,120 INFO Epoch[113] class_error 28.6064  class_error_0 38.0126  class_error_1 32.6131  class_error_2 29.7865  loss_giou 0.2817  loss_giou_0 0.3570  loss_giou_1 0.3038  loss_giou_2 0.2911  loss_iou_scores 0.0515  loss_iou_scores_0 0.0502  loss_iou_scores_1 0.0513  loss_iou_scores_2 0.0524  loss_label 0.0860  loss_label_0 0.1078  loss_label_1 0.0972  loss_label_2 0.0892  loss_mask_iou 0.0000  loss_mask_iou_0 1.5462  loss_mask_iou_1 1.4909  loss_mask_iou_2 1.4777  loss_overall 10.8467  loss_query_cgp_bind 0.0000  loss_query_cgp_route -0.0229  loss_saliency 2.8925  loss_span 0.2046  loss_span_0 0.2511  loss_span_1 0.2159  loss_span_2 0.2098
2026-08-28 21:48:08,124 INFO Generate submissions
2026-08-28 21:48:13,290 INFO Saving/Evaluating before nms results
2026-08-28 21:48:17,478 INFO metrics_no_nms OrderedDict([   ('MR-full-R1@0.5', 67.81),
                ('MR-full-R1@0.7', 53.55),
                ('MR-full-mAP', 48.15),
                ('MR-full-mAP@0.5', 68.5),
                ('MR-full-mAP@0.75', 49.39),
                ('MR-long-mAP', 54.49),
                ('MR-middle-mAP', 50.56),
                ('MR-short-mAP', 11.39),
                ('HL-min-Fair-mAP', 78.17),
                ('HL-min-Fair-Hit1', 80.39),
                ('HL-min-Good-mAP', 67.03),
                ('HL-min-Good-Hit1', 78.39),
                ('HL-min-VeryGood-mAP', 40.91),
                ('HL-min-VeryGood-Hit1', 66.06)])
2026-08-28 21:48:17,808 INFO [Epoch 114]
2026-08-28 21:49:18,908 INFO Epoch[114] class_error 28.0872  class_error_0 37.6835  class_error_1 32.8237  class_error_2 29.8962  loss_giou 0.2809  loss_giou_0 0.3585  loss_giou_1 0.3043  loss_giou_2 0.2907  loss_iou_scores 0.0517  loss_iou_scores_0 0.0504  loss_iou_scores_1 0.0510  loss_iou_scores_2 0.0521  loss_label 0.0854  loss_label_0 0.1072  loss_label_1 0.0975  loss_label_2 0.0893  loss_mask_iou 0.0000  loss_mask_iou_0 1.5384  loss_mask_iou_1 1.4849  loss_mask_iou_2 1.4791  loss_overall 10.8243  loss_query_cgp_bind 0.0000  loss_query_cgp_route -0.0229  loss_saliency 2.8895  loss_span 0.2054  loss_span_0 0.2505  loss_span_1 0.2147  loss_span_2 0.2093
2026-08-28 21:49:18,911 INFO Generate submissions
2026-08-28 21:49:24,753 INFO Saving/Evaluating before nms results
2026-08-28 21:49:28,831 INFO metrics_no_nms OrderedDict([   ('MR-full-R1@0.5', 68.19),
                ('MR-full-R1@0.7', 53.29),
                ('MR-full-mAP', 48.37),
                ('MR-full-mAP@0.5', 68.7),
                ('MR-full-mAP@0.75', 49.43),
                ('MR-long-mAP', 55.15),
                ('MR-middle-mAP', 50.57),
                ('MR-short-mAP', 11.52),
                ('HL-min-Fair-mAP', 78.18),
                ('HL-min-Fair-Hit1', 80.39),
                ('HL-min-Good-mAP', 67.11),
                ('HL-min-Good-Hit1', 78.39),
                ('HL-min-VeryGood-mAP', 41.08),
                ('HL-min-VeryGood-Hit1', 66.45)])
2026-08-28 21:49:29,172 INFO [Epoch 115]
2026-08-28 21:50:29,441 INFO Epoch[115] class_error 28.9496  class_error_0 37.7889  class_error_1 32.8279  class_error_2 30.3191  loss_giou 0.2808  loss_giou_0 0.3574  loss_giou_1 0.3043  loss_giou_2 0.2909  loss_iou_scores 0.0525  loss_iou_scores_0 0.0506  loss_iou_scores_1 0.0523  loss_iou_scores_2 0.0529  loss_label 0.0869  loss_label_0 0.1077  loss_label_1 0.0987  loss_label_2 0.0906  loss_mask_iou 0.0000  loss_mask_iou_0 1.5374  loss_mask_iou_1 1.4805  loss_mask_iou_2 1.4706  loss_overall 10.8169  loss_query_cgp_bind 0.0000  loss_query_cgp_route -0.0230  loss_saliency 2.8930  loss_span 0.2039  loss_span_0 0.2506  loss_span_1 0.2149  loss_span_2 0.2086
2026-08-28 21:50:29,444 INFO Generate submissions
2026-08-28 21:50:35,247 INFO Saving/Evaluating before nms results
2026-08-28 21:50:39,494 INFO metrics_no_nms OrderedDict([   ('MR-full-R1@0.5', 67.87),
                ('MR-full-R1@0.7', 53.87),
                ('MR-full-mAP', 48.18),
                ('MR-full-mAP@0.5', 68.22),
                ('MR-full-mAP@0.75', 49.16),
                ('MR-long-mAP', 54.62),
                ('MR-middle-mAP', 50.23),
                ('MR-short-mAP', 12.1),
                ('HL-min-Fair-mAP', 78.2),
                ('HL-min-Fair-Hit1', 80.71),
                ('HL-min-Good-mAP', 67.05),
                ('HL-min-Good-Hit1', 78.77),
                ('HL-min-VeryGood-mAP', 40.97),
                ('HL-min-VeryGood-Hit1', 67.16)])
2026-08-28 21:50:39,797 INFO [Epoch 116]
2026-08-28 21:51:39,350 INFO Epoch[116] class_error 28.6350  class_error_0 37.1222  class_error_1 33.1935  class_error_2 30.0152  loss_giou 0.2811  loss_giou_0 0.3557  loss_giou_1 0.3047  loss_giou_2 0.2913  loss_iou_scores 0.0509  loss_iou_scores_0 0.0495  loss_iou_scores_1 0.0509  loss_iou_scores_2 0.0517  loss_label 0.0856  loss_label_0 0.1063  loss_label_1 0.0970  loss_label_2 0.0892  loss_mask_iou 0.0000  loss_mask_iou_0 1.5452  loss_mask_iou_1 1.4851  loss_mask_iou_2 1.4781  loss_overall 10.8312  loss_query_cgp_bind 0.0000  loss_query_cgp_route -0.0229  loss_saliency 2.8862  loss_span 0.2060  loss_span_0 0.2505  loss_span_1 0.2157  loss_span_2 0.2108
2026-08-28 21:51:39,352 INFO Generate submissions
2026-08-28 21:51:44,728 INFO Saving/Evaluating before nms results
2026-08-28 21:51:48,619 INFO metrics_no_nms OrderedDict([   ('MR-full-R1@0.5', 68.0),
                ('MR-full-R1@0.7', 53.23),
                ('MR-full-mAP', 48.13),
                ('MR-full-mAP@0.5', 68.53),
                ('MR-full-mAP@0.75', 49.04),
                ('MR-long-mAP', 54.54),
                ('MR-middle-mAP', 50.41),
                ('MR-short-mAP', 11.41),
                ('HL-min-Fair-mAP', 78.23),
                ('HL-min-Fair-Hit1', 81.1),
                ('HL-min-Good-mAP', 67.02),
                ('HL-min-Good-Hit1', 79.16),
                ('HL-min-VeryGood-mAP', 40.97),
                ('HL-min-VeryGood-Hit1', 66.84)])
2026-08-28 21:51:48,930 INFO [Epoch 117]
2026-08-28 21:52:50,029 INFO Epoch[117] class_error 28.0786  class_error_0 37.2591  class_error_1 32.2118  class_error_2 29.0232  loss_giou 0.2806  loss_giou_0 0.3573  loss_giou_1 0.3036  loss_giou_2 0.2897  loss_iou_scores 0.0516  loss_iou_scores_0 0.0506  loss_iou_scores_1 0.0512  loss_iou_scores_2 0.0520  loss_label 0.0858  loss_label_0 0.1068  loss_label_1 0.0968  loss_label_2 0.0893  loss_mask_iou 0.0000  loss_mask_iou_0 1.5271  loss_mask_iou_1 1.4771  loss_mask_iou_2 1.4683  loss_overall 10.7743  loss_query_cgp_bind 0.0000  loss_query_cgp_route -0.0229  loss_saliency 2.8852  loss_span 0.2020  loss_span_0 0.2475  loss_span_1 0.2125  loss_span_2 0.2068
2026-08-28 21:52:50,033 INFO Generate submissions
2026-08-28 21:52:56,324 INFO Saving/Evaluating before nms results
2026-08-28 21:53:00,353 INFO metrics_no_nms OrderedDict([   ('MR-full-R1@0.5', 67.87),
                ('MR-full-R1@0.7', 52.84),
                ('MR-full-mAP', 48.27),
                ('MR-full-mAP@0.5', 68.55),
                ('MR-full-mAP@0.75', 49.16),
                ('MR-long-mAP', 54.65),
                ('MR-middle-mAP', 50.7),
                ('MR-short-mAP', 11.55),
                ('HL-min-Fair-mAP', 78.24),
                ('HL-min-Fair-Hit1', 81.1),
                ('HL-min-Good-mAP', 67.07),
                ('HL-min-Good-Hit1', 78.97),
                ('HL-min-VeryGood-mAP', 41.01),
                ('HL-min-VeryGood-Hit1', 66.58)])
2026-08-28 21:53:00,678 INFO [Epoch 118]
2026-08-28 21:54:00,963 INFO Epoch[118] class_error 28.0530  class_error_0 37.1556  class_error_1 31.9592  class_error_2 28.8617  loss_giou 0.2792  loss_giou_0 0.3573  loss_giou_1 0.3035  loss_giou_2 0.2891  loss_iou_scores 0.0512  loss_iou_scores_0 0.0500  loss_iou_scores_1 0.0509  loss_iou_scores_2 0.0515  loss_label 0.0851  loss_label_0 0.1066  loss_label_1 0.0960  loss_label_2 0.0891  loss_mask_iou 0.0000  loss_mask_iou_0 1.5235  loss_mask_iou_1 1.4729  loss_mask_iou_2 1.4587  loss_overall 10.7591  loss_query_cgp_bind 0.0000  loss_query_cgp_route -0.0229  loss_saliency 2.8907  loss_span 0.2016  loss_span_0 0.2472  loss_span_1 0.2117  loss_span_2 0.2060
2026-08-28 21:54:00,966 INFO Generate submissions
2026-08-28 21:54:06,614 INFO Saving/Evaluating before nms results
2026-08-28 21:54:10,708 INFO metrics_no_nms OrderedDict([   ('MR-full-R1@0.5', 67.94),
                ('MR-full-R1@0.7', 52.9),
                ('MR-full-mAP', 48.02),
                ('MR-full-mAP@0.5', 68.55),
                ('MR-full-mAP@0.75', 48.95),
                ('MR-long-mAP', 54.56),
                ('MR-middle-mAP', 50.23),
                ('MR-short-mAP', 11.68),
                ('HL-min-Fair-mAP', 78.2),
                ('HL-min-Fair-Hit1', 80.39),
                ('HL-min-Good-mAP', 67.05),
                ('HL-min-Good-Hit1', 78.45),
                ('HL-min-VeryGood-mAP', 40.98),
                ('HL-min-VeryGood-Hit1', 66.52)])
2026-08-28 21:54:10,993 INFO [Epoch 119]
2026-08-28 21:55:09,914 INFO Epoch[119] class_error 27.9880  class_error_0 37.7309  class_error_1 32.5702  class_error_2 29.0846  loss_giou 0.2810  loss_giou_0 0.3584  loss_giou_1 0.3057  loss_giou_2 0.2908  loss_iou_scores 0.0516  loss_iou_scores_0 0.0504  loss_iou_scores_1 0.0514  loss_iou_scores_2 0.0526  loss_label 0.0859  loss_label_0 0.1069  loss_label_1 0.0971  loss_label_2 0.0890  loss_mask_iou 0.0000  loss_mask_iou_0 1.5238  loss_mask_iou_1 1.4783  loss_mask_iou_2 1.4686  loss_overall 10.7896  loss_query_cgp_bind 0.0000  loss_query_cgp_route -0.0229  loss_saliency 2.8871  loss_span 0.2031  loss_span_0 0.2488  loss_span_1 0.2145  loss_span_2 0.2087
2026-08-28 21:55:09,917 INFO Generate submissions
2026-08-28 21:55:15,724 INFO Saving/Evaluating before nms results
2026-08-28 21:55:20,012 INFO metrics_no_nms OrderedDict([   ('MR-full-R1@0.5', 68.06),
                ('MR-full-R1@0.7', 52.84),
                ('MR-full-mAP', 47.92),
                ('MR-full-mAP@0.5', 68.42),
                ('MR-full-mAP@0.75', 48.9),
                ('MR-long-mAP', 54.5),
                ('MR-middle-mAP', 50.21),
                ('MR-short-mAP', 11.5),
                ('HL-min-Fair-mAP', 78.15),
                ('HL-min-Fair-Hit1', 80.65),
                ('HL-min-Good-mAP', 66.97),
                ('HL-min-Good-Hit1', 78.9),
                ('HL-min-VeryGood-mAP', 40.97),
                ('HL-min-VeryGood-Hit1', 66.77)])
2026-08-28 21:55:20,360 INFO [Epoch 120]
2026-08-28 21:56:20,549 INFO Epoch[120] class_error 28.2826  class_error_0 37.2867  class_error_1 32.7931  class_error_2 29.0042  loss_giou 0.2806  loss_giou_0 0.3576  loss_giou_1 0.3047  loss_giou_2 0.2912  loss_iou_scores 0.0506  loss_iou_scores_0 0.0493  loss_iou_scores_1 0.0505  loss_iou_scores_2 0.0515  loss_label 0.0858  loss_label_0 0.1070  loss_label_1 0.0969  loss_label_2 0.0894  loss_mask_iou 0.0000  loss_mask_iou_0 1.5302  loss_mask_iou_1 1.4784  loss_mask_iou_2 1.4656  loss_overall 10.7858  loss_query_cgp_bind 0.0000  loss_query_cgp_route -0.0229  loss_saliency 2.8888  loss_span 0.2020  loss_span_0 0.2487  loss_span_1 0.2128  loss_span_2 0.2070
2026-08-28 21:56:20,552 INFO Generate submissions
2026-08-28 21:56:27,210 INFO Saving/Evaluating before nms results
2026-08-28 21:56:31,238 INFO metrics_no_nms OrderedDict([   ('MR-full-R1@0.5', 68.26),
                ('MR-full-R1@0.7', 52.52),
                ('MR-full-mAP', 47.98),
                ('MR-full-mAP@0.5', 68.68),
                ('MR-full-mAP@0.75', 49.18),
                ('MR-long-mAP', 55.06),
                ('MR-middle-mAP', 49.83),
                ('MR-short-mAP', 11.22),
                ('HL-min-Fair-mAP', 78.13),
                ('HL-min-Fair-Hit1', 80.39),
                ('HL-min-Good-mAP', 66.99),
                ('HL-min-Good-Hit1', 78.71),
                ('HL-min-VeryGood-mAP', 40.95),
                ('HL-min-VeryGood-Hit1', 66.77)])
2026-08-28 21:56:31,550 INFO [Epoch 121]
2026-08-28 21:57:31,954 INFO Epoch[121] class_error 27.8177  class_error_0 36.6830  class_error_1 31.4509  class_error_2 28.5296  loss_giou 0.2807  loss_giou_0 0.3561  loss_giou_1 0.3032  loss_giou_2 0.2899  loss_iou_scores 0.0502  loss_iou_scores_0 0.0497  loss_iou_scores_1 0.0503  loss_iou_scores_2 0.0512  loss_label 0.0851  loss_label_0 0.1069  loss_label_1 0.0964  loss_label_2 0.0889  loss_mask_iou 0.0000  loss_mask_iou_0 1.5282  loss_mask_iou_1 1.4773  loss_mask_iou_2 1.4675  loss_overall 10.7663  loss_query_cgp_bind 0.0000  loss_query_cgp_route -0.0229  loss_saliency 2.8865  loss_span 0.2013  loss_span_0 0.2473  loss_span_1 0.2115  loss_span_2 0.2052
2026-08-28 21:57:31,957 INFO Generate submissions
2026-08-28 21:57:39,379 INFO Saving/Evaluating before nms results
2026-08-28 21:57:43,980 INFO metrics_no_nms OrderedDict([   ('MR-full-R1@0.5', 67.48),
                ('MR-full-R1@0.7', 53.16),
                ('MR-full-mAP', 48.04),
                ('MR-full-mAP@0.5', 68.01),
                ('MR-full-mAP@0.75', 49.53),
                ('MR-long-mAP', 54.29),
                ('MR-middle-mAP', 50.08),
                ('MR-short-mAP', 12.27),
                ('HL-min-Fair-mAP', 78.11),
                ('HL-min-Fair-Hit1', 80.52),
                ('HL-min-Good-mAP', 66.95),
                ('HL-min-Good-Hit1', 78.52),
                ('HL-min-VeryGood-mAP', 40.96),
                ('HL-min-VeryGood-Hit1', 66.45)])
2026-08-28 21:57:44,366 INFO [Epoch 122]
2026-08-28 21:58:45,909 INFO Epoch[122] class_error 28.8620  class_error_0 37.4954  class_error_1 32.4837  class_error_2 29.5893  loss_giou 0.2768  loss_giou_0 0.3530  loss_giou_1 0.3010  loss_giou_2 0.2873  loss_iou_scores 0.0509  loss_iou_scores_0 0.0502  loss_iou_scores_1 0.0506  loss_iou_scores_2 0.0517  loss_label 0.0859  loss_label_0 0.1066  loss_label_1 0.0969  loss_label_2 0.0892  loss_mask_iou 0.0000  loss_mask_iou_0 1.5157  loss_mask_iou_1 1.4620  loss_mask_iou_2 1.4544  loss_overall 10.7106  loss_query_cgp_bind 0.0000  loss_query_cgp_route -0.0229  loss_saliency 2.8842  loss_span 0.1988  loss_span_0 0.2459  loss_span_1 0.2099  loss_span_2 0.2041
2026-08-28 21:58:45,912 INFO Generate submissions
2026-08-28 21:58:51,750 INFO Saving/Evaluating before nms results
2026-08-28 21:58:56,473 INFO metrics_no_nms OrderedDict([   ('MR-full-R1@0.5', 68.39),
                ('MR-full-R1@0.7', 53.94),
                ('MR-full-mAP', 48.23),
                ('MR-full-mAP@0.5', 68.38),
                ('MR-full-mAP@0.75', 49.31),
                ('MR-long-mAP', 54.56),
                ('MR-middle-mAP', 50.82),
                ('MR-short-mAP', 11.4),
                ('HL-min-Fair-mAP', 78.22),
                ('HL-min-Fair-Hit1', 80.45),
                ('HL-min-Good-mAP', 67.04),
                ('HL-min-Good-Hit1', 78.45),
                ('HL-min-VeryGood-mAP', 40.89),
                ('HL-min-VeryGood-Hit1', 66.0)])
2026-08-28 21:58:56,804 INFO [Epoch 123]
2026-08-28 21:59:57,292 INFO Epoch[123] class_error 28.3043  class_error_0 37.2473  class_error_1 32.1414  class_error_2 29.1557  loss_giou 0.2770  loss_giou_0 0.3553  loss_giou_1 0.3004  loss_giou_2 0.2867  loss_iou_scores 0.0512  loss_iou_scores_0 0.0505  loss_iou_scores_1 0.0513  loss_iou_scores_2 0.0518  loss_label 0.0856  loss_label_0 0.1067  loss_label_1 0.0964  loss_label_2 0.0886  loss_mask_iou 0.0000  loss_mask_iou_0 1.5181  loss_mask_iou_1 1.4678  loss_mask_iou_2 1.4592  loss_overall 10.7291  loss_query_cgp_bind 0.0000  loss_query_cgp_route -0.0229  loss_saliency 2.8822  loss_span 0.2009  loss_span_0 0.2471  loss_span_1 0.2117  loss_span_2 0.2055
2026-08-28 21:59:57,294 INFO Generate submissions
2026-08-28 22:00:02,704 INFO Saving/Evaluating before nms results
2026-08-28 22:00:07,914 INFO metrics_no_nms OrderedDict([   ('MR-full-R1@0.5', 68.26),
                ('MR-full-R1@0.7', 53.48),
                ('MR-full-mAP', 48.28),
                ('MR-full-mAP@0.5', 68.69),
                ('MR-full-mAP@0.75', 49.72),
                ('MR-long-mAP', 54.74),
                ('MR-middle-mAP', 50.7),
                ('MR-short-mAP', 11.77),
                ('HL-min-Fair-mAP', 78.16),
                ('HL-min-Fair-Hit1', 80.32),
                ('HL-min-Good-mAP', 66.97),
                ('HL-min-Good-Hit1', 78.32),
                ('HL-min-VeryGood-mAP', 40.9),
                ('HL-min-VeryGood-Hit1', 66.06)])
2026-08-28 22:00:08,212 INFO [Epoch 124]
2026-08-28 22:01:08,358 INFO Epoch[124] class_error 28.0918  class_error_0 37.4236  class_error_1 31.7171  class_error_2 29.0711  loss_giou 0.2778  loss_giou_0 0.3548  loss_giou_1 0.3006  loss_giou_2 0.2875  loss_iou_scores 0.0514  loss_iou_scores_0 0.0507  loss_iou_scores_1 0.0512  loss_iou_scores_2 0.0522  loss_label 0.0853  loss_label_0 0.1066  loss_label_1 0.0969  loss_label_2 0.0888  loss_mask_iou 0.0000  loss_mask_iou_0 1.5248  loss_mask_iou_1 1.4611  loss_mask_iou_2 1.4534  loss_overall 10.7245  loss_query_cgp_bind 0.0000  loss_query_cgp_route -0.0229  loss_saliency 2.8911  loss_span 0.1996  loss_span_0 0.2456  loss_span_1 0.2101  loss_span_2 0.2043
2026-08-28 22:01:08,360 INFO Generate submissions
2026-08-28 22:01:13,691 INFO Saving/Evaluating before nms results
2026-08-28 22:01:18,803 INFO metrics_no_nms OrderedDict([   ('MR-full-R1@0.5', 67.74),
                ('MR-full-R1@0.7', 53.23),
                ('MR-full-mAP', 48.13),
                ('MR-full-mAP@0.5', 68.28),
                ('MR-full-mAP@0.75', 49.1),
                ('MR-long-mAP', 54.58),
                ('MR-middle-mAP', 50.52),
                ('MR-short-mAP', 11.54),
                ('HL-min-Fair-mAP', 78.22),
                ('HL-min-Fair-Hit1', 80.45),
                ('HL-min-Good-mAP', 66.97),
                ('HL-min-Good-Hit1', 78.52),
                ('HL-min-VeryGood-mAP', 40.81),
                ('HL-min-VeryGood-Hit1', 66.19)])
2026-08-28 22:01:19,314 INFO [Epoch 125]
2026-08-28 22:02:20,656 INFO Epoch[125] class_error 28.0372  class_error_0 37.1595  class_error_1 31.8466  class_error_2 29.0104  loss_giou 0.2771  loss_giou_0 0.3528  loss_giou_1 0.3024  loss_giou_2 0.2878  loss_iou_scores 0.0513  loss_iou_scores_0 0.0503  loss_iou_scores_1 0.0510  loss_iou_scores_2 0.0524  loss_label 0.0842  loss_label_0 0.1053  loss_label_1 0.0951  loss_label_2 0.0874  loss_mask_iou 0.0000  loss_mask_iou_0 1.5052  loss_mask_iou_1 1.4557  loss_mask_iou_2 1.4477  loss_overall 10.6900  loss_query_cgp_bind 0.0000  loss_query_cgp_route -0.0230  loss_saliency 2.8863  loss_span 0.2009  loss_span_0 0.2475  loss_span_1 0.2125  loss_span_2 0.2062
2026-08-28 22:02:20,659 INFO Generate submissions
2026-08-28 22:02:26,073 INFO Saving/Evaluating before nms results
2026-08-28 22:02:31,461 INFO metrics_no_nms OrderedDict([   ('MR-full-R1@0.5', 68.39),
                ('MR-full-R1@0.7', 54.0),
                ('MR-full-mAP', 48.27),
                ('MR-full-mAP@0.5', 68.66),
                ('MR-full-mAP@0.75', 49.63),
                ('MR-long-mAP', 54.2),
                ('MR-middle-mAP', 50.89),
                ('MR-short-mAP', 11.83),
                ('HL-min-Fair-mAP', 78.22),
                ('HL-min-Fair-Hit1', 80.84),
                ('HL-min-Good-mAP', 67.03),
                ('HL-min-Good-Hit1', 78.84),
                ('HL-min-VeryGood-mAP', 40.93),
                ('HL-min-VeryGood-Hit1', 66.19)])
2026-08-28 22:02:31,793 INFO [Epoch 126]
2026-08-28 22:03:32,627 INFO Epoch[126] class_error 27.8405  class_error_0 36.6251  class_error_1 31.8919  class_error_2 28.8103  loss_giou 0.2739  loss_giou_0 0.3502  loss_giou_1 0.2971  loss_giou_2 0.2832  loss_iou_scores 0.0511  loss_iou_scores_0 0.0504  loss_iou_scores_1 0.0510  loss_iou_scores_2 0.0518  loss_label 0.0848  loss_label_0 0.1061  loss_label_1 0.0964  loss_label_2 0.0890  loss_mask_iou 0.0000  loss_mask_iou_0 1.4997  loss_mask_iou_1 1.4487  loss_mask_iou_2 1.4408  loss_overall 10.6477  loss_query_cgp_bind 0.0000  loss_query_cgp_route -0.0229  loss_saliency 2.8890  loss_span 0.1960  loss_span_0 0.2429  loss_span_1 0.2074  loss_span_2 0.2004
2026-08-28 22:03:32,630 INFO Generate submissions
2026-08-28 22:03:38,269 INFO Saving/Evaluating before nms results
2026-08-28 22:03:43,280 INFO metrics_no_nms OrderedDict([   ('MR-full-R1@0.5', 67.87),
                ('MR-full-R1@0.7', 53.29),
                ('MR-full-mAP', 48.23),
                ('MR-full-mAP@0.5', 68.39),
                ('MR-full-mAP@0.75', 49.64),
                ('MR-long-mAP', 54.62),
                ('MR-middle-mAP', 50.67),
                ('MR-short-mAP', 11.7),
                ('HL-min-Fair-mAP', 78.17),
                ('HL-min-Fair-Hit1', 80.52),
                ('HL-min-Good-mAP', 67.05),
                ('HL-min-Good-Hit1', 78.65),
                ('HL-min-VeryGood-mAP', 40.98),
                ('HL-min-VeryGood-Hit1', 66.26)])
2026-08-28 22:03:43,773 INFO [Epoch 127]
2026-08-28 22:04:45,454 INFO Epoch[127] class_error 28.6321  class_error_0 37.1246  class_error_1 32.4911  class_error_2 29.8295  loss_giou 0.2783  loss_giou_0 0.3536  loss_giou_1 0.3025  loss_giou_2 0.2893  loss_iou_scores 0.0517  loss_iou_scores_0 0.0501  loss_iou_scores_1 0.0512  loss_iou_scores_2 0.0522  loss_label 0.0855  loss_label_0 0.1063  loss_label_1 0.0965  loss_label_2 0.0895  loss_mask_iou 0.0000  loss_mask_iou_0 1.5148  loss_mask_iou_1 1.4554  loss_mask_iou_2 1.4412  loss_overall 10.6946  loss_query_cgp_bind 0.0000  loss_query_cgp_route -0.0229  loss_saliency 2.8836  loss_span 0.1988  loss_span_0 0.2452  loss_span_1 0.2102  loss_span_2 0.2043
2026-08-28 22:04:45,457 INFO Generate submissions
2026-08-28 22:04:52,045 INFO Saving/Evaluating before nms results
2026-08-28 22:04:56,868 INFO metrics_no_nms OrderedDict([   ('MR-full-R1@0.5', 67.74),
                ('MR-full-R1@0.7', 53.03),
                ('MR-full-mAP', 48.47),
                ('MR-full-mAP@0.5', 68.41),
                ('MR-full-mAP@0.75', 49.63),
                ('MR-long-mAP', 55.62),
                ('MR-middle-mAP', 50.45),
                ('MR-short-mAP', 11.24),
                ('HL-min-Fair-mAP', 78.06),
                ('HL-min-Fair-Hit1', 80.39),
                ('HL-min-Good-mAP', 66.98),
                ('HL-min-Good-Hit1', 78.45),
                ('HL-min-VeryGood-mAP', 41.04),
                ('HL-min-VeryGood-Hit1', 66.0)])
2026-08-28 22:04:57,359 INFO [Epoch 128]
2026-08-28 22:05:57,486 INFO Epoch[128] class_error 28.2975  class_error_0 37.1892  class_error_1 32.4601  class_error_2 29.1508  loss_giou 0.2780  loss_giou_0 0.3563  loss_giou_1 0.3006  loss_giou_2 0.2876  loss_iou_scores 0.0515  loss_iou_scores_0 0.0501  loss_iou_scores_1 0.0509  loss_iou_scores_2 0.0521  loss_label 0.0844  loss_label_0 0.1066  loss_label_1 0.0959  loss_label_2 0.0885  loss_mask_iou 0.0000  loss_mask_iou_0 1.5077  loss_mask_iou_1 1.4522  loss_mask_iou_2 1.4433  loss_overall 10.6812  loss_query_cgp_bind 0.0000  loss_query_cgp_route -0.0229  loss_saliency 2.8824  loss_span 0.1998  loss_span_0 0.2456  loss_span_1 0.2102  loss_span_2 0.2041
2026-08-28 22:05:57,490 INFO Generate submissions
2026-08-28 22:06:03,303 INFO Saving/Evaluating before nms results
2026-08-28 22:06:08,566 INFO metrics_no_nms OrderedDict([   ('MR-full-R1@0.5', 68.58),
                ('MR-full-R1@0.7', 53.1),
                ('MR-full-mAP', 48.1),
                ('MR-full-mAP@0.5', 68.76),
                ('MR-full-mAP@0.75', 49.29),
                ('MR-long-mAP', 54.89),
                ('MR-middle-mAP', 50.28),
                ('MR-short-mAP', 11.77),
                ('HL-min-Fair-mAP', 78.05),
                ('HL-min-Fair-Hit1', 80.58),
                ('HL-min-Good-mAP', 67.0),
                ('HL-min-Good-Hit1', 78.77),
                ('HL-min-VeryGood-mAP', 40.99),
                ('HL-min-VeryGood-Hit1', 66.65)])
2026-08-28 22:06:08,970 INFO [Epoch 129]
2026-08-28 22:07:11,705 INFO Epoch[129] class_error 27.5251  class_error_0 36.0088  class_error_1 31.8688  class_error_2 28.7315  loss_giou 0.2769  loss_giou_0 0.3528  loss_giou_1 0.3009  loss_giou_2 0.2871  loss_iou_scores 0.0507  loss_iou_scores_0 0.0504  loss_iou_scores_1 0.0507  loss_iou_scores_2 0.0512  loss_label 0.0835  loss_label_0 0.1050  loss_label_1 0.0953  loss_label_2 0.0876  loss_mask_iou 0.0000  loss_mask_iou_0 1.5078  loss_mask_iou_1 1.4559  loss_mask_iou_2 1.4459  loss_overall 10.6842  loss_query_cgp_bind 0.0000  loss_query_cgp_route -0.0230  loss_saliency 2.8858  loss_span 0.2013  loss_span_0 0.2451  loss_span_1 0.2118  loss_span_2 0.2059
2026-08-28 22:07:11,709 INFO Generate submissions
2026-08-28 22:07:16,464 INFO Saving/Evaluating before nms results
2026-08-28 22:07:21,472 INFO metrics_no_nms OrderedDict([   ('MR-full-R1@0.5', 68.0),
                ('MR-full-R1@0.7', 53.42),
                ('MR-full-mAP', 48.46),
                ('MR-full-mAP@0.5', 68.67),
                ('MR-full-mAP@0.75', 49.88),
                ('MR-long-mAP', 55.19),
                ('MR-middle-mAP', 50.39),
                ('MR-short-mAP', 11.98),
                ('HL-min-Fair-mAP', 78.28),
                ('HL-min-Fair-Hit1', 80.9),
                ('HL-min-Good-mAP', 67.18),
                ('HL-min-Good-Hit1', 78.97),
                ('HL-min-VeryGood-mAP', 41.08),
                ('HL-min-VeryGood-Hit1', 66.45)])
2026-08-28 22:07:21,821 INFO [Epoch 130]
2026-08-28 22:08:23,337 INFO Epoch[130] class_error 28.5183  class_error_0 36.8202  class_error_1 32.1885  class_error_2 29.1196  loss_giou 0.2731  loss_giou_0 0.3527  loss_giou_1 0.2975  loss_giou_2 0.2830  loss_iou_scores 0.0513  loss_iou_scores_0 0.0502  loss_iou_scores_1 0.0511  loss_iou_scores_2 0.0520  loss_label 0.0854  loss_label_0 0.1061  loss_label_1 0.0957  loss_label_2 0.0888  loss_mask_iou 0.0000  loss_mask_iou_0 1.4941  loss_mask_iou_1 1.4422  loss_mask_iou_2 1.4257  loss_overall 10.6104  loss_query_cgp_bind 0.0000  loss_query_cgp_route -0.0229  loss_saliency 2.8826  loss_span 0.1962  loss_span_0 0.2437  loss_span_1 0.2078  loss_span_2 0.2013
2026-08-28 22:08:23,340 INFO Generate submissions
2026-08-28 22:08:28,663 INFO Saving/Evaluating before nms results
2026-08-28 22:08:33,400 INFO metrics_no_nms OrderedDict([   ('MR-full-R1@0.5', 67.81),
                ('MR-full-R1@0.7', 53.23),
                ('MR-full-mAP', 48.35),
                ('MR-full-mAP@0.5', 68.44),
                ('MR-full-mAP@0.75', 49.67),
                ('MR-long-mAP', 54.95),
                ('MR-middle-mAP', 50.32),
                ('MR-short-mAP', 12.05),
                ('HL-min-Fair-mAP', 78.14),
                ('HL-min-Fair-Hit1', 80.26),
                ('HL-min-Good-mAP', 67.04),
                ('HL-min-Good-Hit1', 78.06),
                ('HL-min-VeryGood-mAP', 40.97),
                ('HL-min-VeryGood-Hit1', 66.13)])
2026-08-28 22:08:33,761 INFO [Epoch 131]
2026-08-28 22:09:35,376 INFO Epoch[131] class_error 27.7270  class_error_0 36.3758  class_error_1 32.0457  class_error_2 28.3129  loss_giou 0.2767  loss_giou_0 0.3540  loss_giou_1 0.3004  loss_giou_2 0.2862  loss_iou_scores 0.0502  loss_iou_scores_0 0.0498  loss_iou_scores_1 0.0505  loss_iou_scores_2 0.0508  loss_label 0.0842  loss_label_0 0.1049  loss_label_1 0.0952  loss_label_2 0.0873  loss_mask_iou 0.0000  loss_mask_iou_0 1.5109  loss_mask_iou_1 1.4622  loss_mask_iou_2 1.4510  loss_overall 10.6796  loss_query_cgp_bind 0.0000  loss_query_cgp_route -0.0229  loss_saliency 2.8826  loss_span 0.1972  loss_span_0 0.2455  loss_span_1 0.2084  loss_span_2 0.2019
2026-08-28 22:09:35,381 INFO Generate submissions
2026-08-28 22:09:40,040 INFO Saving/Evaluating before nms results
2026-08-28 22:09:45,276 INFO metrics_no_nms OrderedDict([   ('MR-full-R1@0.5', 68.26),
                ('MR-full-R1@0.7', 53.42),
                ('MR-full-mAP', 48.35),
                ('MR-full-mAP@0.5', 68.74),
                ('MR-full-mAP@0.75', 49.27),
                ('MR-long-mAP', 55.08),
                ('MR-middle-mAP', 50.67),
                ('MR-short-mAP', 11.47),
                ('HL-min-Fair-mAP', 78.14),
                ('HL-min-Fair-Hit1', 80.65),
                ('HL-min-Good-mAP', 66.96),
                ('HL-min-Good-Hit1', 78.84),
                ('HL-min-VeryGood-mAP', 40.87),
                ('HL-min-VeryGood-Hit1', 66.71)])
2026-08-28 22:09:45,619 INFO [Epoch 132]
2026-08-28 22:10:46,444 INFO Epoch[132] class_error 27.9174  class_error_0 37.1080  class_error_1 32.3329  class_error_2 28.4872  loss_giou 0.2721  loss_giou_0 0.3504  loss_giou_1 0.2957  loss_giou_2 0.2828  loss_iou_scores 0.0505  loss_iou_scores_0 0.0501  loss_iou_scores_1 0.0508  loss_iou_scores_2 0.0509  loss_label 0.0843  loss_label_0 0.1059  loss_label_1 0.0950  loss_label_2 0.0873  loss_mask_iou 0.0000  loss_mask_iou_0 1.4861  loss_mask_iou_1 1.4348  loss_mask_iou_2 1.4274  loss_overall 10.5818  loss_query_cgp_bind 0.0000  loss_query_cgp_route -0.0229  loss_saliency 2.8833  loss_span 0.1940  loss_span_0 0.2410  loss_span_1 0.2059  loss_span_2 0.1998
2026-08-28 22:10:46,446 INFO Generate submissions
2026-08-28 22:10:51,306 INFO Saving/Evaluating before nms results
2026-08-28 22:10:56,067 INFO metrics_no_nms OrderedDict([   ('MR-full-R1@0.5', 67.87),
                ('MR-full-R1@0.7', 52.45),
                ('MR-full-mAP', 48.15),
                ('MR-full-mAP@0.5', 68.7),
                ('MR-full-mAP@0.75', 49.4),
                ('MR-long-mAP', 55.05),
                ('MR-middle-mAP', 49.9),
                ('MR-short-mAP', 11.57),
                ('HL-min-Fair-mAP', 78.09),
                ('HL-min-Fair-Hit1', 80.26),
                ('HL-min-Good-mAP', 66.96),
                ('HL-min-Good-Hit1', 78.52),
                ('HL-min-VeryGood-mAP', 41.04),
                ('HL-min-VeryGood-Hit1', 66.52)])
2026-08-28 22:10:56,516 INFO [Epoch 133]
2026-08-28 22:11:56,607 INFO Epoch[133] class_error 27.8063  class_error_0 36.3262  class_error_1 30.8555  class_error_2 28.6067  loss_giou 0.2744  loss_giou_0 0.3521  loss_giou_1 0.2983  loss_giou_2 0.2841  loss_iou_scores 0.0504  loss_iou_scores_0 0.0497  loss_iou_scores_1 0.0507  loss_iou_scores_2 0.0512  loss_label 0.0845  loss_label_0 0.1049  loss_label_1 0.0952  loss_label_2 0.0878  loss_mask_iou 0.0000  loss_mask_iou_0 1.5025  loss_mask_iou_1 1.4468  loss_mask_iou_2 1.4356  loss_overall 10.6210  loss_query_cgp_bind 0.0000  loss_query_cgp_route -0.0229  loss_saliency 2.8814  loss_span 0.1937  loss_span_0 0.2422  loss_span_1 0.2055  loss_span_2 0.1990
2026-08-28 22:11:56,611 INFO Generate submissions
2026-08-28 22:12:02,140 INFO Saving/Evaluating before nms results
2026-08-28 22:12:06,466 INFO metrics_no_nms OrderedDict([   ('MR-full-R1@0.5', 67.94),
                ('MR-full-R1@0.7', 54.06),
                ('MR-full-mAP', 48.16),
                ('MR-full-mAP@0.5', 68.46),
                ('MR-full-mAP@0.75', 49.25),
                ('MR-long-mAP', 54.04),
                ('MR-middle-mAP', 50.65),
                ('MR-short-mAP', 12.07),
                ('HL-min-Fair-mAP', 78.24),
                ('HL-min-Fair-Hit1', 80.45),
                ('HL-min-Good-mAP', 67.12),
                ('HL-min-Good-Hit1', 78.71),
                ('HL-min-VeryGood-mAP', 41.09),
                ('HL-min-VeryGood-Hit1', 66.71)])
2026-08-28 22:12:06,986 INFO [Epoch 134]
2026-08-28 22:13:09,499 INFO Epoch[134] class_error 27.8867  class_error_0 36.9274  class_error_1 31.6266  class_error_2 28.9564  loss_giou 0.2725  loss_giou_0 0.3523  loss_giou_1 0.2977  loss_giou_2 0.2834  loss_iou_scores 0.0510  loss_iou_scores_0 0.0504  loss_iou_scores_1 0.0512  loss_iou_scores_2 0.0516  loss_label 0.0854  loss_label_0 0.1058  loss_label_1 0.0956  loss_label_2 0.0885  loss_mask_iou 0.0000  loss_mask_iou_0 1.4900  loss_mask_iou_1 1.4429  loss_mask_iou_2 1.4327  loss_overall 10.6053  loss_query_cgp_bind 0.0000  loss_query_cgp_route -0.0230  loss_saliency 2.8823  loss_span 0.1940  loss_span_0 0.2434  loss_span_1 0.2072  loss_span_2 0.1999
2026-08-28 22:13:09,504 INFO Generate submissions
2026-08-28 22:13:15,769 INFO Saving/Evaluating before nms results
2026-08-28 22:13:21,018 INFO metrics_no_nms OrderedDict([   ('MR-full-R1@0.5', 67.81),
                ('MR-full-R1@0.7', 53.03),
                ('MR-full-mAP', 48.07),
                ('MR-full-mAP@0.5', 68.48),
                ('MR-full-mAP@0.75', 48.96),
                ('MR-long-mAP', 54.21),
                ('MR-middle-mAP', 50.57),
                ('MR-short-mAP', 11.66),
                ('HL-min-Fair-mAP', 78.25),
                ('HL-min-Fair-Hit1', 80.77),
                ('HL-min-Good-mAP', 67.04),
                ('HL-min-Good-Hit1', 78.84),
                ('HL-min-VeryGood-mAP', 40.94),
                ('HL-min-VeryGood-Hit1', 66.65)])
2026-08-28 22:13:21,322 INFO [Epoch 135]
2026-08-28 22:14:23,261 INFO Epoch[135] class_error 27.2710  class_error_0 36.2511  class_error_1 30.8984  class_error_2 28.3579  loss_giou 0.2727  loss_giou_0 0.3500  loss_giou_1 0.2987  loss_giou_2 0.2832  loss_iou_scores 0.0500  loss_iou_scores_0 0.0499  loss_iou_scores_1 0.0500  loss_iou_scores_2 0.0505  loss_label 0.0826  loss_label_0 0.1037  loss_label_1 0.0935  loss_label_2 0.0858  loss_mask_iou 0.0000  loss_mask_iou_0 1.4942  loss_mask_iou_1 1.4381  loss_mask_iou_2 1.4373  loss_overall 10.6007  loss_query_cgp_bind 0.0000  loss_query_cgp_route -0.0230  loss_saliency 2.8808  loss_span 0.1954  loss_span_0 0.2418  loss_span_1 0.2072  loss_span_2 0.2001
2026-08-28 22:14:23,266 INFO Generate submissions
2026-08-28 22:14:28,058 INFO Saving/Evaluating before nms results
2026-08-28 22:14:33,450 INFO metrics_no_nms OrderedDict([   ('MR-full-R1@0.5', 67.61),
                ('MR-full-R1@0.7', 52.52),
                ('MR-full-mAP', 48.37),
                ('MR-full-mAP@0.5', 68.68),
                ('MR-full-mAP@0.75', 49.38),
                ('MR-long-mAP', 55.31),
                ('MR-middle-mAP', 50.1),
                ('MR-short-mAP', 11.82),
                ('HL-min-Fair-mAP', 78.1),
                ('HL-min-Fair-Hit1', 80.58),
                ('HL-min-Good-mAP', 67.01),
                ('HL-min-Good-Hit1', 78.58),
                ('HL-min-VeryGood-mAP', 40.94),
                ('HL-min-VeryGood-Hit1', 66.45)])
2026-08-28 22:14:33,787 INFO [Epoch 136]
2026-08-28 22:15:34,925 INFO Epoch[136] class_error 27.6187  class_error_0 36.0176  class_error_1 31.3785  class_error_2 28.4489  loss_giou 0.2737  loss_giou_0 0.3506  loss_giou_1 0.2983  loss_giou_2 0.2836  loss_iou_scores 0.0510  loss_iou_scores_0 0.0502  loss_iou_scores_1 0.0510  loss_iou_scores_2 0.0517  loss_label 0.0832  loss_label_0 0.1039  loss_label_1 0.0939  loss_label_2 0.0867  loss_mask_iou 0.0000  loss_mask_iou_0 1.5003  loss_mask_iou_1 1.4499  loss_mask_iou_2 1.4303  loss_overall 10.6088  loss_query_cgp_bind 0.0000  loss_query_cgp_route -0.0229  loss_saliency 2.8781  loss_span 0.1950  loss_span_0 0.2404  loss_span_1 0.2056  loss_span_2 0.1993
2026-08-28 22:15:34,928 INFO Generate submissions
2026-08-28 22:15:40,616 INFO Saving/Evaluating before nms results
2026-08-28 22:15:45,694 INFO metrics_no_nms OrderedDict([   ('MR-full-R1@0.5', 68.13),
                ('MR-full-R1@0.7', 53.61),
                ('MR-full-mAP', 48.35),
                ('MR-full-mAP@0.5', 68.53),
                ('MR-full-mAP@0.75', 49.42),
                ('MR-long-mAP', 54.86),
                ('MR-middle-mAP', 50.51),
                ('MR-short-mAP', 11.55),
                ('HL-min-Fair-mAP', 78.09),
                ('HL-min-Fair-Hit1', 80.65),
                ('HL-min-Good-mAP', 66.93),
                ('HL-min-Good-Hit1', 78.71),
                ('HL-min-VeryGood-mAP', 41.01),
                ('HL-min-VeryGood-Hit1', 66.13)])
2026-08-28 22:15:46,083 INFO [Epoch 137]
2026-08-28 22:16:47,656 INFO Epoch[137] class_error 27.7061  class_error_0 35.9547  class_error_1 31.6841  class_error_2 28.6205  loss_giou 0.2712  loss_giou_0 0.3506  loss_giou_1 0.2965  loss_giou_2 0.2825  loss_iou_scores 0.0505  loss_iou_scores_0 0.0494  loss_iou_scores_1 0.0509  loss_iou_scores_2 0.0512  loss_label 0.0834  loss_label_0 0.1037  loss_label_1 0.0941  loss_label_2 0.0864  loss_mask_iou 0.0000  loss_mask_iou_0 1.4915  loss_mask_iou_1 1.4380  loss_mask_iou_2 1.4243  loss_overall 10.5677  loss_query_cgp_bind 0.0000  loss_query_cgp_route -0.0229  loss_saliency 2.8760  loss_span 0.1939  loss_span_0 0.2418  loss_span_1 0.2050  loss_span_2 0.2001
2026-08-28 22:16:47,658 INFO Generate submissions
2026-08-28 22:16:53,259 INFO Saving/Evaluating before nms results
2026-08-28 22:16:58,215 INFO metrics_no_nms OrderedDict([   ('MR-full-R1@0.5', 68.19),
                ('MR-full-R1@0.7', 53.74),
                ('MR-full-mAP', 48.39),
                ('MR-full-mAP@0.5', 68.63),
                ('MR-full-mAP@0.75', 50.1),
                ('MR-long-mAP', 54.72),
                ('MR-middle-mAP', 50.76),
                ('MR-short-mAP', 12.03),
                ('HL-min-Fair-mAP', 78.17),
                ('HL-min-Fair-Hit1', 80.84),
                ('HL-min-Good-mAP', 66.97),
                ('HL-min-Good-Hit1', 78.97),
                ('HL-min-VeryGood-mAP', 40.97),
                ('HL-min-VeryGood-Hit1', 66.97)])
2026-08-28 22:16:58,527 INFO [Epoch 138]
2026-08-28 22:18:00,089 INFO Epoch[138] class_error 27.6210  class_error_0 36.3973  class_error_1 31.2281  class_error_2 28.9032  loss_giou 0.2725  loss_giou_0 0.3475  loss_giou_1 0.2951  loss_giou_2 0.2819  loss_iou_scores 0.0505  loss_iou_scores_0 0.0500  loss_iou_scores_1 0.0513  loss_iou_scores_2 0.0514  loss_label 0.0834  loss_label_0 0.1048  loss_label_1 0.0939  loss_label_2 0.0870  loss_mask_iou 0.0000  loss_mask_iou_0 1.4840  loss_mask_iou_1 1.4343  loss_mask_iou_2 1.4229  loss_overall 10.5547  loss_query_cgp_bind 0.0000  loss_query_cgp_route -0.0229  loss_saliency 2.8789  loss_span 0.1933  loss_span_0 0.2396  loss_span_1 0.2046  loss_span_2 0.1975
2026-08-28 22:18:00,094 INFO Generate submissions
2026-08-28 22:18:05,984 INFO Saving/Evaluating before nms results
2026-08-28 22:18:12,034 INFO metrics_no_nms OrderedDict([   ('MR-full-R1@0.5', 68.06),
                ('MR-full-R1@0.7', 54.06),
                ('MR-full-mAP', 48.38),
                ('MR-full-mAP@0.5', 68.72),
                ('MR-full-mAP@0.75', 49.49),
                ('MR-long-mAP', 54.46),
                ('MR-middle-mAP', 50.58),
                ('MR-short-mAP', 12.35),
                ('HL-min-Fair-mAP', 78.23),
                ('HL-min-Fair-Hit1', 80.52),
                ('HL-min-Good-mAP', 67.02),
                ('HL-min-Good-Hit1', 78.58),
                ('HL-min-VeryGood-mAP', 40.99),
                ('HL-min-VeryGood-Hit1', 66.65)])
2026-08-28 22:18:12,420 INFO [Epoch 139]
2026-08-28 22:19:13,991 INFO Epoch[139] class_error 27.3369  class_error_0 35.8944  class_error_1 31.2885  class_error_2 28.2755  loss_giou 0.2737  loss_giou_0 0.3516  loss_giou_1 0.2978  loss_giou_2 0.2831  loss_iou_scores 0.0507  loss_iou_scores_0 0.0496  loss_iou_scores_1 0.0513  loss_iou_scores_2 0.0518  loss_label 0.0836  loss_label_0 0.1043  loss_label_1 0.0944  loss_label_2 0.0875  loss_mask_iou 0.0000  loss_mask_iou_0 1.4872  loss_mask_iou_1 1.4395  loss_mask_iou_2 1.4326  loss_overall 10.5974  loss_query_cgp_bind 0.0000  loss_query_cgp_route -0.0229  loss_saliency 2.8825  loss_span 0.1961  loss_span_0 0.2420  loss_span_1 0.2068  loss_span_2 0.2001
2026-08-28 22:19:13,994 INFO Generate submissions
2026-08-28 22:19:19,566 INFO Saving/Evaluating before nms results
2026-08-28 22:19:25,497 INFO metrics_no_nms OrderedDict([   ('MR-full-R1@0.5', 67.74),
                ('MR-full-R1@0.7', 53.68),
                ('MR-full-mAP', 48.25),
                ('MR-full-mAP@0.5', 68.42),
                ('MR-full-mAP@0.75', 49.65),
                ('MR-long-mAP', 54.3),
                ('MR-middle-mAP', 50.63),
                ('MR-short-mAP', 11.74),
                ('HL-min-Fair-mAP', 78.19),
                ('HL-min-Fair-Hit1', 80.06),
                ('HL-min-Good-mAP', 66.94),
                ('HL-min-Good-Hit1', 78.0),
                ('HL-min-VeryGood-mAP', 41.1),
                ('HL-min-VeryGood-Hit1', 66.77)])
2026-08-28 22:19:25,859 INFO [Epoch 140]
2026-08-28 22:20:27,661 INFO Epoch[140] class_error 27.6908  class_error_0 34.9033  class_error_1 30.3054  class_error_2 28.7851  loss_giou 0.2731  loss_giou_0 0.3535  loss_giou_1 0.2973  loss_giou_2 0.2837  loss_iou_scores 0.0503  loss_iou_scores_0 0.0491  loss_iou_scores_1 0.0503  loss_iou_scores_2 0.0510  loss_label 0.0839  loss_label_0 0.1048  loss_label_1 0.0949  loss_label_2 0.0875  loss_mask_iou 0.0000  loss_mask_iou_0 1.4814  loss_mask_iou_1 1.4312  loss_mask_iou_2 1.4204  loss_overall 10.5583  loss_query_cgp_bind 0.0000  loss_query_cgp_route -0.0230  loss_saliency 2.8783  loss_span 0.1929  loss_span_0 0.2411  loss_span_1 0.2046  loss_span_2 0.1978
2026-08-28 22:20:27,664 INFO Generate submissions
2026-08-28 22:20:33,013 INFO Saving/Evaluating before nms results
2026-08-28 22:20:38,433 INFO metrics_no_nms OrderedDict([   ('MR-full-R1@0.5', 68.32),
                ('MR-full-R1@0.7', 53.94),
                ('MR-full-mAP', 48.93),
                ('MR-full-mAP@0.5', 69.04),
                ('MR-full-mAP@0.75', 50.43),
                ('MR-long-mAP', 55.68),
                ('MR-middle-mAP', 50.87),
                ('MR-short-mAP', 11.91),
                ('HL-min-Fair-mAP', 78.22),
                ('HL-min-Fair-Hit1', 80.58),
                ('HL-min-Good-mAP', 67.06),
                ('HL-min-Good-Hit1', 78.52),
                ('HL-min-VeryGood-mAP', 40.99),
                ('HL-min-VeryGood-Hit1', 66.58)])
2026-08-28 22:20:38,734 INFO [Best] epoch 140, MR-full-mAP 48.9300
2026-08-28 22:20:39,019 INFO [Epoch 141]
2026-08-28 22:21:40,225 INFO Epoch[141] class_error 27.4535  class_error_0 35.5566  class_error_1 32.0080  class_error_2 28.9153  loss_giou 0.2719  loss_giou_0 0.3508  loss_giou_1 0.2954  loss_giou_2 0.2821  loss_iou_scores 0.0499  loss_iou_scores_0 0.0501  loss_iou_scores_1 0.0501  loss_iou_scores_2 0.0501  loss_label 0.0835  loss_label_0 0.1040  loss_label_1 0.0944  loss_label_2 0.0869  loss_mask_iou 0.0000  loss_mask_iou_0 1.4843  loss_mask_iou_1 1.4269  loss_mask_iou_2 1.4164  loss_overall 10.5402  loss_query_cgp_bind 0.0000  loss_query_cgp_route -0.0230  loss_saliency 2.8765  loss_span 0.1938  loss_span_0 0.2410  loss_span_1 0.2047  loss_span_2 0.1985
2026-08-28 22:21:40,228 INFO Generate submissions
2026-08-28 22:21:46,946 INFO Saving/Evaluating before nms results
2026-08-28 22:21:51,861 INFO metrics_no_nms OrderedDict([   ('MR-full-R1@0.5', 68.26),
                ('MR-full-R1@0.7', 53.48),
                ('MR-full-mAP', 48.65),
                ('MR-full-mAP@0.5', 68.77),
                ('MR-full-mAP@0.75', 49.83),
                ('MR-long-mAP', 54.76),
                ('MR-middle-mAP', 50.93),
                ('MR-short-mAP', 11.91),
                ('HL-min-Fair-mAP', 78.23),
                ('HL-min-Fair-Hit1', 80.77),
                ('HL-min-Good-mAP', 67.05),
                ('HL-min-Good-Hit1', 78.77),
                ('HL-min-VeryGood-mAP', 40.95),
                ('HL-min-VeryGood-Hit1', 66.58)])
2026-08-28 22:21:52,174 INFO [Epoch 142]
2026-08-28 22:22:52,574 INFO Epoch[142] class_error 26.8658  class_error_0 34.7742  class_error_1 30.8068  class_error_2 27.5629  loss_giou 0.2720  loss_giou_0 0.3489  loss_giou_1 0.2947  loss_giou_2 0.2817  loss_iou_scores 0.0495  loss_iou_scores_0 0.0493  loss_iou_scores_1 0.0497  loss_iou_scores_2 0.0501  loss_label 0.0828  loss_label_0 0.1033  loss_label_1 0.0927  loss_label_2 0.0860  loss_mask_iou 0.0000  loss_mask_iou_0 1.4846  loss_mask_iou_1 1.4294  loss_mask_iou_2 1.4169  loss_overall 10.5428  loss_query_cgp_bind 0.0000  loss_query_cgp_route -0.0229  loss_saliency 2.8771  loss_span 0.1957  loss_span_0 0.2423  loss_span_1 0.2071  loss_span_2 0.2001
2026-08-28 22:22:52,577 INFO Generate submissions
2026-08-28 22:22:59,192 INFO Saving/Evaluating before nms results
2026-08-28 22:23:03,465 INFO metrics_no_nms OrderedDict([   ('MR-full-R1@0.5', 67.74),
                ('MR-full-R1@0.7', 53.35),
                ('MR-full-mAP', 48.21),
                ('MR-full-mAP@0.5', 68.46),
                ('MR-full-mAP@0.75', 48.97),
                ('MR-long-mAP', 54.3),
                ('MR-middle-mAP', 50.4),
                ('MR-short-mAP', 11.96),
                ('HL-min-Fair-mAP', 78.22),
                ('HL-min-Fair-Hit1', 80.84),
                ('HL-min-Good-mAP', 67.01),
                ('HL-min-Good-Hit1', 78.77),
                ('HL-min-VeryGood-mAP', 40.94),
                ('HL-min-VeryGood-Hit1', 66.26)])
2026-08-28 22:23:03,805 INFO [Epoch 143]
2026-08-28 22:24:06,840 INFO Epoch[143] class_error 27.2047  class_error_0 35.6082  class_error_1 31.6919  class_error_2 28.6223  loss_giou 0.2718  loss_giou_0 0.3497  loss_giou_1 0.2963  loss_giou_2 0.2821  loss_iou_scores 0.0500  loss_iou_scores_0 0.0497  loss_iou_scores_1 0.0502  loss_iou_scores_2 0.0504  loss_label 0.0831  loss_label_0 0.1039  loss_label_1 0.0939  loss_label_2 0.0866  loss_mask_iou 0.0000  loss_mask_iou_0 1.4757  loss_mask_iou_1 1.4268  loss_mask_iou_2 1.4165  loss_overall 10.5372  loss_query_cgp_bind 0.0000  loss_query_cgp_route -0.0229  loss_saliency 2.8807  loss_span 0.1945  loss_span_0 0.2408  loss_span_1 0.2054  loss_span_2 0.1988
2026-08-28 22:24:06,845 INFO Generate submissions
2026-08-28 22:24:14,631 INFO Saving/Evaluating before nms results
2026-08-28 22:24:18,836 INFO metrics_no_nms OrderedDict([   ('MR-full-R1@0.5', 67.35),
                ('MR-full-R1@0.7', 53.16),
                ('MR-full-mAP', 48.33),
                ('MR-full-mAP@0.5', 68.46),
                ('MR-full-mAP@0.75', 49.52),
                ('MR-long-mAP', 55.43),
                ('MR-middle-mAP', 50.15),
                ('MR-short-mAP', 11.67),
                ('HL-min-Fair-mAP', 78.15),
                ('HL-min-Fair-Hit1', 80.39),
                ('HL-min-Good-mAP', 67.0),
                ('HL-min-Good-Hit1', 78.32),
                ('HL-min-VeryGood-mAP', 40.99),
                ('HL-min-VeryGood-Hit1', 65.87)])
2026-08-28 22:24:19,165 INFO [Epoch 144]
2026-08-28 22:25:20,665 INFO Epoch[144] class_error 27.6507  class_error_0 36.1277  class_error_1 31.8332  class_error_2 28.5322  loss_giou 0.2693  loss_giou_0 0.3473  loss_giou_1 0.2937  loss_giou_2 0.2796  loss_iou_scores 0.0506  loss_iou_scores_0 0.0497  loss_iou_scores_1 0.0499  loss_iou_scores_2 0.0512  loss_label 0.0834  loss_label_0 0.1035  loss_label_1 0.0942  loss_label_2 0.0870  loss_mask_iou 0.0000  loss_mask_iou_0 1.4780  loss_mask_iou_1 1.4188  loss_mask_iou_2 1.4067  loss_overall 10.4890  loss_query_cgp_bind 0.0000  loss_query_cgp_route -0.0230  loss_saliency 2.8746  loss_span 0.1898  loss_span_0 0.2377  loss_span_1 0.2010  loss_span_2 0.1949
2026-08-28 22:25:20,668 INFO Generate submissions
2026-08-28 22:25:27,599 INFO Saving/Evaluating before nms results
2026-08-28 22:25:31,412 INFO metrics_no_nms OrderedDict([   ('MR-full-R1@0.5', 67.74),
                ('MR-full-R1@0.7', 53.42),
                ('MR-full-mAP', 48.44),
                ('MR-full-mAP@0.5', 68.57),
                ('MR-full-mAP@0.75', 49.32),
                ('MR-long-mAP', 55.01),
                ('MR-middle-mAP', 50.39),
                ('MR-short-mAP', 12.05),
                ('HL-min-Fair-mAP', 78.19),
                ('HL-min-Fair-Hit1', 80.45),
                ('HL-min-Good-mAP', 67.1),
                ('HL-min-Good-Hit1', 78.52),
                ('HL-min-VeryGood-mAP', 41.05),
                ('HL-min-VeryGood-Hit1', 66.71)])
2026-08-28 22:25:31,771 INFO [Epoch 145]
2026-08-28 22:26:34,349 INFO Epoch[145] class_error 27.6848  class_error_0 35.3462  class_error_1 31.6295  class_error_2 28.7390  loss_giou 0.2714  loss_giou_0 0.3501  loss_giou_1 0.2948  loss_giou_2 0.2811  loss_iou_scores 0.0498  loss_iou_scores_0 0.0492  loss_iou_scores_1 0.0503  loss_iou_scores_2 0.0505  loss_label 0.0832  loss_label_0 0.1032  loss_label_1 0.0934  loss_label_2 0.0868  loss_mask_iou 0.0000  loss_mask_iou_0 1.4818  loss_mask_iou_1 1.4350  loss_mask_iou_2 1.4183  loss_overall 10.5264  loss_query_cgp_bind 0.0000  loss_query_cgp_route -0.0230  loss_saliency 2.8730  loss_span 0.1914  loss_span_0 0.2396  loss_span_1 0.2027  loss_span_2 0.1954
2026-08-28 22:26:34,352 INFO Generate submissions
2026-08-28 22:26:42,102 INFO Saving/Evaluating before nms results
2026-08-28 22:26:47,038 INFO metrics_no_nms OrderedDict([   ('MR-full-R1@0.5', 68.32),
                ('MR-full-R1@0.7', 53.61),
                ('MR-full-mAP', 48.31),
                ('MR-full-mAP@0.5', 68.57),
                ('MR-full-mAP@0.75', 49.01),
                ('MR-long-mAP', 55.02),
                ('MR-middle-mAP', 50.31),
                ('MR-short-mAP', 11.81),
                ('HL-min-Fair-mAP', 78.04),
                ('HL-min-Fair-Hit1', 80.45),
                ('HL-min-Good-mAP', 66.94),
                ('HL-min-Good-Hit1', 78.45),
                ('HL-min-VeryGood-mAP', 40.85),
                ('HL-min-VeryGood-Hit1', 65.87)])
2026-08-28 22:26:47,321 INFO [Epoch 146]
2026-08-28 22:27:48,277 INFO Epoch[146] class_error 26.8588  class_error_0 36.1471  class_error_1 30.2206  class_error_2 27.5111  loss_giou 0.2690  loss_giou_0 0.3476  loss_giou_1 0.2924  loss_giou_2 0.2791  loss_iou_scores 0.0501  loss_iou_scores_0 0.0487  loss_iou_scores_1 0.0500  loss_iou_scores_2 0.0506  loss_label 0.0818  loss_label_0 0.1039  loss_label_1 0.0921  loss_label_2 0.0849  loss_mask_iou 0.0000  loss_mask_iou_0 1.4703  loss_mask_iou_1 1.4140  loss_mask_iou_2 1.3997  loss_overall 10.4619  loss_query_cgp_bind 0.0000  loss_query_cgp_route -0.0230  loss_saliency 2.8730  loss_span 0.1910  loss_span_0 0.2380  loss_span_1 0.2029  loss_span_2 0.1962
2026-08-28 22:27:48,280 INFO Generate submissions
2026-08-28 22:27:55,657 INFO Saving/Evaluating before nms results
2026-08-28 22:27:59,658 INFO metrics_no_nms OrderedDict([   ('MR-full-R1@0.5', 67.61),
                ('MR-full-R1@0.7', 53.23),
                ('MR-full-mAP', 48.35),
                ('MR-full-mAP@0.5', 68.52),
                ('MR-full-mAP@0.75', 49.33),
                ('MR-long-mAP', 54.55),
                ('MR-middle-mAP', 50.59),
                ('MR-short-mAP', 11.86),
                ('HL-min-Fair-mAP', 78.2),
                ('HL-min-Fair-Hit1', 81.03),
                ('HL-min-Good-mAP', 67.01),
                ('HL-min-Good-Hit1', 79.03),
                ('HL-min-VeryGood-mAP', 40.96),
                ('HL-min-VeryGood-Hit1', 66.71)])
2026-08-28 22:27:59,980 INFO [Epoch 147]
2026-08-28 22:29:00,912 INFO Epoch[147] class_error 26.5819  class_error_0 35.9972  class_error_1 30.7218  class_error_2 27.4259  loss_giou 0.2689  loss_giou_0 0.3495  loss_giou_1 0.2913  loss_giou_2 0.2781  loss_iou_scores 0.0493  loss_iou_scores_0 0.0488  loss_iou_scores_1 0.0506  loss_iou_scores_2 0.0505  loss_label 0.0822  loss_label_0 0.1042  loss_label_1 0.0931  loss_label_2 0.0855  loss_mask_iou 0.0000  loss_mask_iou_0 1.4694  loss_mask_iou_1 1.4196  loss_mask_iou_2 1.4094  loss_overall 10.4828  loss_query_cgp_bind 0.0000  loss_query_cgp_route -0.0229  loss_saliency 2.8750  loss_span 0.1913  loss_span_0 0.2374  loss_span_1 0.2020  loss_span_2 0.1957
2026-08-28 22:29:00,914 INFO Generate submissions
2026-08-28 22:29:08,318 INFO Saving/Evaluating before nms results
2026-08-28 22:29:12,276 INFO metrics_no_nms OrderedDict([   ('MR-full-R1@0.5', 67.74),
                ('MR-full-R1@0.7', 52.39),
                ('MR-full-mAP', 48.12),
                ('MR-full-mAP@0.5', 68.56),
                ('MR-full-mAP@0.75', 49.21),
                ('MR-long-mAP', 54.73),
                ('MR-middle-mAP', 49.93),
                ('MR-short-mAP', 12.02),
                ('HL-min-Fair-mAP', 78.21),
                ('HL-min-Fair-Hit1', 80.9),
                ('HL-min-Good-mAP', 67.07),
                ('HL-min-Good-Hit1', 78.97),
                ('HL-min-VeryGood-mAP', 41.06),
                ('HL-min-VeryGood-Hit1', 66.71)])
2026-08-28 22:29:12,584 INFO [Epoch 148]
2026-08-28 22:30:13,776 INFO Epoch[148] class_error 26.2257  class_error_0 35.7392  class_error_1 30.1270  class_error_2 27.1279  loss_giou 0.2723  loss_giou_0 0.3507  loss_giou_1 0.2969  loss_giou_2 0.2827  loss_iou_scores 0.0489  loss_iou_scores_0 0.0497  loss_iou_scores_1 0.0496  loss_iou_scores_2 0.0497  loss_label 0.0818  loss_label_0 0.1038  loss_label_1 0.0931  loss_label_2 0.0860  loss_mask_iou 0.0000  loss_mask_iou_0 1.4931  loss_mask_iou_1 1.4380  loss_mask_iou_2 1.4338  loss_overall 10.5642  loss_query_cgp_bind 0.0000  loss_query_cgp_route -0.0230  loss_saliency 2.8731  loss_span 0.1934  loss_span_0 0.2400  loss_span_1 0.2049  loss_span_2 0.1984
2026-08-28 22:30:13,781 INFO Generate submissions
2026-08-28 22:30:20,504 INFO Saving/Evaluating before nms results
2026-08-28 22:30:24,843 INFO metrics_no_nms OrderedDict([   ('MR-full-R1@0.5', 67.48),
                ('MR-full-R1@0.7', 52.45),
                ('MR-full-mAP', 48.13),
                ('MR-full-mAP@0.5', 68.64),
                ('MR-full-mAP@0.75', 48.79),
                ('MR-long-mAP', 54.79),
                ('MR-middle-mAP', 49.81),
                ('MR-short-mAP', 12.04),
                ('HL-min-Fair-mAP', 78.03),
                ('HL-min-Fair-Hit1', 80.9),
                ('HL-min-Good-mAP', 66.92),
                ('HL-min-Good-Hit1', 79.03),
                ('HL-min-VeryGood-mAP', 40.94),
                ('HL-min-VeryGood-Hit1', 66.71)])
2026-08-28 22:30:25,166 INFO [Epoch 149]
2026-08-28 22:31:26,130 INFO Epoch[149] class_error 27.6230  class_error_0 35.8822  class_error_1 31.2599  class_error_2 28.3307  loss_giou 0.2681  loss_giou_0 0.3475  loss_giou_1 0.2930  loss_giou_2 0.2796  loss_iou_scores 0.0500  loss_iou_scores_0 0.0505  loss_iou_scores_1 0.0504  loss_iou_scores_2 0.0505  loss_label 0.0844  loss_label_0 0.1041  loss_label_1 0.0941  loss_label_2 0.0873  loss_mask_iou 0.0000  loss_mask_iou_0 1.4694  loss_mask_iou_1 1.4233  loss_mask_iou_2 1.4058  loss_overall 10.4860  loss_query_cgp_bind 0.0000  loss_query_cgp_route -0.0230  loss_saliency 2.8739  loss_span 0.1901  loss_span_0 0.2396  loss_span_1 0.2026  loss_span_2 0.1959
2026-08-28 22:31:26,133 INFO Generate submissions
2026-08-28 22:31:33,675 INFO Saving/Evaluating before nms results
2026-08-28 22:31:38,204 INFO metrics_no_nms OrderedDict([   ('MR-full-R1@0.5', 67.48),
                ('MR-full-R1@0.7', 52.84),
                ('MR-full-mAP', 48.27),
                ('MR-full-mAP@0.5', 68.48),
                ('MR-full-mAP@0.75', 49.1),
                ('MR-long-mAP', 54.82),
                ('MR-middle-mAP', 50.39),
                ('MR-short-mAP', 11.56),
                ('HL-min-Fair-mAP', 78.36),
                ('HL-min-Fair-Hit1', 80.97),
                ('HL-min-Good-mAP', 67.12),
                ('HL-min-Good-Hit1', 79.03),
                ('HL-min-VeryGood-mAP', 41.13),
                ('HL-min-VeryGood-Hit1', 67.16)])
2026-08-28 22:31:38,484 INFO [Epoch 150]
2026-08-28 22:32:39,820 INFO Epoch[150] class_error 26.7851  class_error_0 34.7971  class_error_1 30.2123  class_error_2 27.3947  loss_giou 0.2702  loss_giou_0 0.3480  loss_giou_1 0.2935  loss_giou_2 0.2808  loss_iou_scores 0.0494  loss_iou_scores_0 0.0492  loss_iou_scores_1 0.0498  loss_iou_scores_2 0.0500  loss_label 0.0816  loss_label_0 0.1034  loss_label_1 0.0926  loss_label_2 0.0853  loss_mask_iou 0.0000  loss_mask_iou_0 1.4759  loss_mask_iou_1 1.4280  loss_mask_iou_2 1.4179  loss_overall 10.5033  loss_query_cgp_bind 0.0000  loss_query_cgp_route -0.0230  loss_saliency 2.8737  loss_span 0.1906  loss_span_0 0.2377  loss_span_1 0.2016  loss_span_2 0.1956
2026-08-28 22:32:39,824 INFO Generate submissions
2026-08-28 22:32:45,878 INFO Saving/Evaluating before nms results
2026-08-28 22:32:49,885 INFO metrics_no_nms OrderedDict([   ('MR-full-R1@0.5', 66.84),
                ('MR-full-R1@0.7', 52.52),
                ('MR-full-mAP', 48.11),
                ('MR-full-mAP@0.5', 68.23),
                ('MR-full-mAP@0.75', 49.01),
                ('MR-long-mAP', 54.83),
                ('MR-middle-mAP', 50.1),
                ('MR-short-mAP', 11.35),
                ('HL-min-Fair-mAP', 78.12),
                ('HL-min-Fair-Hit1', 80.26),
                ('HL-min-Good-mAP', 66.94),
                ('HL-min-Good-Hit1', 78.26),
                ('HL-min-VeryGood-mAP', 40.98),
                ('HL-min-VeryGood-Hit1', 66.06)])
2026-08-28 22:32:50,432 INFO [Epoch 151]
2026-08-28 22:33:52,616 INFO Epoch[151] class_error 26.7994  class_error_0 34.7526  class_error_1 31.0668  class_error_2 27.6145  loss_giou 0.2683  loss_giou_0 0.3475  loss_giou_1 0.2914  loss_giou_2 0.2780  loss_iou_scores 0.0493  loss_iou_scores_0 0.0490  loss_iou_scores_1 0.0496  loss_iou_scores_2 0.0498  loss_label 0.0809  loss_label_0 0.1028  loss_label_1 0.0927  loss_label_2 0.0845  loss_mask_iou 0.0000  loss_mask_iou_0 1.4650  loss_mask_iou_1 1.4127  loss_mask_iou_2 1.4082  loss_overall 10.4525  loss_query_cgp_bind 0.0000  loss_query_cgp_route -0.0230  loss_saliency 2.8719  loss_span 0.1911  loss_span_0 0.2389  loss_span_1 0.2019  loss_span_2 0.1957
2026-08-28 22:33:52,618 INFO Generate submissions
2026-08-28 22:33:59,589 INFO Saving/Evaluating before nms results
2026-08-28 22:34:03,704 INFO metrics_no_nms OrderedDict([   ('MR-full-R1@0.5', 68.0),
                ('MR-full-R1@0.7', 53.16),
                ('MR-full-mAP', 48.42),
                ('MR-full-mAP@0.5', 68.9),
                ('MR-full-mAP@0.75', 49.26),
                ('MR-long-mAP', 54.64),
                ('MR-middle-mAP', 50.18),
                ('MR-short-mAP', 12.65),
                ('HL-min-Fair-mAP', 78.12),
                ('HL-min-Fair-Hit1', 80.32),
                ('HL-min-Good-mAP', 67.0),
                ('HL-min-Good-Hit1', 78.39),
                ('HL-min-VeryGood-mAP', 41.04),
                ('HL-min-VeryGood-Hit1', 66.19)])
2026-08-28 22:34:03,976 INFO [Epoch 152]
2026-08-28 22:35:05,205 INFO Epoch[152] class_error 26.9161  class_error_0 35.7382  class_error_1 30.8047  class_error_2 27.3300  loss_giou 0.2713  loss_giou_0 0.3482  loss_giou_1 0.2944  loss_giou_2 0.2814  loss_iou_scores 0.0494  loss_iou_scores_0 0.0496  loss_iou_scores_1 0.0497  loss_iou_scores_2 0.0497  loss_label 0.0832  loss_label_0 0.1038  loss_label_1 0.0940  loss_label_2 0.0870  loss_mask_iou 0.0000  loss_mask_iou_0 1.4756  loss_mask_iou_1 1.4211  loss_mask_iou_2 1.4092  loss_overall 10.4961  loss_query_cgp_bind 0.0000  loss_query_cgp_route -0.0230  loss_saliency 2.8759  loss_span 0.1912  loss_span_0 0.2378  loss_span_1 0.2024  loss_span_2 0.1955
2026-08-28 22:35:05,209 INFO Generate submissions
2026-08-28 22:35:12,324 INFO Saving/Evaluating before nms results
2026-08-28 22:35:16,009 INFO metrics_no_nms OrderedDict([   ('MR-full-R1@0.5', 68.19),
                ('MR-full-R1@0.7', 53.23),
                ('MR-full-mAP', 48.49),
                ('MR-full-mAP@0.5', 68.59),
                ('MR-full-mAP@0.75', 49.82),
                ('MR-long-mAP', 54.96),
                ('MR-middle-mAP', 50.52),
                ('MR-short-mAP', 12.21),
                ('HL-min-Fair-mAP', 78.23),
                ('HL-min-Fair-Hit1', 80.77),
                ('HL-min-Good-mAP', 67.06),
                ('HL-min-Good-Hit1', 78.84),
                ('HL-min-VeryGood-mAP', 40.97),
                ('HL-min-VeryGood-Hit1', 66.13)])
2026-08-28 22:35:16,364 INFO [Epoch 153]
2026-08-28 22:36:18,465 INFO Epoch[153] class_error 26.5427  class_error_0 35.4635  class_error_1 30.9287  class_error_2 27.4251  loss_giou 0.2716  loss_giou_0 0.3504  loss_giou_1 0.2960  loss_giou_2 0.2819  loss_iou_scores 0.0482  loss_iou_scores_0 0.0491  loss_iou_scores_1 0.0491  loss_iou_scores_2 0.0490  loss_label 0.0808  loss_label_0 0.1027  loss_label_1 0.0925  loss_label_2 0.0847  loss_mask_iou 0.0000  loss_mask_iou_0 1.4697  loss_mask_iou_1 1.4216  loss_mask_iou_2 1.4149  loss_overall 10.4866  loss_query_cgp_bind 0.0000  loss_query_cgp_route -0.0230  loss_saliency 2.8657  loss_span 0.1922  loss_span_0 0.2405  loss_span_1 0.2025  loss_span_2 0.1968
2026-08-28 22:36:18,468 INFO Generate submissions
2026-08-28 22:36:25,482 INFO Saving/Evaluating before nms results
2026-08-28 22:36:29,266 INFO metrics_no_nms OrderedDict([   ('MR-full-R1@0.5', 67.87),
                ('MR-full-R1@0.7', 53.16),
                ('MR-full-mAP', 48.45),
                ('MR-full-mAP@0.5', 68.53),
                ('MR-full-mAP@0.75', 49.56),
                ('MR-long-mAP', 54.77),
                ('MR-middle-mAP', 50.43),
                ('MR-short-mAP', 12.5),
                ('HL-min-Fair-mAP', 77.97),
                ('HL-min-Fair-Hit1', 80.58),
                ('HL-min-Good-mAP', 66.77),
                ('HL-min-Good-Hit1', 78.71),
                ('HL-min-VeryGood-mAP', 40.8),
                ('HL-min-VeryGood-Hit1', 66.32)])
2026-08-28 22:36:29,761 INFO [Epoch 154]
2026-08-28 22:37:31,558 INFO Epoch[154] class_error 26.8017  class_error_0 35.4023  class_error_1 30.2374  class_error_2 26.8524  loss_giou 0.2707  loss_giou_0 0.3482  loss_giou_1 0.2950  loss_giou_2 0.2814  loss_iou_scores 0.0488  loss_iou_scores_0 0.0494  loss_iou_scores_1 0.0495  loss_iou_scores_2 0.0492  loss_label 0.0812  loss_label_0 0.1024  loss_label_1 0.0915  loss_label_2 0.0846  loss_mask_iou 0.0000  loss_mask_iou_0 1.4804  loss_mask_iou_1 1.4237  loss_mask_iou_2 1.4190  loss_overall 10.4967  loss_query_cgp_bind 0.0000  loss_query_cgp_route -0.0230  loss_saliency 2.8669  loss_span 0.1910  loss_span_0 0.2376  loss_span_1 0.2025  loss_span_2 0.1960
2026-08-28 22:37:31,564 INFO Generate submissions
2026-08-28 22:37:39,019 INFO Saving/Evaluating before nms results
2026-08-28 22:37:43,094 INFO metrics_no_nms OrderedDict([   ('MR-full-R1@0.5', 68.26),
                ('MR-full-R1@0.7', 53.03),
                ('MR-full-mAP', 48.48),
                ('MR-full-mAP@0.5', 68.95),
                ('MR-full-mAP@0.75', 49.68),
                ('MR-long-mAP', 55.13),
                ('MR-middle-mAP', 50.48),
                ('MR-short-mAP', 11.61),
                ('HL-min-Fair-mAP', 78.21),
                ('HL-min-Fair-Hit1', 80.71),
                ('HL-min-Good-mAP', 66.98),
                ('HL-min-Good-Hit1', 79.03),
                ('HL-min-VeryGood-mAP', 41.0),
                ('HL-min-VeryGood-Hit1', 67.35)])
2026-08-28 22:37:43,617 INFO [Epoch 155]
2026-08-28 22:38:45,846 INFO Epoch[155] class_error 26.4621  class_error_0 35.4008  class_error_1 30.3001  class_error_2 27.3852  loss_giou 0.2681  loss_giou_0 0.3455  loss_giou_1 0.2927  loss_giou_2 0.2777  loss_iou_scores 0.0491  loss_iou_scores_0 0.0490  loss_iou_scores_1 0.0498  loss_iou_scores_2 0.0498  loss_label 0.0819  loss_label_0 0.1034  loss_label_1 0.0923  loss_label_2 0.0851  loss_mask_iou 0.0000  loss_mask_iou_0 1.4654  loss_mask_iou_1 1.4138  loss_mask_iou_2 1.3984  loss_overall 10.4345  loss_query_cgp_bind 0.0000  loss_query_cgp_route -0.0229  loss_saliency 2.8711  loss_span 0.1878  loss_span_0 0.2357  loss_span_1 0.1996  loss_span_2 0.1929
2026-08-28 22:38:45,849 INFO Generate submissions
2026-08-28 22:38:51,718 INFO Saving/Evaluating before nms results
2026-08-28 22:38:55,638 INFO metrics_no_nms OrderedDict([   ('MR-full-R1@0.5', 68.26),
                ('MR-full-R1@0.7', 53.61),
                ('MR-full-mAP', 48.44),
                ('MR-full-mAP@0.5', 68.64),
                ('MR-full-mAP@0.75', 49.68),
                ('MR-long-mAP', 54.68),
                ('MR-middle-mAP', 50.87),
                ('MR-short-mAP', 11.86),
                ('HL-min-Fair-mAP', 78.2),
                ('HL-min-Fair-Hit1', 80.65),
                ('HL-min-Good-mAP', 67.01),
                ('HL-min-Good-Hit1', 78.58),
                ('HL-min-VeryGood-mAP', 41.03),
                ('HL-min-VeryGood-Hit1', 66.77)])
2026-08-28 22:38:56,007 INFO [Epoch 156]
2026-08-28 22:39:57,549 INFO Epoch[156] class_error 25.9391  class_error_0 35.2118  class_error_1 30.0498  class_error_2 26.9637  loss_giou 0.2673  loss_giou_0 0.3440  loss_giou_1 0.2911  loss_giou_2 0.2772  loss_iou_scores 0.0495  loss_iou_scores_0 0.0500  loss_iou_scores_1 0.0500  loss_iou_scores_2 0.0503  loss_label 0.0804  loss_label_0 0.1021  loss_label_1 0.0913  loss_label_2 0.0837  loss_mask_iou 0.0000  loss_mask_iou_0 1.4608  loss_mask_iou_1 1.4074  loss_mask_iou_2 1.3991  loss_overall 10.4273  loss_query_cgp_bind 0.0000  loss_query_cgp_route -0.0230  loss_saliency 2.8721  loss_span 0.1897  loss_span_0 0.2371  loss_span_1 0.2009  loss_span_2 0.1949
2026-08-28 22:39:57,552 INFO Generate submissions
2026-08-28 22:40:03,728 INFO Saving/Evaluating before nms results
2026-08-28 22:40:07,567 INFO metrics_no_nms OrderedDict([   ('MR-full-R1@0.5', 67.29),
                ('MR-full-R1@0.7', 52.84),
                ('MR-full-mAP', 48.18),
                ('MR-full-mAP@0.5', 68.34),
                ('MR-full-mAP@0.75', 49.38),
                ('MR-long-mAP', 54.4),
                ('MR-middle-mAP', 50.16),
                ('MR-short-mAP', 11.96),
                ('HL-min-Fair-mAP', 78.25),
                ('HL-min-Fair-Hit1', 80.52),
                ('HL-min-Good-mAP', 67.06),
                ('HL-min-Good-Hit1', 78.77),
                ('HL-min-VeryGood-mAP', 41.02),
                ('HL-min-VeryGood-Hit1', 66.39)])
2026-08-28 22:40:07,924 INFO [Epoch 157]
2026-08-28 22:41:09,323 INFO Epoch[157] class_error 27.3678  class_error_0 35.4802  class_error_1 30.5258  class_error_2 27.8549  loss_giou 0.2661  loss_giou_0 0.3453  loss_giou_1 0.2908  loss_giou_2 0.2764  loss_iou_scores 0.0492  loss_iou_scores_0 0.0498  loss_iou_scores_1 0.0497  loss_iou_scores_2 0.0495  loss_label 0.0822  loss_label_0 0.1031  loss_label_1 0.0934  loss_label_2 0.0857  loss_mask_iou 0.0000  loss_mask_iou_0 1.4501  loss_mask_iou_1 1.3966  loss_mask_iou_2 1.3864  loss_overall 10.3908  loss_query_cgp_bind 0.0000  loss_query_cgp_route -0.0230  loss_saliency 2.8719  loss_span 0.1891  loss_span_0 0.2370  loss_span_1 0.2008  loss_span_2 0.1939
2026-08-28 22:41:09,327 INFO Generate submissions
2026-08-28 22:41:15,372 INFO Saving/Evaluating before nms results
2026-08-28 22:41:19,599 INFO metrics_no_nms OrderedDict([   ('MR-full-R1@0.5', 68.19),
                ('MR-full-R1@0.7', 53.81),
                ('MR-full-mAP', 48.11),
                ('MR-full-mAP@0.5', 68.44),
                ('MR-full-mAP@0.75', 49.4),
                ('MR-long-mAP', 53.49),
                ('MR-middle-mAP', 50.61),
                ('MR-short-mAP', 12.48),
                ('HL-min-Fair-mAP', 78.26),
                ('HL-min-Fair-Hit1', 80.45),
                ('HL-min-Good-mAP', 67.05),
                ('HL-min-Good-Hit1', 78.58),
                ('HL-min-VeryGood-mAP', 40.95),
                ('HL-min-VeryGood-Hit1', 66.13)])
2026-08-28 22:41:19,921 INFO [Epoch 158]
2026-08-28 22:42:20,844 INFO Epoch[158] class_error 26.1855  class_error_0 35.5112  class_error_1 30.4425  class_error_2 27.1868  loss_giou 0.2710  loss_giou_0 0.3458  loss_giou_1 0.2942  loss_giou_2 0.2807  loss_iou_scores 0.0490  loss_iou_scores_0 0.0488  loss_iou_scores_1 0.0491  loss_iou_scores_2 0.0495  loss_label 0.0812  loss_label_0 0.1027  loss_label_1 0.0923  loss_label_2 0.0849  loss_mask_iou 0.0000  loss_mask_iou_0 1.4711  loss_mask_iou_1 1.4170  loss_mask_iou_2 1.4082  loss_overall 10.4647  loss_query_cgp_bind 0.0000  loss_query_cgp_route -0.0230  loss_saliency 2.8652  loss_span 0.1924  loss_span_0 0.2368  loss_span_1 0.2026  loss_span_2 0.1967
2026-08-28 22:42:20,848 INFO Generate submissions
2026-08-28 22:42:27,353 INFO Saving/Evaluating before nms results
2026-08-28 22:42:31,332 INFO metrics_no_nms OrderedDict([   ('MR-full-R1@0.5', 68.13),
                ('MR-full-R1@0.7', 54.0),
                ('MR-full-mAP', 48.39),
                ('MR-full-mAP@0.5', 68.65),
                ('MR-full-mAP@0.75', 49.41),
                ('MR-long-mAP', 54.98),
                ('MR-middle-mAP', 50.58),
                ('MR-short-mAP', 11.79),
                ('HL-min-Fair-mAP', 78.16),
                ('HL-min-Fair-Hit1', 80.45),
                ('HL-min-Good-mAP', 67.0),
                ('HL-min-Good-Hit1', 78.65),
                ('HL-min-VeryGood-mAP', 40.96),
                ('HL-min-VeryGood-Hit1', 66.39)])
2026-08-28 22:42:31,633 INFO [Epoch 159]
2026-08-28 22:43:34,152 INFO Epoch[159] class_error 26.2644  class_error_0 35.4301  class_error_1 30.5096  class_error_2 27.4040  loss_giou 0.2700  loss_giou_0 0.3474  loss_giou_1 0.2935  loss_giou_2 0.2803  loss_iou_scores 0.0487  loss_iou_scores_0 0.0489  loss_iou_scores_1 0.0493  loss_iou_scores_2 0.0495  loss_label 0.0813  loss_label_0 0.1022  loss_label_1 0.0917  loss_label_2 0.0847  loss_mask_iou 0.0000  loss_mask_iou_0 1.4645  loss_mask_iou_1 1.4137  loss_mask_iou_2 1.4019  loss_overall 10.4417  loss_query_cgp_bind 0.0000  loss_query_cgp_route -0.0230  loss_saliency 2.8667  loss_span 0.1909  loss_span_0 0.2366  loss_span_1 0.2008  loss_span_2 0.1948
2026-08-28 22:43:34,158 INFO Generate submissions
2026-08-28 22:43:39,177 INFO Saving/Evaluating before nms results
2026-08-28 22:43:43,471 INFO metrics_no_nms OrderedDict([   ('MR-full-R1@0.5', 67.55),
                ('MR-full-R1@0.7', 53.35),
                ('MR-full-mAP', 47.99),
                ('MR-full-mAP@0.5', 68.33),
                ('MR-full-mAP@0.75', 49.45),
                ('MR-long-mAP', 54.67),
                ('MR-middle-mAP', 50.18),
                ('MR-short-mAP', 11.59),
                ('HL-min-Fair-mAP', 78.34),
                ('HL-min-Fair-Hit1', 80.84),
                ('HL-min-Good-mAP', 67.19),
                ('HL-min-Good-Hit1', 79.1),
                ('HL-min-VeryGood-mAP', 41.07),
                ('HL-min-VeryGood-Hit1', 66.77)])
2026-08-28 22:43:43,779 INFO [Epoch 160]
2026-08-28 22:44:45,502 INFO Epoch[160] class_error 26.7478  class_error_0 34.8800  class_error_1 30.8920  class_error_2 27.4488  loss_giou 0.2671  loss_giou_0 0.3451  loss_giou_1 0.2903  loss_giou_2 0.2782  loss_iou_scores 0.0496  loss_iou_scores_0 0.0485  loss_iou_scores_1 0.0499  loss_iou_scores_2 0.0502  loss_label 0.0813  loss_label_0 0.1030  loss_label_1 0.0922  loss_label_2 0.0848  loss_mask_iou 0.0000  loss_mask_iou_0 1.4532  loss_mask_iou_1 1.4061  loss_mask_iou_2 1.3957  loss_overall 10.4090  loss_query_cgp_bind 0.0000  loss_query_cgp_route -0.0229  loss_saliency 2.8656  loss_span 0.1896  loss_span_0 0.2360  loss_span_1 0.2007  loss_span_2 0.1948
2026-08-28 22:44:45,507 INFO Generate submissions
2026-08-28 22:44:50,372 INFO Saving/Evaluating before nms results
2026-08-28 22:44:54,628 INFO metrics_no_nms OrderedDict([   ('MR-full-R1@0.5', 67.68),
                ('MR-full-R1@0.7', 53.68),
                ('MR-full-mAP', 48.13),
                ('MR-full-mAP@0.5', 68.39),
                ('MR-full-mAP@0.75', 49.17),
                ('MR-long-mAP', 54.57),
                ('MR-middle-mAP', 50.03),
                ('MR-short-mAP', 12.27),
                ('HL-min-Fair-mAP', 78.27),
                ('HL-min-Fair-Hit1', 81.29),
                ('HL-min-Good-mAP', 67.15),
                ('HL-min-Good-Hit1', 79.55),
                ('HL-min-VeryGood-mAP', 41.03),
                ('HL-min-VeryGood-Hit1', 67.35)])
2026-08-28 22:44:54,935 INFO [Epoch 161]
2026-08-28 22:45:55,416 INFO Epoch[161] class_error 26.1154  class_error_0 35.2163  class_error_1 30.6203  class_error_2 27.0563  loss_giou 0.2678  loss_giou_0 0.3456  loss_giou_1 0.2906  loss_giou_2 0.2773  loss_iou_scores 0.0496  loss_iou_scores_0 0.0488  loss_iou_scores_1 0.0499  loss_iou_scores_2 0.0503  loss_label 0.0806  loss_label_0 0.1020  loss_label_1 0.0916  loss_label_2 0.0843  loss_mask_iou 0.0000  loss_mask_iou_0 1.4495  loss_mask_iou_1 1.3969  loss_mask_iou_2 1.3939  loss_overall 10.3967  loss_query_cgp_bind 0.0000  loss_query_cgp_route -0.0230  loss_saliency 2.8742  loss_span 0.1886  loss_span_0 0.2356  loss_span_1 0.1998  loss_span_2 0.1940
2026-08-28 22:45:55,420 INFO Generate submissions
2026-08-28 22:46:00,700 INFO Saving/Evaluating before nms results
2026-08-28 22:46:04,515 INFO metrics_no_nms OrderedDict([   ('MR-full-R1@0.5', 67.48),
                ('MR-full-R1@0.7', 53.16),
                ('MR-full-mAP', 48.27),
                ('MR-full-mAP@0.5', 68.42),
                ('MR-full-mAP@0.75', 49.43),
                ('MR-long-mAP', 55.04),
                ('MR-middle-mAP', 50.14),
                ('MR-short-mAP', 12.14),
                ('HL-min-Fair-mAP', 77.98),
                ('HL-min-Fair-Hit1', 80.65),
                ('HL-min-Good-mAP', 66.92),
                ('HL-min-Good-Hit1', 78.71),
                ('HL-min-VeryGood-mAP', 40.96),
                ('HL-min-VeryGood-Hit1', 66.45)])
2026-08-28 22:46:04,888 INFO [Epoch 162]
2026-08-28 22:47:07,430 INFO Epoch[162] class_error 26.4409  class_error_0 35.3933  class_error_1 30.4022  class_error_2 27.1141  loss_giou 0.2654  loss_giou_0 0.3433  loss_giou_1 0.2901  loss_giou_2 0.2750  loss_iou_scores 0.0494  loss_iou_scores_0 0.0488  loss_iou_scores_1 0.0501  loss_iou_scores_2 0.0503  loss_label 0.0809  loss_label_0 0.1018  loss_label_1 0.0916  loss_label_2 0.0843  loss_mask_iou 0.0000  loss_mask_iou_0 1.4457  loss_mask_iou_1 1.3965  loss_mask_iou_2 1.3827  loss_overall 10.3692  loss_query_cgp_bind 0.0000  loss_query_cgp_route -0.0229  loss_saliency 2.8697  loss_span 0.1886  loss_span_0 0.2344  loss_span_1 0.2004  loss_span_2 0.1935
2026-08-28 22:47:07,434 INFO Generate submissions
2026-08-28 22:47:12,141 INFO Saving/Evaluating before nms results
2026-08-28 22:47:16,270 INFO metrics_no_nms OrderedDict([   ('MR-full-R1@0.5', 68.13),
                ('MR-full-R1@0.7', 53.48),
                ('MR-full-mAP', 48.27),
                ('MR-full-mAP@0.5', 68.64),
                ('MR-full-mAP@0.75', 49.06),
                ('MR-long-mAP', 54.64),
                ('MR-middle-mAP', 50.35),
                ('MR-short-mAP', 11.82),
                ('HL-min-Fair-mAP', 78.28),
                ('HL-min-Fair-Hit1', 80.39),
                ('HL-min-Good-mAP', 67.06),
                ('HL-min-Good-Hit1', 78.52),
                ('HL-min-VeryGood-mAP', 41.0),
                ('HL-min-VeryGood-Hit1', 66.0)])
2026-08-28 22:47:16,632 INFO [Epoch 163]
2026-08-28 22:48:18,149 INFO Epoch[163] class_error 26.2525  class_error_0 35.5372  class_error_1 31.1855  class_error_2 26.8157  loss_giou 0.2668  loss_giou_0 0.3435  loss_giou_1 0.2904  loss_giou_2 0.2772  loss_iou_scores 0.0496  loss_iou_scores_0 0.0494  loss_iou_scores_1 0.0499  loss_iou_scores_2 0.0503  loss_label 0.0820  loss_label_0 0.1019  loss_label_1 0.0927  loss_label_2 0.0854  loss_mask_iou 0.0000  loss_mask_iou_0 1.4431  loss_mask_iou_1 1.3920  loss_mask_iou_2 1.3802  loss_overall 10.3717  loss_query_cgp_bind 0.0000  loss_query_cgp_route -0.0229  loss_saliency 2.8737  loss_span 0.1885  loss_span_0 0.2362  loss_span_1 0.1984  loss_span_2 0.1933
2026-08-28 22:48:18,151 INFO Generate submissions
2026-08-28 22:48:23,316 INFO Saving/Evaluating before nms results
2026-08-28 22:48:27,691 INFO metrics_no_nms OrderedDict([   ('MR-full-R1@0.5', 67.29),
                ('MR-full-R1@0.7', 53.48),
                ('MR-full-mAP', 48.33),
                ('MR-full-mAP@0.5', 68.31),
                ('MR-full-mAP@0.75', 49.49),
                ('MR-long-mAP', 54.52),
                ('MR-middle-mAP', 50.4),
                ('MR-short-mAP', 12.01),
                ('HL-min-Fair-mAP', 78.25),
                ('HL-min-Fair-Hit1', 80.97),
                ('HL-min-Good-mAP', 67.05),
                ('HL-min-Good-Hit1', 79.03),
                ('HL-min-VeryGood-mAP', 40.97),
                ('HL-min-VeryGood-Hit1', 66.39)])
2026-08-28 22:48:27,992 INFO [Epoch 164]
2026-08-28 22:49:30,364 INFO Epoch[164] class_error 26.5744  class_error_0 35.5006  class_error_1 30.7074  class_error_2 27.7052  loss_giou 0.2647  loss_giou_0 0.3434  loss_giou_1 0.2896  loss_giou_2 0.2757  loss_iou_scores 0.0495  loss_iou_scores_0 0.0485  loss_iou_scores_1 0.0498  loss_iou_scores_2 0.0499  loss_label 0.0816  loss_label_0 0.1017  loss_label_1 0.0922  loss_label_2 0.0848  loss_mask_iou 0.0000  loss_mask_iou_0 1.4467  loss_mask_iou_1 1.3964  loss_mask_iou_2 1.3789  loss_overall 10.3556  loss_query_cgp_bind 0.0000  loss_query_cgp_route -0.0229  loss_saliency 2.8633  loss_span 0.1877  loss_span_0 0.2351  loss_span_1 0.1986  loss_span_2 0.1924
2026-08-28 22:49:30,367 INFO Generate submissions
2026-08-28 22:49:35,303 INFO Saving/Evaluating before nms results
2026-08-28 22:49:39,404 INFO metrics_no_nms OrderedDict([   ('MR-full-R1@0.5', 67.48),
                ('MR-full-R1@0.7', 52.65),
                ('MR-full-mAP', 48.16),
                ('MR-full-mAP@0.5', 68.35),
                ('MR-full-mAP@0.75', 49.12),
                ('MR-long-mAP', 54.21),
                ('MR-middle-mAP', 50.33),
                ('MR-short-mAP', 12.04),
                ('HL-min-Fair-mAP', 78.25),
                ('HL-min-Fair-Hit1', 80.77),
                ('HL-min-Good-mAP', 67.11),
                ('HL-min-Good-Hit1', 78.9),
                ('HL-min-VeryGood-mAP', 41.05),
                ('HL-min-VeryGood-Hit1', 66.58)])
2026-08-28 22:49:39,710 INFO [Epoch 165]
2026-08-28 22:50:41,042 INFO Epoch[165] class_error 27.3127  class_error_0 35.9112  class_error_1 30.9591  class_error_2 28.7961  loss_giou 0.2666  loss_giou_0 0.3450  loss_giou_1 0.2900  loss_giou_2 0.2761  loss_iou_scores 0.0500  loss_iou_scores_0 0.0494  loss_iou_scores_1 0.0503  loss_iou_scores_2 0.0511  loss_label 0.0822  loss_label_0 0.1035  loss_label_1 0.0932  loss_label_2 0.0858  loss_mask_iou 0.0000  loss_mask_iou_0 1.4558  loss_mask_iou_1 1.4014  loss_mask_iou_2 1.3865  loss_overall 10.4072  loss_query_cgp_bind 0.0000  loss_query_cgp_route -0.0230  loss_saliency 2.8742  loss_span 0.1892  loss_span_0 0.2361  loss_span_1 0.1994  loss_span_2 0.1938
2026-08-28 22:50:41,045 INFO Generate submissions
2026-08-28 22:50:46,849 INFO Saving/Evaluating before nms results
2026-08-28 22:50:50,910 INFO metrics_no_nms OrderedDict([   ('MR-full-R1@0.5', 67.68),
                ('MR-full-R1@0.7', 54.13),
                ('MR-full-mAP', 48.28),
                ('MR-full-mAP@0.5', 68.31),
                ('MR-full-mAP@0.75', 49.07),
                ('MR-long-mAP', 53.94),
                ('MR-middle-mAP', 50.64),
                ('MR-short-mAP', 12.37),
                ('HL-min-Fair-mAP', 78.15),
                ('HL-min-Fair-Hit1', 80.26),
                ('HL-min-Good-mAP', 67.0),
                ('HL-min-Good-Hit1', 78.45),
                ('HL-min-VeryGood-mAP', 40.96),
                ('HL-min-VeryGood-Hit1', 66.0)])
2026-08-28 22:50:51,229 INFO [Epoch 166]
2026-08-28 22:51:53,834 INFO Epoch[166] class_error 26.5126  class_error_0 34.2610  class_error_1 30.0110  class_error_2 27.5191  loss_giou 0.2647  loss_giou_0 0.3443  loss_giou_1 0.2876  loss_giou_2 0.2744  loss_iou_scores 0.0500  loss_iou_scores_0 0.0492  loss_iou_scores_1 0.0502  loss_iou_scores_2 0.0506  loss_label 0.0819  loss_label_0 0.1028  loss_label_1 0.0927  loss_label_2 0.0852  loss_mask_iou 0.0000  loss_mask_iou_0 1.4484  loss_mask_iou_1 1.3953  loss_mask_iou_2 1.3803  loss_overall 10.3555  loss_query_cgp_bind 0.0000  loss_query_cgp_route -0.0230  loss_saliency 2.8664  loss_span 0.1870  loss_span_0 0.2330  loss_span_1 0.1967  loss_span_2 0.1907
2026-08-28 22:51:53,837 INFO Generate submissions
2026-08-28 22:51:59,080 INFO Saving/Evaluating before nms results
2026-08-28 22:52:03,486 INFO metrics_no_nms OrderedDict([   ('MR-full-R1@0.5', 67.03),
                ('MR-full-R1@0.7', 52.77),
                ('MR-full-mAP', 48.14),
                ('MR-full-mAP@0.5', 68.38),
                ('MR-full-mAP@0.75', 49.54),
                ('MR-long-mAP', 55.03),
                ('MR-middle-mAP', 49.88),
                ('MR-short-mAP', 11.5),
                ('HL-min-Fair-mAP', 78.08),
                ('HL-min-Fair-Hit1', 80.71),
                ('HL-min-Good-mAP', 66.93),
                ('HL-min-Good-Hit1', 78.71),
                ('HL-min-VeryGood-mAP', 40.93),
                ('HL-min-VeryGood-Hit1', 66.13)])
2026-08-28 22:52:03,859 INFO [Epoch 167]
2026-08-28 22:53:06,131 INFO Epoch[167] class_error 26.5400  class_error_0 35.1220  class_error_1 30.2410  class_error_2 28.1137  loss_giou 0.2661  loss_giou_0 0.3452  loss_giou_1 0.2905  loss_giou_2 0.2773  loss_iou_scores 0.0500  loss_iou_scores_0 0.0492  loss_iou_scores_1 0.0498  loss_iou_scores_2 0.0501  loss_label 0.0818  loss_label_0 0.1025  loss_label_1 0.0919  loss_label_2 0.0847  loss_mask_iou 0.0000  loss_mask_iou_0 1.4523  loss_mask_iou_1 1.4013  loss_mask_iou_2 1.3906  loss_overall 10.3964  loss_query_cgp_bind 0.0000  loss_query_cgp_route -0.0230  loss_saliency 2.8699  loss_span 0.1892  loss_span_0 0.2369  loss_span_1 0.2006  loss_span_2 0.1939
2026-08-28 22:53:06,134 INFO Generate submissions
2026-08-28 22:53:11,196 INFO Saving/Evaluating before nms results
2026-08-28 22:53:15,855 INFO metrics_no_nms OrderedDict([   ('MR-full-R1@0.5', 67.61),
                ('MR-full-R1@0.7', 54.13),
                ('MR-full-mAP', 48.43),
                ('MR-full-mAP@0.5', 68.52),
                ('MR-full-mAP@0.75', 50.07),
                ('MR-long-mAP', 54.17),
                ('MR-middle-mAP', 51.09),
                ('MR-short-mAP', 11.86),
                ('HL-min-Fair-mAP', 78.34),
                ('HL-min-Fair-Hit1', 80.65),
                ('HL-min-Good-mAP', 67.15),
                ('HL-min-Good-Hit1', 78.77),
                ('HL-min-VeryGood-mAP', 41.01),
                ('HL-min-VeryGood-Hit1', 66.13)])
2026-08-28 22:53:16,191 INFO [Epoch 168]
2026-08-28 22:54:17,331 INFO Epoch[168] class_error 27.0279  class_error_0 35.1927  class_error_1 30.6417  class_error_2 27.7743  loss_giou 0.2656  loss_giou_0 0.3424  loss_giou_1 0.2883  loss_giou_2 0.2750  loss_iou_scores 0.0498  loss_iou_scores_0 0.0493  loss_iou_scores_1 0.0499  loss_iou_scores_2 0.0501  loss_label 0.0818  loss_label_0 0.1027  loss_label_1 0.0928  loss_label_2 0.0853  loss_mask_iou 0.0000  loss_mask_iou_0 1.4601  loss_mask_iou_1 1.4030  loss_mask_iou_2 1.3925  loss_overall 10.4030  loss_query_cgp_bind 0.0000  loss_query_cgp_route -0.0230  loss_saliency 2.8693  loss_span 0.1900  loss_span_0 0.2360  loss_span_1 0.2005  loss_span_2 0.1946
2026-08-28 22:54:17,334 INFO Generate submissions
2026-08-28 22:54:22,515 INFO Saving/Evaluating before nms results
2026-08-28 22:54:26,634 INFO metrics_no_nms OrderedDict([   ('MR-full-R1@0.5', 68.06),
                ('MR-full-R1@0.7', 52.71),
                ('MR-full-mAP', 48.46),
                ('MR-full-mAP@0.5', 68.92),
                ('MR-full-mAP@0.75', 49.08),
                ('MR-long-mAP', 54.71),
                ('MR-middle-mAP', 50.38),
                ('MR-short-mAP', 11.94),
                ('HL-min-Fair-mAP', 78.29),
                ('HL-min-Fair-Hit1', 80.39),
                ('HL-min-Good-mAP', 66.99),
                ('HL-min-Good-Hit1', 78.58),
                ('HL-min-VeryGood-mAP', 40.97),
                ('HL-min-VeryGood-Hit1', 66.0)])
2026-08-28 22:54:26,936 INFO [Epoch 169]
2026-08-28 22:55:28,552 INFO Epoch[169] class_error 26.0198  class_error_0 34.8695  class_error_1 30.3594  class_error_2 27.5058  loss_giou 0.2674  loss_giou_0 0.3454  loss_giou_1 0.2890  loss_giou_2 0.2763  loss_iou_scores 0.0477  loss_iou_scores_0 0.0485  loss_iou_scores_1 0.0484  loss_iou_scores_2 0.0487  loss_label 0.0807  loss_label_0 0.1028  loss_label_1 0.0920  loss_label_2 0.0842  loss_mask_iou 0.0000  loss_mask_iou_0 1.4534  loss_mask_iou_1 1.4015  loss_mask_iou_2 1.3929  loss_overall 10.3785  loss_query_cgp_bind 0.0000  loss_query_cgp_route -0.0229  loss_saliency 2.8636  loss_span 0.1882  loss_span_0 0.2344  loss_span_1 0.1980  loss_span_2 0.1925
2026-08-28 22:55:28,554 INFO Generate submissions
2026-08-28 22:55:34,231 INFO Saving/Evaluating before nms results
2026-08-28 22:55:38,581 INFO metrics_no_nms OrderedDict([   ('MR-full-R1@0.5', 67.55),
                ('MR-full-R1@0.7', 52.84),
                ('MR-full-mAP', 48.15),
                ('MR-full-mAP@0.5', 68.45),
                ('MR-full-mAP@0.75', 49.16),
                ('MR-long-mAP', 55.25),
                ('MR-middle-mAP', 49.99),
                ('MR-short-mAP', 11.53),
                ('HL-min-Fair-mAP', 78.21),
                ('HL-min-Fair-Hit1', 80.84),
                ('HL-min-Good-mAP', 67.09),
                ('HL-min-Good-Hit1', 78.9),
                ('HL-min-VeryGood-mAP', 41.06),
                ('HL-min-VeryGood-Hit1', 66.65)])
2026-08-28 22:55:38,902 INFO [Epoch 170]
2026-08-28 22:56:40,154 INFO Epoch[170] class_error 25.7544  class_error_0 34.2887  class_error_1 29.1178  class_error_2 27.2035  loss_giou 0.2667  loss_giou_0 0.3446  loss_giou_1 0.2900  loss_giou_2 0.2765  loss_iou_scores 0.0481  loss_iou_scores_0 0.0484  loss_iou_scores_1 0.0485  loss_iou_scores_2 0.0488  loss_label 0.0802  loss_label_0 0.1006  loss_label_1 0.0908  loss_label_2 0.0838  loss_mask_iou 0.0000  loss_mask_iou_0 1.4460  loss_mask_iou_1 1.3975  loss_mask_iou_2 1.3817  loss_overall 10.3584  loss_query_cgp_bind 0.0000  loss_query_cgp_route -0.0230  loss_saliency 2.8652  loss_span 0.1888  loss_span_0 0.2352  loss_span_1 0.2005  loss_span_2 0.1931
2026-08-28 22:56:40,157 INFO Generate submissions
2026-08-28 22:56:45,402 INFO Saving/Evaluating before nms results
2026-08-28 22:56:49,687 INFO metrics_no_nms OrderedDict([   ('MR-full-R1@0.5', 68.13),
                ('MR-full-R1@0.7', 53.55),
                ('MR-full-mAP', 48.67),
                ('MR-full-mAP@0.5', 68.94),
                ('MR-full-mAP@0.75', 49.58),
                ('MR-long-mAP', 55.13),
                ('MR-middle-mAP', 50.69),
                ('MR-short-mAP', 11.98),
                ('HL-min-Fair-mAP', 78.3),
                ('HL-min-Fair-Hit1', 80.97),
                ('HL-min-Good-mAP', 67.0),
                ('HL-min-Good-Hit1', 79.16),
                ('HL-min-VeryGood-mAP', 40.95),
                ('HL-min-VeryGood-Hit1', 66.52)])
2026-08-28 22:56:50,003 INFO [Epoch 171]
2026-08-28 22:57:50,026 INFO Epoch[171] class_error 26.5899  class_error_0 35.3966  class_error_1 30.4900  class_error_2 27.3735  loss_giou 0.2639  loss_giou_0 0.3463  loss_giou_1 0.2889  loss_giou_2 0.2749  loss_iou_scores 0.0490  loss_iou_scores_0 0.0479  loss_iou_scores_1 0.0487  loss_iou_scores_2 0.0491  loss_label 0.0808  loss_label_0 0.1015  loss_label_1 0.0915  loss_label_2 0.0840  loss_mask_iou 0.0000  loss_mask_iou_0 1.4507  loss_mask_iou_1 1.3965  loss_mask_iou_2 1.3836  loss_overall 10.3547  loss_query_cgp_bind 0.0000  loss_query_cgp_route -0.0229  loss_saliency 2.8670  loss_span 0.1862  loss_span_0 0.2335  loss_span_1 0.1974  loss_span_2 0.1909
2026-08-28 22:57:50,028 INFO Generate submissions
2026-08-28 22:57:56,347 INFO Saving/Evaluating before nms results
2026-08-28 22:58:00,901 INFO metrics_no_nms OrderedDict([   ('MR-full-R1@0.5', 68.19),
                ('MR-full-R1@0.7', 53.74),
                ('MR-full-mAP', 48.54),
                ('MR-full-mAP@0.5', 68.73),
                ('MR-full-mAP@0.75', 49.48),
                ('MR-long-mAP', 54.71),
                ('MR-middle-mAP', 50.78),
                ('MR-short-mAP', 12.23),
                ('HL-min-Fair-mAP', 78.25),
                ('HL-min-Fair-Hit1', 80.84),
                ('HL-min-Good-mAP', 67.05),
                ('HL-min-Good-Hit1', 78.84),
                ('HL-min-VeryGood-mAP', 41.05),
                ('HL-min-VeryGood-Hit1', 67.03)])
2026-08-28 22:58:01,267 INFO [Epoch 172]
2026-08-28 22:59:03,161 INFO Epoch[172] class_error 25.8408  class_error_0 34.0726  class_error_1 30.0156  class_error_2 26.7046  loss_giou 0.2667  loss_giou_0 0.3423  loss_giou_1 0.2903  loss_giou_2 0.2768  loss_iou_scores 0.0497  loss_iou_scores_0 0.0493  loss_iou_scores_1 0.0496  loss_iou_scores_2 0.0500  loss_label 0.0807  loss_label_0 0.1013  loss_label_1 0.0913  loss_label_2 0.0839  loss_mask_iou 0.0000  loss_mask_iou_0 1.4442  loss_mask_iou_1 1.3919  loss_mask_iou_2 1.3847  loss_overall 10.3501  loss_query_cgp_bind 0.0000  loss_query_cgp_route -0.0230  loss_saliency 2.8611  loss_span 0.1872  loss_span_0 0.2338  loss_span_1 0.1974  loss_span_2 0.1914
2026-08-28 22:59:03,164 INFO Generate submissions
2026-08-28 22:59:08,773 INFO Saving/Evaluating before nms results
2026-08-28 22:59:12,934 INFO metrics_no_nms OrderedDict([   ('MR-full-R1@0.5', 67.74),
                ('MR-full-R1@0.7', 53.74),
                ('MR-full-mAP', 48.39),
                ('MR-full-mAP@0.5', 68.51),
                ('MR-full-mAP@0.75', 49.52),
                ('MR-long-mAP', 54.35),
                ('MR-middle-mAP', 50.88),
                ('MR-short-mAP', 12.03),
                ('HL-min-Fair-mAP', 78.23),
                ('HL-min-Fair-Hit1', 80.97),
                ('HL-min-Good-mAP', 67.09),
                ('HL-min-Good-Hit1', 78.97),
                ('HL-min-VeryGood-mAP', 41.02),
                ('HL-min-VeryGood-Hit1', 66.26)])
2026-08-28 22:59:13,269 INFO [Epoch 173]
2026-08-28 23:00:14,125 INFO Epoch[173] class_error 25.8849  class_error_0 34.6102  class_error_1 30.7901  class_error_2 26.5327  loss_giou 0.2634  loss_giou_0 0.3439  loss_giou_1 0.2882  loss_giou_2 0.2743  loss_iou_scores 0.0492  loss_iou_scores_0 0.0487  loss_iou_scores_1 0.0499  loss_iou_scores_2 0.0499  loss_label 0.0805  loss_label_0 0.1016  loss_label_1 0.0911  loss_label_2 0.0837  loss_mask_iou 0.0000  loss_mask_iou_0 1.4317  loss_mask_iou_1 1.3756  loss_mask_iou_2 1.3640  loss_overall 10.2852  loss_query_cgp_bind 0.0000  loss_query_cgp_route -0.0230  loss_saliency 2.8642  loss_span 0.1854  loss_span_0 0.2315  loss_span_1 0.1965  loss_span_2 0.1906
2026-08-28 23:00:14,127 INFO Generate submissions
2026-08-28 23:00:19,509 INFO Saving/Evaluating before nms results
2026-08-28 23:00:23,784 INFO metrics_no_nms OrderedDict([   ('MR-full-R1@0.5', 68.06),
                ('MR-full-R1@0.7', 53.35),
                ('MR-full-mAP', 48.39),
                ('MR-full-mAP@0.5', 69.1),
                ('MR-full-mAP@0.75', 49.24),
                ('MR-long-mAP', 54.6),
                ('MR-middle-mAP', 50.43),
                ('MR-short-mAP', 11.96),
                ('HL-min-Fair-mAP', 78.24),
                ('HL-min-Fair-Hit1', 80.71),
                ('HL-min-Good-mAP', 67.0),
                ('HL-min-Good-Hit1', 78.71),
                ('HL-min-VeryGood-mAP', 41.06),
                ('HL-min-VeryGood-Hit1', 66.71)])
2026-08-28 23:00:24,115 INFO [Epoch 174]
2026-08-28 23:01:25,262 INFO Epoch[174] class_error 26.5104  class_error_0 34.8408  class_error_1 30.8169  class_error_2 27.2957  loss_giou 0.2640  loss_giou_0 0.3412  loss_giou_1 0.2887  loss_giou_2 0.2748  loss_iou_scores 0.0492  loss_iou_scores_0 0.0498  loss_iou_scores_1 0.0501  loss_iou_scores_2 0.0501  loss_label 0.0806  loss_label_0 0.1016  loss_label_1 0.0916  loss_label_2 0.0837  loss_mask_iou 0.0000  loss_mask_iou_0 1.4362  loss_mask_iou_1 1.3931  loss_mask_iou_2 1.3789  loss_overall 10.3282  loss_query_cgp_bind 0.0000  loss_query_cgp_route -0.0230  loss_saliency 2.8656  loss_span 0.1860  loss_span_0 0.2321  loss_span_1 0.1972  loss_span_2 0.1902
2026-08-28 23:01:25,265 INFO Generate submissions
2026-08-28 23:01:30,307 INFO Saving/Evaluating before nms results
2026-08-28 23:01:34,576 INFO metrics_no_nms OrderedDict([   ('MR-full-R1@0.5', 68.19),
                ('MR-full-R1@0.7', 53.29),
                ('MR-full-mAP', 48.33),
                ('MR-full-mAP@0.5', 68.68),
                ('MR-full-mAP@0.75', 49.12),
                ('MR-long-mAP', 54.71),
                ('MR-middle-mAP', 50.4),
                ('MR-short-mAP', 12.15),
                ('HL-min-Fair-mAP', 78.1),
                ('HL-min-Fair-Hit1', 80.58),
                ('HL-min-Good-mAP', 66.86),
                ('HL-min-Good-Hit1', 78.45),
                ('HL-min-VeryGood-mAP', 40.84),
                ('HL-min-VeryGood-Hit1', 66.26)])
2026-08-28 23:01:34,906 INFO [Epoch 175]
2026-08-28 23:02:35,809 INFO Epoch[175] class_error 25.9085  class_error_0 35.1131  class_error_1 29.8877  class_error_2 26.3802  loss_giou 0.2626  loss_giou_0 0.3402  loss_giou_1 0.2855  loss_giou_2 0.2719  loss_iou_scores 0.0492  loss_iou_scores_0 0.0492  loss_iou_scores_1 0.0503  loss_iou_scores_2 0.0498  loss_label 0.0808  loss_label_0 0.1020  loss_label_1 0.0920  loss_label_2 0.0841  loss_mask_iou 0.0000  loss_mask_iou_0 1.4307  loss_mask_iou_1 1.3767  loss_mask_iou_2 1.3645  loss_overall 10.2844  loss_query_cgp_bind 0.0000  loss_query_cgp_route -0.0230  loss_saliency 2.8699  loss_span 0.1854  loss_span_0 0.2308  loss_span_1 0.1949  loss_span_2 0.1899
2026-08-28 23:02:35,813 INFO Generate submissions
2026-08-28 23:02:40,577 INFO Saving/Evaluating before nms results
2026-08-28 23:02:44,884 INFO metrics_no_nms OrderedDict([   ('MR-full-R1@0.5', 68.65),
                ('MR-full-R1@0.7', 53.68),
                ('MR-full-mAP', 48.27),
                ('MR-full-mAP@0.5', 68.94),
                ('MR-full-mAP@0.75', 49.16),
                ('MR-long-mAP', 54.43),
                ('MR-middle-mAP', 50.61),
                ('MR-short-mAP', 11.96),
                ('HL-min-Fair-mAP', 78.29),
                ('HL-min-Fair-Hit1', 80.97),
                ('HL-min-Good-mAP', 67.06),
                ('HL-min-Good-Hit1', 79.1),
                ('HL-min-VeryGood-mAP', 41.02),
                ('HL-min-VeryGood-Hit1', 66.71)])
2026-08-28 23:02:45,238 INFO [Epoch 176]
2026-08-28 23:03:46,997 INFO Epoch[176] class_error 26.3117  class_error_0 34.6886  class_error_1 30.1732  class_error_2 27.4798  loss_giou 0.2631  loss_giou_0 0.3422  loss_giou_1 0.2870  loss_giou_2 0.2726  loss_iou_scores 0.0488  loss_iou_scores_0 0.0486  loss_iou_scores_1 0.0493  loss_iou_scores_2 0.0496  loss_label 0.0806  loss_label_0 0.1014  loss_label_1 0.0914  loss_label_2 0.0845  loss_mask_iou 0.0000  loss_mask_iou_0 1.4359  loss_mask_iou_1 1.3822  loss_mask_iou_2 1.3693  loss_overall 10.2987  loss_query_cgp_bind 0.0000  loss_query_cgp_route -0.0229  loss_saliency 2.8680  loss_span 0.1853  loss_span_0 0.2325  loss_span_1 0.1963  loss_span_2 0.1886
2026-08-28 23:03:46,999 INFO Generate submissions
2026-08-28 23:03:52,029 INFO Saving/Evaluating before nms results
2026-08-28 23:03:56,450 INFO metrics_no_nms OrderedDict([   ('MR-full-R1@0.5', 67.94),
                ('MR-full-R1@0.7', 52.58),
                ('MR-full-mAP', 48.26),
                ('MR-full-mAP@0.5', 69.01),
                ('MR-full-mAP@0.75', 49.12),
                ('MR-long-mAP', 55.29),
                ('MR-middle-mAP', 49.85),
                ('MR-short-mAP', 11.81),
                ('HL-min-Fair-mAP', 78.21),
                ('HL-min-Fair-Hit1', 80.9),
                ('HL-min-Good-mAP', 66.95),
                ('HL-min-Good-Hit1', 79.03),
                ('HL-min-VeryGood-mAP', 40.94),
                ('HL-min-VeryGood-Hit1', 66.65)])
2026-08-28 23:03:56,813 INFO [Epoch 177]
2026-08-28 23:04:58,123 INFO Epoch[177] class_error 26.2942  class_error_0 34.4977  class_error_1 30.0623  class_error_2 27.3408  loss_giou 0.2632  loss_giou_0 0.3430  loss_giou_1 0.2882  loss_giou_2 0.2736  loss_iou_scores 0.0487  loss_iou_scores_0 0.0482  loss_iou_scores_1 0.0492  loss_iou_scores_2 0.0493  loss_label 0.0801  loss_label_0 0.1004  loss_label_1 0.0908  loss_label_2 0.0835  loss_mask_iou 0.0000  loss_mask_iou_0 1.4354  loss_mask_iou_1 1.3889  loss_mask_iou_2 1.3758  loss_overall 10.3123  loss_query_cgp_bind 0.0000  loss_query_cgp_route -0.0230  loss_saliency 2.8648  loss_span 0.1845  loss_span_0 0.2318  loss_span_1 0.1944  loss_span_2 0.1881
2026-08-28 23:04:58,125 INFO Generate submissions
2026-08-28 23:05:03,618 INFO Saving/Evaluating before nms results
2026-08-28 23:05:08,094 INFO metrics_no_nms OrderedDict([   ('MR-full-R1@0.5', 68.71),
                ('MR-full-R1@0.7', 53.94),
                ('MR-full-mAP', 48.34),
                ('MR-full-mAP@0.5', 68.81),
                ('MR-full-mAP@0.75', 49.12),
                ('MR-long-mAP', 54.68),
                ('MR-middle-mAP', 50.77),
                ('MR-short-mAP', 11.35),
                ('HL-min-Fair-mAP', 78.2),
                ('HL-min-Fair-Hit1', 80.65),
                ('HL-min-Good-mAP', 66.99),
                ('HL-min-Good-Hit1', 78.84),
                ('HL-min-VeryGood-mAP', 41.0),
                ('HL-min-VeryGood-Hit1', 66.9)])
2026-08-28 23:05:08,394 INFO [Epoch 178]
2026-08-28 23:06:10,090 INFO Epoch[178] class_error 26.3869  class_error_0 35.0149  class_error_1 29.7038  class_error_2 27.5383  loss_giou 0.2638  loss_giou_0 0.3408  loss_giou_1 0.2868  loss_giou_2 0.2736  loss_iou_scores 0.0492  loss_iou_scores_0 0.0488  loss_iou_scores_1 0.0495  loss_iou_scores_2 0.0499  loss_label 0.0811  loss_label_0 0.1018  loss_label_1 0.0916  loss_label_2 0.0843  loss_mask_iou 0.0000  loss_mask_iou_0 1.4259  loss_mask_iou_1 1.3764  loss_mask_iou_2 1.3658  loss_overall 10.2848  loss_query_cgp_bind 0.0000  loss_query_cgp_route -0.0230  loss_saliency 2.8679  loss_span 0.1865  loss_span_0 0.2319  loss_span_1 0.1965  loss_span_2 0.1896
2026-08-28 23:06:10,092 INFO Generate submissions
2026-08-28 23:06:15,460 INFO Saving/Evaluating before nms results
2026-08-28 23:06:19,883 INFO metrics_no_nms OrderedDict([   ('MR-full-R1@0.5', 68.13),
                ('MR-full-R1@0.7', 53.23),
                ('MR-full-mAP', 48.3),
                ('MR-full-mAP@0.5', 68.7),
                ('MR-full-mAP@0.75', 49.26),
                ('MR-long-mAP', 54.57),
                ('MR-middle-mAP', 50.38),
                ('MR-short-mAP', 11.89),
                ('HL-min-Fair-mAP', 78.22),
                ('HL-min-Fair-Hit1', 80.52),
                ('HL-min-Good-mAP', 67.01),
                ('HL-min-Good-Hit1', 78.71),
                ('HL-min-VeryGood-mAP', 40.95),
                ('HL-min-VeryGood-Hit1', 66.13)])
2026-08-28 23:06:20,182 INFO [Epoch 179]
2026-08-28 23:07:20,480 INFO Epoch[179] class_error 25.3279  class_error_0 34.6914  class_error_1 29.6512  class_error_2 26.6286  loss_giou 0.2648  loss_giou_0 0.3419  loss_giou_1 0.2876  loss_giou_2 0.2757  loss_iou_scores 0.0478  loss_iou_scores_0 0.0483  loss_iou_scores_1 0.0486  loss_iou_scores_2 0.0484  loss_label 0.0789  loss_label_0 0.1004  loss_label_1 0.0904  loss_label_2 0.0827  loss_mask_iou 0.0000  loss_mask_iou_0 1.4346  loss_mask_iou_1 1.3839  loss_mask_iou_2 1.3711  loss_overall 10.2994  loss_query_cgp_bind 0.0000  loss_query_cgp_route -0.0230  loss_saliency 2.8602  loss_span 0.1883  loss_span_0 0.2323  loss_span_1 0.1985  loss_span_2 0.1926
2026-08-28 23:07:20,483 INFO Generate submissions
2026-08-28 23:07:25,832 INFO Saving/Evaluating before nms results
2026-08-28 23:07:30,005 INFO metrics_no_nms OrderedDict([   ('MR-full-R1@0.5', 68.13),
                ('MR-full-R1@0.7', 52.58),
                ('MR-full-mAP', 48.18),
                ('MR-full-mAP@0.5', 68.83),
                ('MR-full-mAP@0.75', 49.13),
                ('MR-long-mAP', 54.9),
                ('MR-middle-mAP', 49.94),
                ('MR-short-mAP', 12.03),
                ('HL-min-Fair-mAP', 78.15),
                ('HL-min-Fair-Hit1', 80.58),
                ('HL-min-Good-mAP', 66.96),
                ('HL-min-Good-Hit1', 78.84),
                ('HL-min-VeryGood-mAP', 40.97),
                ('HL-min-VeryGood-Hit1', 66.84)])
2026-08-28 23:07:30,438 INFO [Epoch 180]
2026-08-28 23:08:30,822 INFO Epoch[180] class_error 25.7829  class_error_0 34.2616  class_error_1 29.8179  class_error_2 26.6426  loss_giou 0.2631  loss_giou_0 0.3421  loss_giou_1 0.2878  loss_giou_2 0.2727  loss_iou_scores 0.0485  loss_iou_scores_0 0.0475  loss_iou_scores_1 0.0489  loss_iou_scores_2 0.0495  loss_label 0.0803  loss_label_0 0.1006  loss_label_1 0.0913  loss_label_2 0.0838  loss_mask_iou 0.0000  loss_mask_iou_0 1.4343  loss_mask_iou_1 1.3784  loss_mask_iou_2 1.3657  loss_overall 10.2914  loss_query_cgp_bind 0.0000  loss_query_cgp_route -0.0230  loss_saliency 2.8661  loss_span 0.1849  loss_span_0 0.2317  loss_span_1 0.1967  loss_span_2 0.1897
2026-08-28 23:08:30,824 INFO Generate submissions
2026-08-28 23:08:36,044 INFO Saving/Evaluating before nms results
2026-08-28 23:08:40,221 INFO metrics_no_nms OrderedDict([   ('MR-full-R1@0.5', 67.81),
                ('MR-full-R1@0.7', 52.52),
                ('MR-full-mAP', 47.96),
                ('MR-full-mAP@0.5', 68.54),
                ('MR-full-mAP@0.75', 49.43),
                ('MR-long-mAP', 54.58),
                ('MR-middle-mAP', 49.95),
                ('MR-short-mAP', 11.76),
                ('HL-min-Fair-mAP', 78.23),
                ('HL-min-Fair-Hit1', 81.23),
                ('HL-min-Good-mAP', 66.96),
                ('HL-min-Good-Hit1', 79.55),
                ('HL-min-VeryGood-mAP', 40.98),
                ('HL-min-VeryGood-Hit1', 67.16)])
2026-08-28 23:08:40,544 INFO [Epoch 181]
2026-08-28 23:09:41,290 INFO Epoch[181] class_error 26.2731  class_error_0 34.5543  class_error_1 30.6220  class_error_2 27.3409  loss_giou 0.2643  loss_giou_0 0.3425  loss_giou_1 0.2873  loss_giou_2 0.2740  loss_iou_scores 0.0497  loss_iou_scores_0 0.0493  loss_iou_scores_1 0.0501  loss_iou_scores_2 0.0501  loss_label 0.0801  loss_label_0 0.1001  loss_label_1 0.0914  loss_label_2 0.0834  loss_mask_iou 0.0000  loss_mask_iou_0 1.4334  loss_mask_iou_1 1.3790  loss_mask_iou_2 1.3727  loss_overall 10.3029  loss_query_cgp_bind 0.0000  loss_query_cgp_route -0.0230  loss_saliency 2.8651  loss_span 0.1872  loss_span_0 0.2343  loss_span_1 0.1968  loss_span_2 0.1916
2026-08-28 23:09:41,293 INFO Generate submissions
2026-08-28 23:09:46,473 INFO Saving/Evaluating before nms results
2026-08-28 23:09:50,798 INFO metrics_no_nms OrderedDict([   ('MR-full-R1@0.5', 67.81),
                ('MR-full-R1@0.7', 53.48),
                ('MR-full-mAP', 48.13),
                ('MR-full-mAP@0.5', 68.61),
                ('MR-full-mAP@0.75', 49.19),
                ('MR-long-mAP', 54.35),
                ('MR-middle-mAP', 50.35),
                ('MR-short-mAP', 11.74),
                ('HL-min-Fair-mAP', 78.21),
                ('HL-min-Fair-Hit1', 80.39),
                ('HL-min-Good-mAP', 66.95),
                ('HL-min-Good-Hit1', 78.58),
                ('HL-min-VeryGood-mAP', 41.05),
                ('HL-min-VeryGood-Hit1', 66.26)])
2026-08-28 23:09:51,119 INFO [Epoch 182]
2026-08-28 23:10:52,195 INFO Epoch[182] class_error 25.3664  class_error_0 34.2472  class_error_1 29.8077  class_error_2 26.2262  loss_giou 0.2644  loss_giou_0 0.3415  loss_giou_1 0.2880  loss_giou_2 0.2744  loss_iou_scores 0.0482  loss_iou_scores_0 0.0484  loss_iou_scores_1 0.0486  loss_iou_scores_2 0.0486  loss_label 0.0791  loss_label_0 0.1004  loss_label_1 0.0901  loss_label_2 0.0827  loss_mask_iou 0.0000  loss_mask_iou_0 1.4302  loss_mask_iou_1 1.3887  loss_mask_iou_2 1.3742  loss_overall 10.2949  loss_query_cgp_bind 0.0000  loss_query_cgp_route -0.0230  loss_saliency 2.8629  loss_span 0.1859  loss_span_0 0.2317  loss_span_1 0.1972  loss_span_2 0.1905
2026-08-28 23:10:52,197 INFO Generate submissions
2026-08-28 23:10:57,561 INFO Saving/Evaluating before nms results
2026-08-28 23:11:01,551 INFO metrics_no_nms OrderedDict([   ('MR-full-R1@0.5', 68.58),
                ('MR-full-R1@0.7', 53.61),
                ('MR-full-mAP', 48.17),
                ('MR-full-mAP@0.5', 69.04),
                ('MR-full-mAP@0.75', 49.21),
                ('MR-long-mAP', 54.32),
                ('MR-middle-mAP', 50.33),
                ('MR-short-mAP', 11.86),
                ('HL-min-Fair-mAP', 78.28),
                ('HL-min-Fair-Hit1', 81.1),
                ('HL-min-Good-mAP', 67.01),
                ('HL-min-Good-Hit1', 79.23),
                ('HL-min-VeryGood-mAP', 41.04),
                ('HL-min-VeryGood-Hit1', 67.03)])
2026-08-28 23:11:01,928 INFO [Epoch 183]
2026-08-28 23:12:03,438 INFO Epoch[183] class_error 25.5004  class_error_0 33.2770  class_error_1 28.7633  class_error_2 26.4430  loss_giou 0.2601  loss_giou_0 0.3417  loss_giou_1 0.2863  loss_giou_2 0.2711  loss_iou_scores 0.0493  loss_iou_scores_0 0.0486  loss_iou_scores_1 0.0497  loss_iou_scores_2 0.0496  loss_label 0.0790  loss_label_0 0.1002  loss_label_1 0.0899  loss_label_2 0.0829  loss_mask_iou 0.0000  loss_mask_iou_0 1.4249  loss_mask_iou_1 1.3703  loss_mask_iou_2 1.3558  loss_overall 10.2419  loss_query_cgp_bind 0.0000  loss_query_cgp_route -0.0230  loss_saliency 2.8613  loss_span 0.1838  loss_span_0 0.2305  loss_span_1 0.1960  loss_span_2 0.1879
2026-08-28 23:12:03,440 INFO Generate submissions
2026-08-28 23:12:08,671 INFO Saving/Evaluating before nms results
2026-08-28 23:12:12,781 INFO metrics_no_nms OrderedDict([   ('MR-full-R1@0.5', 68.13),
                ('MR-full-R1@0.7', 53.94),
                ('MR-full-mAP', 48.17),
                ('MR-full-mAP@0.5', 68.37),
                ('MR-full-mAP@0.75', 49.7),
                ('MR-long-mAP', 54.22),
                ('MR-middle-mAP', 50.39),
                ('MR-short-mAP', 12.22),
                ('HL-min-Fair-mAP', 78.17),
                ('HL-min-Fair-Hit1', 80.58),
                ('HL-min-Good-mAP', 67.04),
                ('HL-min-Good-Hit1', 78.97),
                ('HL-min-VeryGood-mAP', 41.02),
                ('HL-min-VeryGood-Hit1', 66.65)])
2026-08-28 23:12:13,124 INFO [Epoch 184]
2026-08-28 23:13:14,470 INFO Epoch[184] class_error 25.9238  class_error_0 34.0926  class_error_1 29.9649  class_error_2 26.8313  loss_giou 0.2637  loss_giou_0 0.3420  loss_giou_1 0.2857  loss_giou_2 0.2731  loss_iou_scores 0.0488  loss_iou_scores_0 0.0485  loss_iou_scores_1 0.0495  loss_iou_scores_2 0.0498  loss_label 0.0801  loss_label_0 0.1010  loss_label_1 0.0907  loss_label_2 0.0837  loss_mask_iou 0.0000  loss_mask_iou_0 1.4330  loss_mask_iou_1 1.3820  loss_mask_iou_2 1.3724  loss_overall 10.2805  loss_query_cgp_bind 0.0000  loss_query_cgp_route -0.0230  loss_saliency 2.8597  loss_span 0.1845  loss_span_0 0.2298  loss_span_1 0.1949  loss_span_2 0.1890
2026-08-28 23:13:14,473 INFO Generate submissions
2026-08-28 23:13:20,162 INFO Saving/Evaluating before nms results
2026-08-28 23:13:24,517 INFO metrics_no_nms OrderedDict([   ('MR-full-R1@0.5', 68.39),
                ('MR-full-R1@0.7', 53.68),
                ('MR-full-mAP', 48.49),
                ('MR-full-mAP@0.5', 68.95),
                ('MR-full-mAP@0.75', 49.49),
                ('MR-long-mAP', 54.61),
                ('MR-middle-mAP', 50.51),
                ('MR-short-mAP', 12.25),
                ('HL-min-Fair-mAP', 78.22),
                ('HL-min-Fair-Hit1', 80.97),
                ('HL-min-Good-mAP', 67.07),
                ('HL-min-Good-Hit1', 79.16),
                ('HL-min-VeryGood-mAP', 40.91),
                ('HL-min-VeryGood-Hit1', 66.26)])
2026-08-28 23:13:24,831 INFO [Epoch 185]
2026-08-28 23:14:27,064 INFO Epoch[185] class_error 26.4082  class_error_0 34.4090  class_error_1 30.1952  class_error_2 27.3537  loss_giou 0.2642  loss_giou_0 0.3401  loss_giou_1 0.2861  loss_giou_2 0.2745  loss_iou_scores 0.0493  loss_iou_scores_0 0.0487  loss_iou_scores_1 0.0493  loss_iou_scores_2 0.0498  loss_label 0.0806  loss_label_0 0.1004  loss_label_1 0.0907  loss_label_2 0.0836  loss_mask_iou 0.0000  loss_mask_iou_0 1.4302  loss_mask_iou_1 1.3786  loss_mask_iou_2 1.3708  loss_overall 10.2836  loss_query_cgp_bind 0.0000  loss_query_cgp_route -0.0230  loss_saliency 2.8698  loss_span 0.1844  loss_span_0 0.2309  loss_span_1 0.1941  loss_span_2 0.1886
2026-08-28 23:14:27,066 INFO Generate submissions
2026-08-28 23:14:32,340 INFO Saving/Evaluating before nms results
2026-08-28 23:14:36,697 INFO metrics_no_nms OrderedDict([   ('MR-full-R1@0.5', 67.68),
                ('MR-full-R1@0.7', 53.35),
                ('MR-full-mAP', 48.15),
                ('MR-full-mAP@0.5', 68.47),
                ('MR-full-mAP@0.75', 49.17),
                ('MR-long-mAP', 54.39),
                ('MR-middle-mAP', 50.14),
                ('MR-short-mAP', 11.8),
                ('HL-min-Fair-mAP', 78.3),
                ('HL-min-Fair-Hit1', 80.77),
                ('HL-min-Good-mAP', 67.0),
                ('HL-min-Good-Hit1', 79.03),
                ('HL-min-VeryGood-mAP', 40.94),
                ('HL-min-VeryGood-Hit1', 66.52)])
2026-08-28 23:14:37,067 INFO [Epoch 186]
2026-08-28 23:15:38,167 INFO Epoch[186] class_error 25.6956  class_error_0 34.2028  class_error_1 29.2655  class_error_2 26.7059  loss_giou 0.2644  loss_giou_0 0.3453  loss_giou_1 0.2899  loss_giou_2 0.2747  loss_iou_scores 0.0486  loss_iou_scores_0 0.0489  loss_iou_scores_1 0.0489  loss_iou_scores_2 0.0498  loss_label 0.0798  loss_label_0 0.1005  loss_label_1 0.0903  loss_label_2 0.0835  loss_mask_iou 0.0000  loss_mask_iou_0 1.4407  loss_mask_iou_1 1.3854  loss_mask_iou_2 1.3786  loss_overall 10.3215  loss_query_cgp_bind 0.0000  loss_query_cgp_route -0.0230  loss_saliency 2.8649  loss_span 0.1863  loss_span_0 0.2326  loss_span_1 0.1974  loss_span_2 0.1907
2026-08-28 23:15:38,169 INFO Generate submissions
2026-08-28 23:15:44,222 INFO Saving/Evaluating before nms results
2026-08-28 23:15:48,315 INFO metrics_no_nms OrderedDict([   ('MR-full-R1@0.5', 68.06),
                ('MR-full-R1@0.7', 53.42),
                ('MR-full-mAP', 48.23),
                ('MR-full-mAP@0.5', 68.62),
                ('MR-full-mAP@0.75', 49.47),
                ('MR-long-mAP', 55.04),
                ('MR-middle-mAP', 49.99),
                ('MR-short-mAP', 11.58),
                ('HL-min-Fair-mAP', 78.22),
                ('HL-min-Fair-Hit1', 80.84),
                ('HL-min-Good-mAP', 67.04),
                ('HL-min-Good-Hit1', 78.9),
                ('HL-min-VeryGood-mAP', 41.04),
                ('HL-min-VeryGood-Hit1', 66.58)])
2026-08-28 23:15:48,658 INFO [Epoch 187]
2026-08-28 23:16:50,126 INFO Epoch[187] class_error 25.5676  class_error_0 33.5132  class_error_1 29.3060  class_error_2 26.3601  loss_giou 0.2619  loss_giou_0 0.3424  loss_giou_1 0.2855  loss_giou_2 0.2723  loss_iou_scores 0.0483  loss_iou_scores_0 0.0484  loss_iou_scores_1 0.0491  loss_iou_scores_2 0.0495  loss_label 0.0787  loss_label_0 0.1006  loss_label_1 0.0900  loss_label_2 0.0824  loss_mask_iou 0.0000  loss_mask_iou_0 1.4274  loss_mask_iou_1 1.3716  loss_mask_iou_2 1.3629  loss_overall 10.2625  loss_query_cgp_bind 0.0000  loss_query_cgp_route -0.0230  loss_saliency 2.8644  loss_span 0.1856  loss_span_0 0.2319  loss_span_1 0.1959  loss_span_2 0.1901
2026-08-28 23:16:50,128 INFO Generate submissions
2026-08-28 23:16:55,564 INFO Saving/Evaluating before nms results
2026-08-28 23:16:59,737 INFO metrics_no_nms OrderedDict([   ('MR-full-R1@0.5', 68.0),
                ('MR-full-R1@0.7', 52.9),
                ('MR-full-mAP', 48.23),
                ('MR-full-mAP@0.5', 68.73),
                ('MR-full-mAP@0.75', 49.15),
                ('MR-long-mAP', 54.7),
                ('MR-middle-mAP', 50.0),
                ('MR-short-mAP', 11.97),
                ('HL-min-Fair-mAP', 78.32),
                ('HL-min-Fair-Hit1', 80.71),
                ('HL-min-Good-mAP', 67.13),
                ('HL-min-Good-Hit1', 79.03),
                ('HL-min-VeryGood-mAP', 41.1),
                ('HL-min-VeryGood-Hit1', 66.58)])
2026-08-28 23:17:00,067 INFO [Epoch 188]
2026-08-28 23:18:00,726 INFO Epoch[188] class_error 25.2867  class_error_0 34.3763  class_error_1 29.5753  class_error_2 26.6761  loss_giou 0.2636  loss_giou_0 0.3393  loss_giou_1 0.2854  loss_giou_2 0.2732  loss_iou_scores 0.0482  loss_iou_scores_0 0.0490  loss_iou_scores_1 0.0490  loss_iou_scores_2 0.0494  loss_label 0.0792  loss_label_0 0.1002  loss_label_1 0.0902  loss_label_2 0.0829  loss_mask_iou 0.0000  loss_mask_iou_0 1.4170  loss_mask_iou_1 1.3725  loss_mask_iou_2 1.3567  loss_overall 10.2361  loss_query_cgp_bind 0.0000  loss_query_cgp_route -0.0231  loss_saliency 2.8599  loss_span 0.1827  loss_span_0 0.2293  loss_span_1 0.1930  loss_span_2 0.1870
2026-08-28 23:18:00,729 INFO Generate submissions
2026-08-28 23:18:06,518 INFO Saving/Evaluating before nms results
2026-08-28 23:18:10,647 INFO metrics_no_nms OrderedDict([   ('MR-full-R1@0.5', 67.61),
                ('MR-full-R1@0.7', 52.77),
                ('MR-full-mAP', 47.87),
                ('MR-full-mAP@0.5', 68.52),
                ('MR-full-mAP@0.75', 48.72),
                ('MR-long-mAP', 53.86),
                ('MR-middle-mAP', 49.82),
                ('MR-short-mAP', 12.36),
                ('HL-min-Fair-mAP', 78.52),
                ('HL-min-Fair-Hit1', 81.16),
                ('HL-min-Good-mAP', 67.28),
                ('HL-min-Good-Hit1', 79.35),
                ('HL-min-VeryGood-mAP', 41.16),
                ('HL-min-VeryGood-Hit1', 66.84)])
2026-08-28 23:18:10,977 INFO [Epoch 189]
2026-08-28 23:19:12,677 INFO Epoch[189] class_error 25.9527  class_error_0 34.4471  class_error_1 30.2756  class_error_2 26.7685  loss_giou 0.2602  loss_giou_0 0.3375  loss_giou_1 0.2828  loss_giou_2 0.2704  loss_iou_scores 0.0485  loss_iou_scores_0 0.0486  loss_iou_scores_1 0.0486  loss_iou_scores_2 0.0490  loss_label 0.0795  loss_label_0 0.1008  loss_label_1 0.0903  loss_label_2 0.0829  loss_mask_iou 0.0000  loss_mask_iou_0 1.4089  loss_mask_iou_1 1.3554  loss_mask_iou_2 1.3484  loss_overall 10.1936  loss_query_cgp_bind 0.0000  loss_query_cgp_route -0.0230  loss_saliency 2.8592  loss_span 0.1846  loss_span_0 0.2297  loss_span_1 0.1948  loss_span_2 0.1887
2026-08-28 23:19:12,681 INFO Generate submissions
2026-08-28 23:19:18,008 INFO Saving/Evaluating before nms results
2026-08-28 23:19:22,551 INFO metrics_no_nms OrderedDict([   ('MR-full-R1@0.5', 68.45),
                ('MR-full-R1@0.7', 52.9),
                ('MR-full-mAP', 48.27),
                ('MR-full-mAP@0.5', 69.03),
                ('MR-full-mAP@0.75', 48.57),
                ('MR-long-mAP', 54.58),
                ('MR-middle-mAP', 50.37),
                ('MR-short-mAP', 12.15),
                ('HL-min-Fair-mAP', 78.41),
                ('HL-min-Fair-Hit1', 81.35),
                ('HL-min-Good-mAP', 67.22),
                ('HL-min-Good-Hit1', 79.61),
                ('HL-min-VeryGood-mAP', 41.09),
                ('HL-min-VeryGood-Hit1', 67.03)])
2026-08-28 23:19:22,884 INFO [Epoch 190]
2026-08-28 23:20:24,026 INFO Epoch[190] class_error 25.9811  class_error_0 34.2010  class_error_1 28.7331  class_error_2 26.2808  loss_giou 0.2624  loss_giou_0 0.3423  loss_giou_1 0.2873  loss_giou_2 0.2733  loss_iou_scores 0.0492  loss_iou_scores_0 0.0484  loss_iou_scores_1 0.0492  loss_iou_scores_2 0.0496  loss_label 0.0794  loss_label_0 0.1007  loss_label_1 0.0905  loss_label_2 0.0831  loss_mask_iou 0.0000  loss_mask_iou_0 1.4190  loss_mask_iou_1 1.3722  loss_mask_iou_2 1.3593  loss_overall 10.2469  loss_query_cgp_bind 0.0000  loss_query_cgp_route -0.0230  loss_saliency 2.8611  loss_span 0.1842  loss_span_0 0.2307  loss_span_1 0.1952  loss_span_2 0.1883
2026-08-28 23:20:24,029 INFO Generate submissions
2026-08-28 23:20:29,589 INFO Saving/Evaluating before nms results
2026-08-28 23:20:33,717 INFO metrics_no_nms OrderedDict([   ('MR-full-R1@0.5', 68.06),
                ('MR-full-R1@0.7', 52.97),
                ('MR-full-mAP', 48.14),
                ('MR-full-mAP@0.5', 68.88),
                ('MR-full-mAP@0.75', 49.2),
                ('MR-long-mAP', 54.84),
                ('MR-middle-mAP', 49.75),
                ('MR-short-mAP', 12.38),
                ('HL-min-Fair-mAP', 78.21),
                ('HL-min-Fair-Hit1', 81.23),
                ('HL-min-Good-mAP', 67.03),
                ('HL-min-Good-Hit1', 79.42),
                ('HL-min-VeryGood-mAP', 41.08),
                ('HL-min-VeryGood-Hit1', 67.1)])
2026-08-28 23:20:34,048 INFO [Epoch 191]
2026-08-28 23:21:34,858 INFO Epoch[191] class_error 25.4085  class_error_0 34.0673  class_error_1 29.2752  class_error_2 26.4674  loss_giou 0.2600  loss_giou_0 0.3376  loss_giou_1 0.2831  loss_giou_2 0.2703  loss_iou_scores 0.0484  loss_iou_scores_0 0.0485  loss_iou_scores_1 0.0490  loss_iou_scores_2 0.0491  loss_label 0.0796  loss_label_0 0.1009  loss_label_1 0.0900  loss_label_2 0.0833  loss_mask_iou 0.0000  loss_mask_iou_0 1.4128  loss_mask_iou_1 1.3600  loss_mask_iou_2 1.3467  loss_overall 10.1971  loss_query_cgp_bind 0.0000  loss_query_cgp_route -0.0230  loss_saliency 2.8663  loss_span 0.1817  loss_span_0 0.2291  loss_span_1 0.1936  loss_span_2 0.1868
2026-08-28 23:21:34,861 INFO Generate submissions
2026-08-28 23:21:39,951 INFO Saving/Evaluating before nms results
2026-08-28 23:21:43,873 INFO metrics_no_nms OrderedDict([   ('MR-full-R1@0.5', 67.48),
                ('MR-full-R1@0.7', 52.26),
                ('MR-full-mAP', 47.72),
                ('MR-full-mAP@0.5', 68.38),
                ('MR-full-mAP@0.75', 48.67),
                ('MR-long-mAP', 54.17),
                ('MR-middle-mAP', 49.4),
                ('MR-short-mAP', 12.34),
                ('HL-min-Fair-mAP', 78.22),
                ('HL-min-Fair-Hit1', 80.9),
                ('HL-min-Good-mAP', 67.03),
                ('HL-min-Good-Hit1', 79.23),
                ('HL-min-VeryGood-mAP', 41.04),
                ('HL-min-VeryGood-Hit1', 66.58)])
2026-08-28 23:21:44,186 INFO [Epoch 192]
2026-08-28 23:22:45,506 INFO Epoch[192] class_error 25.7446  class_error_0 34.2594  class_error_1 29.9483  class_error_2 26.8704  loss_giou 0.2590  loss_giou_0 0.3383  loss_giou_1 0.2833  loss_giou_2 0.2695  loss_iou_scores 0.0479  loss_iou_scores_0 0.0479  loss_iou_scores_1 0.0479  loss_iou_scores_2 0.0487  loss_label 0.0783  loss_label_0 0.0997  loss_label_1 0.0898  loss_label_2 0.0820  loss_mask_iou 0.0000  loss_mask_iou_0 1.4044  loss_mask_iou_1 1.3552  loss_mask_iou_2 1.3442  loss_overall 10.1597  loss_query_cgp_bind 0.0000  loss_query_cgp_route -0.0230  loss_saliency 2.8582  loss_span 0.1797  loss_span_0 0.2276  loss_span_1 0.1903  loss_span_2 0.1840
2026-08-28 23:22:45,509 INFO Generate submissions
2026-08-28 23:22:51,047 INFO Saving/Evaluating before nms results
2026-08-28 23:22:55,399 INFO metrics_no_nms OrderedDict([   ('MR-full-R1@0.5', 68.39),
                ('MR-full-R1@0.7', 53.35),
                ('MR-full-mAP', 48.06),
                ('MR-full-mAP@0.5', 68.72),
                ('MR-full-mAP@0.75', 49.13),
                ('MR-long-mAP', 54.11),
                ('MR-middle-mAP', 50.2),
                ('MR-short-mAP', 12.2),
                ('HL-min-Fair-mAP', 78.23),
                ('HL-min-Fair-Hit1', 80.52),
                ('HL-min-Good-mAP', 66.98),
                ('HL-min-Good-Hit1', 78.65),
                ('HL-min-VeryGood-mAP', 40.95),
                ('HL-min-VeryGood-Hit1', 65.94)])
2026-08-28 23:22:55,734 INFO [Epoch 193]
2026-08-28 23:23:55,767 INFO Epoch[193] class_error 25.9442  class_error_0 34.6306  class_error_1 29.1503  class_error_2 26.4111  loss_giou 0.2634  loss_giou_0 0.3434  loss_giou_1 0.2871  loss_giou_2 0.2728  loss_iou_scores 0.0488  loss_iou_scores_0 0.0484  loss_iou_scores_1 0.0489  loss_iou_scores_2 0.0496  loss_label 0.0805  loss_label_0 0.1002  loss_label_1 0.0902  loss_label_2 0.0839  loss_mask_iou 0.0000  loss_mask_iou_0 1.4253  loss_mask_iou_1 1.3785  loss_mask_iou_2 1.3655  loss_overall 10.2766  loss_query_cgp_bind 0.0000  loss_query_cgp_route -0.0230  loss_saliency 2.8660  loss_span 0.1844  loss_span_0 0.2313  loss_span_1 0.1965  loss_span_2 0.1891
2026-08-28 23:23:55,769 INFO Generate submissions
2026-08-28 23:24:00,514 INFO Saving/Evaluating before nms results
2026-08-28 23:24:04,347 INFO metrics_no_nms OrderedDict([   ('MR-full-R1@0.5', 67.35),
                ('MR-full-R1@0.7', 52.32),
                ('MR-full-mAP', 47.85),
                ('MR-full-mAP@0.5', 68.37),
                ('MR-full-mAP@0.75', 48.86),
                ('MR-long-mAP', 54.79),
                ('MR-middle-mAP', 49.43),
                ('MR-short-mAP', 11.71),
                ('HL-min-Fair-mAP', 78.25),
                ('HL-min-Fair-Hit1', 81.1),
                ('HL-min-Good-mAP', 67.12),
                ('HL-min-Good-Hit1', 79.35),
                ('HL-min-VeryGood-mAP', 41.01),
                ('HL-min-VeryGood-Hit1', 66.9)])
2026-08-28 23:24:04,668 INFO [Epoch 194]
2026-08-28 23:25:03,873 INFO Epoch[194] class_error 26.1366  class_error_0 34.3880  class_error_1 29.5101  class_error_2 26.6884  loss_giou 0.2610  loss_giou_0 0.3407  loss_giou_1 0.2839  loss_giou_2 0.2703  loss_iou_scores 0.0487  loss_iou_scores_0 0.0482  loss_iou_scores_1 0.0488  loss_iou_scores_2 0.0495  loss_label 0.0791  loss_label_0 0.0995  loss_label_1 0.0897  loss_label_2 0.0825  loss_mask_iou 0.0000  loss_mask_iou_0 1.4241  loss_mask_iou_1 1.3590  loss_mask_iou_2 1.3548  loss_overall 10.2247  loss_query_cgp_bind 0.0000  loss_query_cgp_route -0.0230  loss_saliency 2.8633  loss_span 0.1842  loss_span_0 0.2317  loss_span_1 0.1946  loss_span_2 0.1883
2026-08-28 23:25:03,876 INFO Generate submissions
2026-08-28 23:25:08,754 INFO Saving/Evaluating before nms results
2026-08-28 23:25:12,688 INFO metrics_no_nms OrderedDict([   ('MR-full-R1@0.5', 67.48),
                ('MR-full-R1@0.7', 53.1),
                ('MR-full-mAP', 47.96),
                ('MR-full-mAP@0.5', 68.61),
                ('MR-full-mAP@0.75', 48.92),
                ('MR-long-mAP', 53.98),
                ('MR-middle-mAP', 50.17),
                ('MR-short-mAP', 12.02),
                ('HL-min-Fair-mAP', 78.29),
                ('HL-min-Fair-Hit1', 80.97),
                ('HL-min-Good-mAP', 67.1),
                ('HL-min-Good-Hit1', 79.16),
                ('HL-min-VeryGood-mAP', 40.99),
                ('HL-min-VeryGood-Hit1', 66.65)])
2026-08-28 23:25:13,081 INFO [Epoch 195]
2026-08-28 23:26:13,343 INFO Epoch[195] class_error 25.4552  class_error_0 33.6389  class_error_1 29.2268  class_error_2 26.6198  loss_giou 0.2641  loss_giou_0 0.3395  loss_giou_1 0.2852  loss_giou_2 0.2735  loss_iou_scores 0.0475  loss_iou_scores_0 0.0478  loss_iou_scores_1 0.0485  loss_iou_scores_2 0.0483  loss_label 0.0789  loss_label_0 0.0987  loss_label_1 0.0892  loss_label_2 0.0822  loss_mask_iou 0.0000  loss_mask_iou_0 1.4276  loss_mask_iou_1 1.3751  loss_mask_iou_2 1.3648  loss_overall 10.2490  loss_query_cgp_bind 0.0000  loss_query_cgp_route -0.0230  loss_saliency 2.8620  loss_span 0.1845  loss_span_0 0.2298  loss_span_1 0.1950  loss_span_2 0.1886
2026-08-28 23:26:13,348 INFO Generate submissions
2026-08-28 23:26:17,779 INFO Saving/Evaluating before nms results
2026-08-28 23:26:22,218 INFO metrics_no_nms OrderedDict([   ('MR-full-R1@0.5', 68.19),
                ('MR-full-R1@0.7', 53.68),
                ('MR-full-mAP', 48.25),
                ('MR-full-mAP@0.5', 68.9),
                ('MR-full-mAP@0.75', 48.68),
                ('MR-long-mAP', 54.39),
                ('MR-middle-mAP', 50.31),
                ('MR-short-mAP', 12.16),
                ('HL-min-Fair-mAP', 78.23),
                ('HL-min-Fair-Hit1', 80.65),
                ('HL-min-Good-mAP', 67.06),
                ('HL-min-Good-Hit1', 78.9),
                ('HL-min-VeryGood-mAP', 41.13),
                ('HL-min-VeryGood-Hit1', 66.65)])
2026-08-28 23:26:22,551 INFO [Epoch 196]
2026-08-28 23:27:22,180 INFO Epoch[196] class_error 25.1702  class_error_0 33.6517  class_error_1 29.3038  class_error_2 26.1869  loss_giou 0.2638  loss_giou_0 0.3413  loss_giou_1 0.2873  loss_giou_2 0.2739  loss_iou_scores 0.0479  loss_iou_scores_0 0.0477  loss_iou_scores_1 0.0484  loss_iou_scores_2 0.0487  loss_label 0.0784  loss_label_0 0.1001  loss_label_1 0.0896  loss_label_2 0.0817  loss_mask_iou 0.0000  loss_mask_iou_0 1.4216  loss_mask_iou_1 1.3746  loss_mask_iou_2 1.3683  loss_overall 10.2443  loss_query_cgp_bind 0.0000  loss_query_cgp_route -0.0230  loss_saliency 2.8609  loss_span 0.1831  loss_span_0 0.2288  loss_span_1 0.1931  loss_span_2 0.1870
2026-08-28 23:27:22,183 INFO Generate submissions
2026-08-28 23:27:27,415 INFO Saving/Evaluating before nms results
2026-08-28 23:27:31,484 INFO metrics_no_nms OrderedDict([   ('MR-full-R1@0.5', 68.06),
                ('MR-full-R1@0.7', 53.03),
                ('MR-full-mAP', 48.25),
                ('MR-full-mAP@0.5', 68.96),
                ('MR-full-mAP@0.75', 49.12),
                ('MR-long-mAP', 54.64),
                ('MR-middle-mAP', 49.91),
                ('MR-short-mAP', 12.24),
                ('HL-min-Fair-mAP', 78.22),
                ('HL-min-Fair-Hit1', 80.97),
                ('HL-min-Good-mAP', 67.01),
                ('HL-min-Good-Hit1', 79.23),
                ('HL-min-VeryGood-mAP', 40.99),
                ('HL-min-VeryGood-Hit1', 66.58)])
2026-08-28 23:27:31,816 INFO [Epoch 197]
2026-08-28 23:28:30,956 INFO Epoch[197] class_error 25.5457  class_error_0 33.6506  class_error_1 29.0902  class_error_2 26.4059  loss_giou 0.2579  loss_giou_0 0.3378  loss_giou_1 0.2823  loss_giou_2 0.2700  loss_iou_scores 0.0495  loss_iou_scores_0 0.0476  loss_iou_scores_1 0.0496  loss_iou_scores_2 0.0494  loss_label 0.0792  loss_label_0 0.0995  loss_label_1 0.0898  loss_label_2 0.0826  loss_mask_iou 0.0000  loss_mask_iou_0 1.4045  loss_mask_iou_1 1.3567  loss_mask_iou_2 1.3450  loss_overall 10.1755  loss_query_cgp_bind 0.0000  loss_query_cgp_route -0.0231  loss_saliency 2.8629  loss_span 0.1828  loss_span_0 0.2308  loss_span_1 0.1925  loss_span_2 0.1879
2026-08-28 23:28:30,959 INFO Generate submissions
2026-08-28 23:28:36,100 INFO Saving/Evaluating before nms results
2026-08-28 23:28:39,714 INFO metrics_no_nms OrderedDict([   ('MR-full-R1@0.5', 67.42),
                ('MR-full-R1@0.7', 52.84),
                ('MR-full-mAP', 48.07),
                ('MR-full-mAP@0.5', 68.42),
                ('MR-full-mAP@0.75', 48.61),
                ('MR-long-mAP', 54.84),
                ('MR-middle-mAP', 49.59),
                ('MR-short-mAP', 12.1),
                ('HL-min-Fair-mAP', 78.18),
                ('HL-min-Fair-Hit1', 80.77),
                ('HL-min-Good-mAP', 67.03),
                ('HL-min-Good-Hit1', 79.1),
                ('HL-min-VeryGood-mAP', 40.95),
                ('HL-min-VeryGood-Hit1', 66.58)])
2026-08-28 23:28:40,045 INFO [Epoch 198]
2026-08-28 23:29:28,295 INFO Epoch[198] class_error 25.6463  class_error_0 34.2610  class_error_1 29.9111  class_error_2 26.5661  loss_giou 0.2596  loss_giou_0 0.3381  loss_giou_1 0.2840  loss_giou_2 0.2698  loss_iou_scores 0.0486  loss_iou_scores_0 0.0482  loss_iou_scores_1 0.0490  loss_iou_scores_2 0.0491  loss_label 0.0786  loss_label_0 0.1003  loss_label_1 0.0893  loss_label_2 0.0821  loss_mask_iou 0.0000  loss_mask_iou_0 1.4227  loss_mask_iou_1 1.3724  loss_mask_iou_2 1.3627  loss_overall 10.2276  loss_query_cgp_bind 0.0000  loss_query_cgp_route -0.0230  loss_saliency 2.8604  loss_span 0.1825  loss_span_0 0.2295  loss_span_1 0.1944  loss_span_2 0.1874
2026-08-28 23:29:28,298 INFO Generate submissions
2026-08-28 23:29:32,891 INFO Saving/Evaluating before nms results
2026-08-28 23:29:36,303 INFO metrics_no_nms OrderedDict([   ('MR-full-R1@0.5', 67.74),
                ('MR-full-R1@0.7', 52.77),
                ('MR-full-mAP', 48.31),
                ('MR-full-mAP@0.5', 68.53),
                ('MR-full-mAP@0.75', 48.9),
                ('MR-long-mAP', 54.65),
                ('MR-middle-mAP', 50.06),
                ('MR-short-mAP', 12.45),
                ('HL-min-Fair-mAP', 78.17),
                ('HL-min-Fair-Hit1', 80.26),
                ('HL-min-Good-mAP', 66.98),
                ('HL-min-Good-Hit1', 78.32),
                ('HL-min-VeryGood-mAP', 40.92),
                ('HL-min-VeryGood-Hit1', 65.87)])
2026-08-28 23:29:36,623 INFO [Epoch 199]
2026-08-28 23:30:20,649 INFO Epoch[199] class_error 25.4746  class_error_0 34.3246  class_error_1 29.3630  class_error_2 25.9460  loss_giou 0.2619  loss_giou_0 0.3415  loss_giou_1 0.2862  loss_giou_2 0.2729  loss_iou_scores 0.0478  loss_iou_scores_0 0.0487  loss_iou_scores_1 0.0491  loss_iou_scores_2 0.0486  loss_label 0.0781  loss_label_0 0.0994  loss_label_1 0.0886  loss_label_2 0.0816  loss_mask_iou 0.0000  loss_mask_iou_0 1.4300  loss_mask_iou_1 1.3716  loss_mask_iou_2 1.3663  loss_overall 10.2583  loss_query_cgp_bind 0.0000  loss_query_cgp_route -0.0230  loss_saliency 2.8640  loss_span 0.1846  loss_span_0 0.2310  loss_span_1 0.1957  loss_span_2 0.1893
2026-08-28 23:30:20,652 INFO Generate submissions
2026-08-28 23:30:24,846 INFO Saving/Evaluating before nms results
2026-08-28 23:30:28,353 INFO metrics_no_nms OrderedDict([   ('MR-full-R1@0.5', 67.94),
                ('MR-full-R1@0.7', 53.1),
                ('MR-full-mAP', 48.33),
                ('MR-full-mAP@0.5', 68.82),
                ('MR-full-mAP@0.75', 49.45),
                ('MR-long-mAP', 54.71),
                ('MR-middle-mAP', 50.0),
                ('MR-short-mAP', 12.28),
                ('HL-min-Fair-mAP', 78.18),
                ('HL-min-Fair-Hit1', 80.84),
                ('HL-min-Good-mAP', 66.97),
                ('HL-min-Good-Hit1', 79.16),
                ('HL-min-VeryGood-mAP', 40.93),
                ('HL-min-VeryGood-Hit1', 66.65)])
2026-08-28 23:30:28,678 INFO [Epoch 200]
2026-08-28 23:31:16,284 INFO Epoch[200] class_error 25.0364  class_error_0 32.9566  class_error_1 28.7942  class_error_2 26.0715  loss_giou 0.2626  loss_giou_0 0.3413  loss_giou_1 0.2853  loss_giou_2 0.2728  loss_iou_scores 0.0475  loss_iou_scores_0 0.0477  loss_iou_scores_1 0.0483  loss_iou_scores_2 0.0484  loss_label 0.0776  loss_label_0 0.0992  loss_label_1 0.0892  loss_label_2 0.0810  loss_mask_iou 0.0000  loss_mask_iou_0 1.4156  loss_mask_iou_1 1.3671  loss_mask_iou_2 1.3595  loss_overall 10.2110  loss_query_cgp_bind 0.0000  loss_query_cgp_route -0.0230  loss_saliency 2.8565  loss_span 0.1827  loss_span_0 0.2282  loss_span_1 0.1933  loss_span_2 0.1867
2026-08-28 23:31:16,286 INFO Generate submissions
2026-08-28 23:31:20,451 INFO Saving/Evaluating before nms results
2026-08-28 23:31:23,972 INFO metrics_no_nms OrderedDict([   ('MR-full-R1@0.5', 67.35),
                ('MR-full-R1@0.7', 52.77),
                ('MR-full-mAP', 48.05),
                ('MR-full-mAP@0.5', 68.54),
                ('MR-full-mAP@0.75', 49.09),
                ('MR-long-mAP', 54.69),
                ('MR-middle-mAP', 49.51),
                ('MR-short-mAP', 12.54),
                ('HL-min-Fair-mAP', 78.21),
                ('HL-min-Fair-Hit1', 80.45),
                ('HL-min-Good-mAP', 66.95),
                ('HL-min-Good-Hit1', 78.71),
                ('HL-min-VeryGood-mAP', 40.91),
                ('HL-min-VeryGood-Hit1', 66.06)])
2026-08-28 23:31:24,467 INFO Finished variant no_bind, best validation MR-full-mAP=48.9300
