2026-08-28 19:34:10,390 INFO Starting variant supervision_only with options {'dset_name': 'hl', 'dset_domain': None, 'eval_split_name': 'val', 'debug': False, 'data_ratio': 1.0, 'results_root': 'results', 'exp_id': 'supervision_only', 'seed': 2017, 'device': device(type='cuda'), 'gpu_id': 0, 'num_workers': 4, 'no_pin_memory': False, 'lr': 0.0001, 'lr_drop': 100, 'wd': 0.0001, 'n_epoch': 200, 'max_es_cnt': 200, 'bsz': 32, 'eval_bsz': 100, 'grad_clip': 0.1, 'eval_untrained': False, 'resume': None, 'resume_all': False, 'start_epoch': None, 'max_q_l': 32, 'max_v_l': 75, 'clip_length': 2, 'max_windows': 10, 'train_path': '/home/guoxiangyu/VLMbasedIter_momentretrival/Sim-DETR/data/highlight_train_release.jsonl', 'eval_path': '/home/guoxiangyu/VLMbasedIter_momentretrival/Sim-DETR/data/highlight_val_release.jsonl', 'no_norm_vfeat': False, 'no_norm_tfeat': False, 'v_feat_dirs': ['/home/guoxiangyu/VLMbasedIter_momentretrival/Sim-DETR/data/slowfast_features', '/home/guoxiangyu/VLMbasedIter_momentretrival/Sim-DETR/data/clip_b32_vid_k4'], 't_feat_dir': '/home/guoxiangyu/VLMbasedIter_momentretrival/Sim-DETR/data/clip_b32_txt_k4', 'a_feat_dir': None, 'v_feat_dim': 5378, 't_feat_dim': 2048, 'a_feat_dim': None, 'ctx_mode': 'video_tef', 'position_embedding': 'sine', 'enc_layers': 2, 'dec_layers': 4, 'dim_feedforward': 1024, 'hidden_dim': 256, 'input_dropout': 0.5, 'dropout': 0.1, 'txt_drop_ratio': 0, 'use_txt_pos': False, 'nheads': 8, 'num_queries': 10, 'pre_norm': False, 'n_input_proj': 2, 'contrastive_hdim': 64, 'temperature': 0.07, 'lw_saliency': 1.0, 'saliency_margin': 0.2, 'aux_loss': True, 'span_loss_type': 'l1', 'contrastive_align_loss': False, 'set_cost_span': 10, 'set_cost_giou': 1, 'set_cost_class': 4, 'set_cost_mask': 6, 'span_loss_coef': 10, 'giou_loss_coef': 1, 'label_loss_coef': 4, 'eos_coef': 0.1, 'contrastive_align_loss_coef': 0.0, 'mask_loss_coef': 6, 'iou_scores_loss_coef': 2, 'no_sort_results': False, 'max_before_nms': 10, 'max_after_nms': 10, 'conf_thd': 0.0, 'nms_thd': -1, 'VTC_loss_coef': 0.3, 'CTC_loss_coef': 0.5, 'use_query_cgp': True, 'query_cgp_num_basis': 16, 'query_cgp_prompt_length': 6, 'query_cgp_router_hidden_dim': 256, 'query_cgp_frf_hidden_dim': 512, 'query_cgp_temperature': 1.0, 'query_cgp_beta': 0.05, 'query_cgp_after_layer': 0, 'query_cgp_binding_loss_coef': 0.2, 'query_cgp_route_loss_coef': 0.0, 'init_from': None, 'variant': 'supervision_only', 'output_dir': '/home/guoxiangyu/VLMbasedIter_momentretrival/Sim-DETR/causal_occurrence_lab/outputs/causal_training_parallel/supervision_only_seed2017', 'causal_dec_layers': 4, 'clean_iou': 0.1, 'causal_init_from': None, 'causal_inject_override': None, 'causal_binding_target_override': None, 'causal_inject': False, 'causal_binding_target': 'matched', 'pin_memory': True, 'use_tef': True, 'use_video': True, 'results_dir': '/home/guoxiangyu/VLMbasedIter_momentretrival/Sim-DETR/causal_occurrence_lab/outputs/causal_training_parallel/supervision_only_seed2017', 'ckpt_filepath': '/home/guoxiangyu/VLMbasedIter_momentretrival/Sim-DETR/causal_occurrence_lab/outputs/causal_training_parallel/supervision_only_seed2017/model.ckpt', 'train_log_filepath': '/home/guoxiangyu/VLMbasedIter_momentretrival/Sim-DETR/causal_occurrence_lab/outputs/causal_training_parallel/supervision_only_seed2017/train.log.txt', 'eval_log_filepath': '/home/guoxiangyu/VLMbasedIter_momentretrival/Sim-DETR/causal_occurrence_lab/outputs/causal_training_parallel/supervision_only_seed2017/eval.log.txt', 'tensorboard_log_dir': '/home/guoxiangyu/VLMbasedIter_momentretrival/Sim-DETR/causal_occurrence_lab/outputs/causal_training_parallel/supervision_only_seed2017/tensorboard_log'}
2026-08-28 19:34:12,612 INFO [Epoch 1]
2026-08-28 19:35:13,770 INFO Epoch[1] class_error 99.5629  class_error_0 99.3471  class_error_1 99.8693  class_error_2 99.7986  loss_giou 0.7684  loss_giou_0 0.7006  loss_giou_1 0.7235  loss_giou_2 0.7403  loss_iou_scores 0.0857  loss_iou_scores_0 0.0885  loss_iou_scores_1 0.0867  loss_iou_scores_2 0.0859  loss_label 0.2095  loss_label_0 0.2142  loss_label_1 0.2096  loss_label_2 0.2091  loss_mask_iou 0.0000  loss_mask_iou_0 4.9584  loss_mask_iou_1 4.9585  loss_mask_iou_2 4.9586  loss_overall 28.7476  loss_query_cgp_bind 0.4477  loss_query_cgp_route 0.0000  loss_saliency 4.0982  loss_span 1.0423  loss_span_0 0.9660  loss_span_1 0.9424  loss_span_2 0.9726
2026-08-28 19:35:13,775 INFO Generate submissions
2026-08-28 19:35:21,102 INFO Saving/Evaluating before nms results
2026-08-28 19:35:25,144 INFO metrics_no_nms OrderedDict([   ('MR-full-R1@0.5', 8.65),
                ('MR-full-R1@0.7', 1.55),
                ('MR-full-mAP', 5.14),
                ('MR-full-mAP@0.5', 15.64),
                ('MR-full-mAP@0.75', 3.04),
                ('MR-long-mAP', 9.04),
                ('MR-middle-mAP', 4.36),
                ('MR-short-mAP', 0.24),
                ('HL-min-Fair-mAP', 47.24),
                ('HL-min-Fair-Hit1', 37.16),
                ('HL-min-Good-mAP', 40.0),
                ('HL-min-Good-Hit1', 35.68),
                ('HL-min-VeryGood-mAP', 24.5),
                ('HL-min-VeryGood-Hit1', 30.0)])
2026-08-28 19:35:25,394 INFO [Best] epoch 1, MR-full-mAP 5.1400
2026-08-28 19:35:25,612 INFO [Epoch 2]
2026-08-28 19:36:24,211 INFO Epoch[2] class_error 100.0000  class_error_0 100.0000  class_error_1 100.0000  class_error_2 100.0000  loss_giou 0.7225  loss_giou_0 0.6951  loss_giou_1 0.7049  loss_giou_2 0.7120  loss_iou_scores 0.0866  loss_iou_scores_0 0.0865  loss_iou_scores_1 0.0862  loss_iou_scores_2 0.0865  loss_label 0.2050  loss_label_0 0.2061  loss_label_1 0.2051  loss_label_2 0.2051  loss_mask_iou 0.0000  loss_mask_iou_0 4.9492  loss_mask_iou_1 4.9492  loss_mask_iou_2 4.9492  loss_overall 27.8808  loss_query_cgp_bind 0.4065  loss_query_cgp_route 0.0000  loss_saliency 3.8832  loss_span 0.9474  loss_span_0 0.8986  loss_span_1 0.9033  loss_span_2 0.9241
2026-08-28 19:36:24,214 INFO Generate submissions
2026-08-28 19:36:31,826 INFO Saving/Evaluating before nms results
2026-08-28 19:36:35,610 INFO metrics_no_nms OrderedDict([   ('MR-full-R1@0.5', 18.58),
                ('MR-full-R1@0.7', 5.81),
                ('MR-full-mAP', 9.75),
                ('MR-full-mAP@0.5', 26.58),
                ('MR-full-mAP@0.75', 5.96),
                ('MR-long-mAP', 12.05),
                ('MR-middle-mAP', 10.96),
                ('MR-short-mAP', 0.54),
                ('HL-min-Fair-mAP', 64.81),
                ('HL-min-Fair-Hit1', 63.48),
                ('HL-min-Good-mAP', 55.42),
                ('HL-min-Good-Hit1', 61.42),
                ('HL-min-VeryGood-mAP', 34.06),
                ('HL-min-VeryGood-Hit1', 50.84)])
2026-08-28 19:36:35,886 INFO [Best] epoch 2, MR-full-mAP 9.7500
2026-08-28 19:36:36,150 INFO [Epoch 3]
2026-08-28 19:37:36,982 INFO Epoch[3] class_error 99.8560  class_error_0 99.8145  class_error_1 100.0000  class_error_2 100.0000  loss_giou 0.6240  loss_giou_0 0.6157  loss_giou_1 0.6133  loss_giou_2 0.6198  loss_iou_scores 0.0851  loss_iou_scores_0 0.0951  loss_iou_scores_1 0.0953  loss_iou_scores_2 0.0975  loss_label 0.1965  loss_label_0 0.2054  loss_label_1 0.2032  loss_label_2 0.2045  loss_mask_iou 0.0000  loss_mask_iou_0 4.4207  loss_mask_iou_1 4.4203  loss_mask_iou_2 4.4218  loss_overall 25.0599  loss_query_cgp_bind 0.3655  loss_query_cgp_route 0.0000  loss_saliency 3.6905  loss_span 0.7761  loss_span_0 0.7795  loss_span_1 0.7614  loss_span_2 0.7682
2026-08-28 19:37:36,987 INFO Generate submissions
2026-08-28 19:37:44,375 INFO Saving/Evaluating before nms results
2026-08-28 19:37:48,145 INFO metrics_no_nms OrderedDict([   ('MR-full-R1@0.5', 34.39),
                ('MR-full-R1@0.7', 12.52),
                ('MR-full-mAP', 15.71),
                ('MR-full-mAP@0.5', 39.54),
                ('MR-full-mAP@0.75', 11.68),
                ('MR-long-mAP', 16.74),
                ('MR-middle-mAP', 18.99),
                ('MR-short-mAP', 2.27),
                ('HL-min-Fair-mAP', 69.6),
                ('HL-min-Fair-Hit1', 70.58),
                ('HL-min-Good-mAP', 59.53),
                ('HL-min-Good-Hit1', 68.58),
                ('HL-min-VeryGood-mAP', 36.63),
                ('HL-min-VeryGood-Hit1', 57.42)])
2026-08-28 19:37:48,515 INFO [Best] epoch 3, MR-full-mAP 15.7100
2026-08-28 19:37:48,797 INFO [Epoch 4]
2026-08-28 19:38:48,393 INFO Epoch[4] class_error 95.6297  class_error_0 99.8405  class_error_1 99.5874  class_error_2 99.8084  loss_giou 0.5756  loss_giou_0 0.5724  loss_giou_1 0.5732  loss_giou_2 0.5739  loss_iou_scores 0.0718  loss_iou_scores_0 0.0963  loss_iou_scores_1 0.0821  loss_iou_scores_2 0.0896  loss_label 0.1846  loss_label_0 0.2011  loss_label_1 0.1927  loss_label_2 0.1953  loss_mask_iou 0.0000  loss_mask_iou_0 4.1065  loss_mask_iou_1 4.1068  loss_mask_iou_2 4.1230  loss_overall 23.3839  loss_query_cgp_bind 0.3042  loss_query_cgp_route 0.0000  loss_saliency 3.5653  loss_span 0.6921  loss_span_0 0.7112  loss_span_1 0.6933  loss_span_2 0.6944
2026-08-28 19:38:48,398 INFO Generate submissions
2026-08-28 19:38:54,486 INFO Saving/Evaluating before nms results
2026-08-28 19:38:58,852 INFO metrics_no_nms OrderedDict([   ('MR-full-R1@0.5', 52.26),
                ('MR-full-R1@0.7', 24.19),
                ('MR-full-mAP', 26.53),
                ('MR-full-mAP@0.5', 53.58),
                ('MR-full-mAP@0.75', 22.72),
                ('MR-long-mAP', 33.58),
                ('MR-middle-mAP', 28.47),
                ('MR-short-mAP', 1.36),
                ('HL-min-Fair-mAP', 71.29),
                ('HL-min-Fair-Hit1', 72.52),
                ('HL-min-Good-mAP', 61.08),
                ('HL-min-Good-Hit1', 70.19),
                ('HL-min-VeryGood-mAP', 37.86),
                ('HL-min-VeryGood-Hit1', 59.35)])
2026-08-28 19:38:59,282 INFO [Best] epoch 4, MR-full-mAP 26.5300
2026-08-28 19:38:59,614 INFO [Epoch 5]
2026-08-28 19:39:59,112 INFO Epoch[5] class_error 94.9051  class_error_0 99.1197  class_error_1 98.5838  class_error_2 98.5154  loss_giou 0.5507  loss_giou_0 0.5678  loss_giou_1 0.5547  loss_giou_2 0.5589  loss_iou_scores 0.0757  loss_iou_scores_0 0.0943  loss_iou_scores_1 0.0798  loss_iou_scores_2 0.0815  loss_label 0.1838  loss_label_0 0.1982  loss_label_1 0.1869  loss_label_2 0.1869  loss_mask_iou 0.0000  loss_mask_iou_0 3.7506  loss_mask_iou_1 3.6564  loss_mask_iou_2 3.6707  loss_overall 21.8087  loss_query_cgp_bind 0.2680  loss_query_cgp_route 0.0000  loss_saliency 3.5151  loss_span 0.6523  loss_span_0 0.6936  loss_span_1 0.6636  loss_span_2 0.6632
2026-08-28 19:39:59,115 INFO Generate submissions
2026-08-28 19:40:06,043 INFO Saving/Evaluating before nms results
2026-08-28 19:40:10,042 INFO metrics_no_nms OrderedDict([   ('MR-full-R1@0.5', 54.84),
                ('MR-full-R1@0.7', 28.9),
                ('MR-full-mAP', 28.98),
                ('MR-full-mAP@0.5', 54.67),
                ('MR-full-mAP@0.75', 26.72),
                ('MR-long-mAP', 35.49),
                ('MR-middle-mAP', 31.15),
                ('MR-short-mAP', 1.8),
                ('HL-min-Fair-mAP', 73.29),
                ('HL-min-Fair-Hit1', 74.52),
                ('HL-min-Good-mAP', 62.61),
                ('HL-min-Good-Hit1', 72.06),
                ('HL-min-VeryGood-mAP', 38.7),
                ('HL-min-VeryGood-Hit1', 61.35)])
2026-08-28 19:40:10,471 INFO [Best] epoch 5, MR-full-mAP 28.9800
2026-08-28 19:40:10,826 INFO [Epoch 6]
2026-08-28 19:41:09,510 INFO Epoch[6] class_error 95.0603  class_error_0 99.0031  class_error_1 96.8419  class_error_2 97.1936  loss_giou 0.5395  loss_giou_0 0.5643  loss_giou_1 0.5398  loss_giou_2 0.5462  loss_iou_scores 0.0790  loss_iou_scores_0 0.0926  loss_iou_scores_1 0.0789  loss_iou_scores_2 0.0790  loss_label 0.1829  loss_label_0 0.1987  loss_label_1 0.1842  loss_label_2 0.1841  loss_mask_iou 0.0000  loss_mask_iou_0 3.3841  loss_mask_iou_1 3.2794  loss_mask_iou_2 3.2897  loss_overall 20.3998  loss_query_cgp_bind 0.2414  loss_query_cgp_route 0.0000  loss_saliency 3.4637  loss_span 0.6123  loss_span_0 0.6735  loss_span_1 0.6215  loss_span_2 0.6200
2026-08-28 19:41:09,516 INFO Generate submissions
2026-08-28 19:41:15,575 INFO Saving/Evaluating before nms results
2026-08-28 19:41:19,731 INFO metrics_no_nms OrderedDict([   ('MR-full-R1@0.5', 57.23),
                ('MR-full-R1@0.7', 35.23),
                ('MR-full-mAP', 32.76),
                ('MR-full-mAP@0.5', 57.2),
                ('MR-full-mAP@0.75', 32.62),
                ('MR-long-mAP', 36.19),
                ('MR-middle-mAP', 37.93),
                ('MR-short-mAP', 2.05),
                ('HL-min-Fair-mAP', 74.13),
                ('HL-min-Fair-Hit1', 74.13),
                ('HL-min-Good-mAP', 63.41),
                ('HL-min-Good-Hit1', 71.68),
                ('HL-min-VeryGood-mAP', 39.14),
                ('HL-min-VeryGood-Hit1', 60.19)])
2026-08-28 19:41:20,105 INFO [Best] epoch 6, MR-full-mAP 32.7600
2026-08-28 19:41:20,413 INFO [Epoch 7]
2026-08-28 19:42:19,638 INFO Epoch[7] class_error 93.6349  class_error_0 99.0204  class_error_1 94.0159  class_error_2 95.4318  loss_giou 0.5123  loss_giou_0 0.5498  loss_giou_1 0.5182  loss_giou_2 0.5250  loss_iou_scores 0.0776  loss_iou_scores_0 0.0892  loss_iou_scores_1 0.0769  loss_iou_scores_2 0.0751  loss_label 0.1781  loss_label_0 0.1959  loss_label_1 0.1779  loss_label_2 0.1780  loss_mask_iou 0.0000  loss_mask_iou_0 3.0743  loss_mask_iou_1 2.9651  loss_mask_iou_2 2.9589  loss_overall 18.9403  loss_query_cgp_bind 0.2123  loss_query_cgp_route 0.0000  loss_saliency 3.4077  loss_span 0.5342  loss_span_0 0.6083  loss_span_1 0.5472  loss_span_2 0.5486
2026-08-28 19:42:19,642 INFO Generate submissions
2026-08-28 19:42:25,147 INFO Saving/Evaluating before nms results
2026-08-28 19:42:29,073 INFO metrics_no_nms OrderedDict([   ('MR-full-R1@0.5', 60.06),
                ('MR-full-R1@0.7', 37.48),
                ('MR-full-mAP', 35.08),
                ('MR-full-mAP@0.5', 60.29),
                ('MR-full-mAP@0.75', 34.65),
                ('MR-long-mAP', 41.88),
                ('MR-middle-mAP', 38.77),
                ('MR-short-mAP', 2.58),
                ('HL-min-Fair-mAP', 75.22),
                ('HL-min-Fair-Hit1', 77.23),
                ('HL-min-Good-mAP', 64.1),
                ('HL-min-Good-Hit1', 74.9),
                ('HL-min-VeryGood-mAP', 39.37),
                ('HL-min-VeryGood-Hit1', 62.58)])
2026-08-28 19:42:29,432 INFO [Best] epoch 7, MR-full-mAP 35.0800
2026-08-28 19:42:29,777 INFO [Epoch 8]
2026-08-28 19:43:29,089 INFO Epoch[8] class_error 91.6018  class_error_0 98.5134  class_error_1 92.4141  class_error_2 94.7307  loss_giou 0.5000  loss_giou_0 0.5446  loss_giou_1 0.5079  loss_giou_2 0.5104  loss_iou_scores 0.0749  loss_iou_scores_0 0.0864  loss_iou_scores_1 0.0757  loss_iou_scores_2 0.0743  loss_label 0.1751  loss_label_0 0.1926  loss_label_1 0.1755  loss_label_2 0.1762  loss_mask_iou 0.0000  loss_mask_iou_0 2.9298  loss_mask_iou_1 2.8498  loss_mask_iou_2 2.8389  loss_overall 18.3155  loss_query_cgp_bind 0.1960  loss_query_cgp_route 0.0000  loss_saliency 3.3732  loss_span 0.5069  loss_span_0 0.5711  loss_span_1 0.5185  loss_span_2 0.5193
2026-08-28 19:43:29,098 INFO Generate submissions
2026-08-28 19:43:34,658 INFO Saving/Evaluating before nms results
2026-08-28 19:43:38,925 INFO metrics_no_nms OrderedDict([   ('MR-full-R1@0.5', 59.94),
                ('MR-full-R1@0.7', 37.68),
                ('MR-full-mAP', 36.13),
                ('MR-full-mAP@0.5', 60.01),
                ('MR-full-mAP@0.75', 35.95),
                ('MR-long-mAP', 45.92),
                ('MR-middle-mAP', 37.81),
                ('MR-short-mAP', 2.28),
                ('HL-min-Fair-mAP', 73.84),
                ('HL-min-Fair-Hit1', 74.0),
                ('HL-min-Good-mAP', 62.87),
                ('HL-min-Good-Hit1', 71.42),
                ('HL-min-VeryGood-mAP', 38.42),
                ('HL-min-VeryGood-Hit1', 59.42)])
2026-08-28 19:43:39,228 INFO [Best] epoch 8, MR-full-mAP 36.1300
2026-08-28 19:43:39,532 INFO [Epoch 9]
2026-08-28 19:44:39,806 INFO Epoch[9] class_error 88.5569  class_error_0 98.1177  class_error_1 91.7897  class_error_2 92.9347  loss_giou 0.4866  loss_giou_0 0.5326  loss_giou_1 0.4929  loss_giou_2 0.4963  loss_iou_scores 0.0737  loss_iou_scores_0 0.0851  loss_iou_scores_1 0.0744  loss_iou_scores_2 0.0722  loss_label 0.1729  loss_label_0 0.1899  loss_label_1 0.1737  loss_label_2 0.1734  loss_mask_iou 0.0000  loss_mask_iou_0 2.8262  loss_mask_iou_1 2.7645  loss_mask_iou_2 2.7605  loss_overall 17.8316  loss_query_cgp_bind 0.1898  loss_query_cgp_route 0.0000  loss_saliency 3.3444  loss_span 0.4832  loss_span_0 0.5425  loss_span_1 0.4915  loss_span_2 0.4930
2026-08-28 19:44:39,808 INFO Generate submissions
2026-08-28 19:44:44,867 INFO Saving/Evaluating before nms results
2026-08-28 19:44:48,831 INFO metrics_no_nms OrderedDict([   ('MR-full-R1@0.5', 63.81),
                ('MR-full-R1@0.7', 43.42),
                ('MR-full-mAP', 38.96),
                ('MR-full-mAP@0.5', 61.68),
                ('MR-full-mAP@0.75', 40.4),
                ('MR-long-mAP', 46.49),
                ('MR-middle-mAP', 42.13),
                ('MR-short-mAP', 3.47),
                ('HL-min-Fair-mAP', 75.48),
                ('HL-min-Fair-Hit1', 76.45),
                ('HL-min-Good-mAP', 64.35),
                ('HL-min-Good-Hit1', 74.26),
                ('HL-min-VeryGood-mAP', 39.25),
                ('HL-min-VeryGood-Hit1', 61.81)])
2026-08-28 19:44:49,122 INFO [Best] epoch 9, MR-full-mAP 38.9600
2026-08-28 19:44:49,395 INFO [Epoch 10]
2026-08-28 19:45:49,763 INFO Epoch[10] class_error 85.2602  class_error_0 97.7015  class_error_1 90.1563  class_error_2 90.8753  loss_giou 0.4731  loss_giou_0 0.5232  loss_giou_1 0.4821  loss_giou_2 0.4877  loss_iou_scores 0.0729  loss_iou_scores_0 0.0829  loss_iou_scores_1 0.0728  loss_iou_scores_2 0.0703  loss_label 0.1698  loss_label_0 0.1893  loss_label_1 0.1712  loss_label_2 0.1709  loss_mask_iou 0.0000  loss_mask_iou_0 2.7362  loss_mask_iou_1 2.6981  loss_mask_iou_2 2.6858  loss_overall 17.4290  loss_query_cgp_bind 0.1792  loss_query_cgp_route 0.0000  loss_saliency 3.3151  loss_span 0.4632  loss_span_0 0.5253  loss_span_1 0.4752  loss_span_2 0.4747
2026-08-28 19:45:49,766 INFO Generate submissions
2026-08-28 19:45:54,655 INFO Saving/Evaluating before nms results
2026-08-28 19:45:58,994 INFO metrics_no_nms OrderedDict([   ('MR-full-R1@0.5', 61.55),
                ('MR-full-R1@0.7', 41.74),
                ('MR-full-mAP', 37.84),
                ('MR-full-mAP@0.5', 61.35),
                ('MR-full-mAP@0.75', 38.15),
                ('MR-long-mAP', 45.92),
                ('MR-middle-mAP', 40.48),
                ('MR-short-mAP', 3.66),
                ('HL-min-Fair-mAP', 75.09),
                ('HL-min-Fair-Hit1', 76.13),
                ('HL-min-Good-mAP', 64.06),
                ('HL-min-Good-Hit1', 74.06),
                ('HL-min-VeryGood-mAP', 39.22),
                ('HL-min-VeryGood-Hit1', 62.26)])
2026-08-28 19:45:59,328 INFO [Epoch 11]
2026-08-28 19:46:59,993 INFO Epoch[11] class_error 85.4835  class_error_0 97.4877  class_error_1 90.4907  class_error_2 88.1700  loss_giou 0.4638  loss_giou_0 0.5183  loss_giou_1 0.4732  loss_giou_2 0.4746  loss_iou_scores 0.0736  loss_iou_scores_0 0.0805  loss_iou_scores_1 0.0738  loss_iou_scores_2 0.0716  loss_label 0.1698  loss_label_0 0.1858  loss_label_1 0.1720  loss_label_2 0.1711  loss_mask_iou 0.0000  loss_mask_iou_0 2.6721  loss_mask_iou_1 2.6238  loss_mask_iou_2 2.6174  loss_overall 17.0589  loss_query_cgp_bind 0.1754  loss_query_cgp_route 0.0000  loss_saliency 3.2901  loss_span 0.4413  loss_span_0 0.5088  loss_span_1 0.4523  loss_span_2 0.4512
2026-08-28 19:46:59,995 INFO Generate submissions
2026-08-28 19:47:04,833 INFO Saving/Evaluating before nms results
2026-08-28 19:47:09,262 INFO metrics_no_nms OrderedDict([   ('MR-full-R1@0.5', 64.26),
                ('MR-full-R1@0.7', 44.32),
                ('MR-full-mAP', 39.57),
                ('MR-full-mAP@0.5', 62.02),
                ('MR-full-mAP@0.75', 40.54),
                ('MR-long-mAP', 46.66),
                ('MR-middle-mAP', 43.73),
                ('MR-short-mAP', 3.25),
                ('HL-min-Fair-mAP', 76.21),
                ('HL-min-Fair-Hit1', 78.71),
                ('HL-min-Good-mAP', 65.08),
                ('HL-min-Good-Hit1', 76.13),
                ('HL-min-VeryGood-mAP', 39.8),
                ('HL-min-VeryGood-Hit1', 63.48)])
2026-08-28 19:47:09,607 INFO [Best] epoch 11, MR-full-mAP 39.5700
2026-08-28 19:47:09,921 INFO [Epoch 12]
2026-08-28 19:48:11,474 INFO Epoch[12] class_error 83.8403  class_error_0 96.0704  class_error_1 89.9320  class_error_2 88.7373  loss_giou 0.4511  loss_giou_0 0.5086  loss_giou_1 0.4629  loss_giou_2 0.4646  loss_iou_scores 0.0740  loss_iou_scores_0 0.0786  loss_iou_scores_1 0.0745  loss_iou_scores_2 0.0723  loss_label 0.1695  loss_label_0 0.1834  loss_label_1 0.1711  loss_label_2 0.1709  loss_mask_iou 0.0000  loss_mask_iou_0 2.5731  loss_mask_iou_1 2.5380  loss_mask_iou_2 2.5304  loss_overall 16.6246  loss_query_cgp_bind 0.1667  loss_query_cgp_route 0.0000  loss_saliency 3.2593  loss_span 0.4219  loss_span_0 0.4893  loss_span_1 0.4342  loss_span_2 0.4320
2026-08-28 19:48:11,478 INFO Generate submissions
2026-08-28 19:48:16,836 INFO Saving/Evaluating before nms results
2026-08-28 19:48:21,031 INFO metrics_no_nms OrderedDict([   ('MR-full-R1@0.5', 63.16),
                ('MR-full-R1@0.7', 45.35),
                ('MR-full-mAP', 41.96),
                ('MR-full-mAP@0.5', 63.13),
                ('MR-full-mAP@0.75', 43.91),
                ('MR-long-mAP', 51.96),
                ('MR-middle-mAP', 43.87),
                ('MR-short-mAP', 3.71),
                ('HL-min-Fair-mAP', 76.12),
                ('HL-min-Fair-Hit1', 78.71),
                ('HL-min-Good-mAP', 65.07),
                ('HL-min-Good-Hit1', 76.45),
                ('HL-min-VeryGood-mAP', 40.11),
                ('HL-min-VeryGood-Hit1', 64.97)])
2026-08-28 19:48:21,397 INFO [Best] epoch 12, MR-full-mAP 41.9600
2026-08-28 19:48:21,688 INFO [Epoch 13]
2026-08-28 19:49:21,891 INFO Epoch[13] class_error 81.2829  class_error_0 95.4631  class_error_1 88.2137  class_error_2 84.2569  loss_giou 0.4456  loss_giou_0 0.5005  loss_giou_1 0.4535  loss_giou_2 0.4563  loss_iou_scores 0.0723  loss_iou_scores_0 0.0779  loss_iou_scores_1 0.0746  loss_iou_scores_2 0.0710  loss_label 0.1664  loss_label_0 0.1812  loss_label_1 0.1696  loss_label_2 0.1671  loss_mask_iou 0.0000  loss_mask_iou_0 2.5311  loss_mask_iou_1 2.4932  loss_mask_iou_2 2.4951  loss_overall 16.4083  loss_query_cgp_bind 0.1638  loss_query_cgp_route 0.0000  loss_saliency 3.2448  loss_span 0.4165  loss_span_0 0.4825  loss_span_1 0.4267  loss_span_2 0.4252
2026-08-28 19:49:21,896 INFO Generate submissions
2026-08-28 19:49:27,555 INFO Saving/Evaluating before nms results
2026-08-28 19:49:32,047 INFO metrics_no_nms OrderedDict([   ('MR-full-R1@0.5', 64.39),
                ('MR-full-R1@0.7', 45.87),
                ('MR-full-mAP', 41.08),
                ('MR-full-mAP@0.5', 62.9),
                ('MR-full-mAP@0.75', 42.54),
                ('MR-long-mAP', 48.17),
                ('MR-middle-mAP', 44.95),
                ('MR-short-mAP', 4.43),
                ('HL-min-Fair-mAP', 76.08),
                ('HL-min-Fair-Hit1', 78.65),
                ('HL-min-Good-mAP', 64.97),
                ('HL-min-Good-Hit1', 75.94),
                ('HL-min-VeryGood-mAP', 40.13),
                ('HL-min-VeryGood-Hit1', 64.45)])
2026-08-28 19:49:32,371 INFO [Epoch 14]
2026-08-28 19:50:33,269 INFO Epoch[14] class_error 78.1397  class_error_0 94.9886  class_error_1 86.4164  class_error_2 82.8984  loss_giou 0.4366  loss_giou_0 0.4934  loss_giou_1 0.4468  loss_giou_2 0.4492  loss_iou_scores 0.0718  loss_iou_scores_0 0.0771  loss_iou_scores_1 0.0727  loss_iou_scores_2 0.0705  loss_label 0.1646  loss_label_0 0.1807  loss_label_1 0.1691  loss_label_2 0.1667  loss_mask_iou 0.0000  loss_mask_iou_0 2.4780  loss_mask_iou_1 2.4399  loss_mask_iou_2 2.4390  loss_overall 16.0909  loss_query_cgp_bind 0.1603  loss_query_cgp_route 0.0000  loss_saliency 3.2227  loss_span 0.3968  loss_span_0 0.4612  loss_span_1 0.4042  loss_span_2 0.4048
2026-08-28 19:50:33,274 INFO Generate submissions
2026-08-28 19:50:38,952 INFO Saving/Evaluating before nms results
2026-08-28 19:50:42,971 INFO metrics_no_nms OrderedDict([   ('MR-full-R1@0.5', 62.65),
                ('MR-full-R1@0.7', 43.23),
                ('MR-full-mAP', 39.75),
                ('MR-full-mAP@0.5', 62.67),
                ('MR-full-mAP@0.75', 40.85),
                ('MR-long-mAP', 50.04),
                ('MR-middle-mAP', 40.78),
                ('MR-short-mAP', 4.54),
                ('HL-min-Fair-mAP', 76.34),
                ('HL-min-Fair-Hit1', 78.26),
                ('HL-min-Good-mAP', 64.76),
                ('HL-min-Good-Hit1', 75.35),
                ('HL-min-VeryGood-mAP', 39.55),
                ('HL-min-VeryGood-Hit1', 63.03)])
2026-08-28 19:50:43,280 INFO [Epoch 15]
2026-08-28 19:51:44,691 INFO Epoch[15] class_error 74.7348  class_error_0 93.0673  class_error_1 83.8387  class_error_2 78.6556  loss_giou 0.4329  loss_giou_0 0.4898  loss_giou_1 0.4442  loss_giou_2 0.4455  loss_iou_scores 0.0717  loss_iou_scores_0 0.0754  loss_iou_scores_1 0.0729  loss_iou_scores_2 0.0705  loss_label 0.1622  loss_label_0 0.1777  loss_label_1 0.1673  loss_label_2 0.1646  loss_mask_iou 0.0000  loss_mask_iou_0 2.4314  loss_mask_iou_1 2.3969  loss_mask_iou_2 2.3979  loss_overall 15.8926  loss_query_cgp_bind 0.1567  loss_query_cgp_route 0.0000  loss_saliency 3.2044  loss_span 0.3907  loss_span_0 0.4571  loss_span_1 0.4012  loss_span_2 0.3996
2026-08-28 19:51:44,693 INFO Generate submissions
2026-08-28 19:51:50,609 INFO Saving/Evaluating before nms results
2026-08-28 19:51:54,483 INFO metrics_no_nms OrderedDict([   ('MR-full-R1@0.5', 64.58),
                ('MR-full-R1@0.7', 46.32),
                ('MR-full-mAP', 41.88),
                ('MR-full-mAP@0.5', 64.06),
                ('MR-full-mAP@0.75', 43.72),
                ('MR-long-mAP', 50.3),
                ('MR-middle-mAP', 44.4),
                ('MR-short-mAP', 4.86),
                ('HL-min-Fair-mAP', 75.87),
                ('HL-min-Fair-Hit1', 78.0),
                ('HL-min-Good-mAP', 64.81),
                ('HL-min-Good-Hit1', 75.29),
                ('HL-min-VeryGood-mAP', 39.83),
                ('HL-min-VeryGood-Hit1', 63.87)])
2026-08-28 19:51:54,826 INFO [Epoch 16]
2026-08-28 19:52:55,679 INFO Epoch[16] class_error 74.7492  class_error_0 93.5183  class_error_1 85.5973  class_error_2 80.1299  loss_giou 0.4277  loss_giou_0 0.4876  loss_giou_1 0.4372  loss_giou_2 0.4349  loss_iou_scores 0.0734  loss_iou_scores_0 0.0756  loss_iou_scores_1 0.0754  loss_iou_scores_2 0.0727  loss_label 0.1627  loss_label_0 0.1770  loss_label_1 0.1687  loss_label_2 0.1656  loss_mask_iou 0.0000  loss_mask_iou_0 2.3995  loss_mask_iou_1 2.3579  loss_mask_iou_2 2.3556  loss_overall 15.7387  loss_query_cgp_bind 0.1558  loss_query_cgp_route 0.0000  loss_saliency 3.2036  loss_span 0.3883  loss_span_0 0.4496  loss_span_1 0.3959  loss_span_2 0.3938
2026-08-28 19:52:55,682 INFO Generate submissions
2026-08-28 19:53:01,099 INFO Saving/Evaluating before nms results
2026-08-28 19:53:05,504 INFO metrics_no_nms OrderedDict([   ('MR-full-R1@0.5', 61.81),
                ('MR-full-R1@0.7', 41.94),
                ('MR-full-mAP', 41.03),
                ('MR-full-mAP@0.5', 62.48),
                ('MR-full-mAP@0.75', 41.53),
                ('MR-long-mAP', 53.57),
                ('MR-middle-mAP', 41.35),
                ('MR-short-mAP', 3.43),
                ('HL-min-Fair-mAP', 74.97),
                ('HL-min-Fair-Hit1', 74.77),
                ('HL-min-Good-mAP', 64.02),
                ('HL-min-Good-Hit1', 72.39),
                ('HL-min-VeryGood-mAP', 39.01),
                ('HL-min-VeryGood-Hit1', 61.29)])
2026-08-28 19:53:05,833 INFO [Epoch 17]
2026-08-28 19:54:07,113 INFO Epoch[17] class_error 71.6445  class_error_0 93.1707  class_error_1 81.3416  class_error_2 74.5889  loss_giou 0.4236  loss_giou_0 0.4851  loss_giou_1 0.4385  loss_giou_2 0.4371  loss_iou_scores 0.0733  loss_iou_scores_0 0.0766  loss_iou_scores_1 0.0730  loss_iou_scores_2 0.0721  loss_label 0.1595  loss_label_0 0.1767  loss_label_1 0.1651  loss_label_2 0.1609  loss_mask_iou 0.0000  loss_mask_iou_0 2.3749  loss_mask_iou_1 2.3460  loss_mask_iou_2 2.3503  loss_overall 15.6376  loss_query_cgp_bind 0.1541  loss_query_cgp_route 0.0000  loss_saliency 3.2005  loss_span 0.3792  loss_span_0 0.4423  loss_span_1 0.3910  loss_span_2 0.3881
2026-08-28 19:54:07,116 INFO Generate submissions
2026-08-28 19:54:12,902 INFO Saving/Evaluating before nms results
2026-08-28 19:54:17,318 INFO metrics_no_nms OrderedDict([   ('MR-full-R1@0.5', 64.13),
                ('MR-full-R1@0.7', 46.13),
                ('MR-full-mAP', 41.9),
                ('MR-full-mAP@0.5', 64.15),
                ('MR-full-mAP@0.75', 42.94),
                ('MR-long-mAP', 49.25),
                ('MR-middle-mAP', 45.24),
                ('MR-short-mAP', 5.3),
                ('HL-min-Fair-mAP', 76.03),
                ('HL-min-Fair-Hit1', 77.87),
                ('HL-min-Good-mAP', 64.88),
                ('HL-min-Good-Hit1', 75.55),
                ('HL-min-VeryGood-mAP', 39.67),
                ('HL-min-VeryGood-Hit1', 63.03)])
2026-08-28 19:54:17,643 INFO [Epoch 18]
2026-08-28 19:55:17,940 INFO Epoch[18] class_error 68.1911  class_error_0 91.2736  class_error_1 78.2893  class_error_2 71.7914  loss_giou 0.4219  loss_giou_0 0.4790  loss_giou_1 0.4308  loss_giou_2 0.4317  loss_iou_scores 0.0718  loss_iou_scores_0 0.0761  loss_iou_scores_1 0.0718  loss_iou_scores_2 0.0712  loss_label 0.1557  loss_label_0 0.1758  loss_label_1 0.1629  loss_label_2 0.1586  loss_mask_iou 0.0000  loss_mask_iou_0 2.3299  loss_mask_iou_1 2.3018  loss_mask_iou_2 2.3070  loss_overall 15.3901  loss_query_cgp_bind 0.1513  loss_query_cgp_route 0.0000  loss_saliency 3.1650  loss_span 0.3724  loss_span_0 0.4320  loss_span_1 0.3780  loss_span_2 0.3795
2026-08-28 19:55:17,943 INFO Generate submissions
2026-08-28 19:55:23,513 INFO Saving/Evaluating before nms results
2026-08-28 19:55:27,532 INFO metrics_no_nms OrderedDict([   ('MR-full-R1@0.5', 64.32),
                ('MR-full-R1@0.7', 47.16),
                ('MR-full-mAP', 42.76),
                ('MR-full-mAP@0.5', 64.06),
                ('MR-full-mAP@0.75', 44.27),
                ('MR-long-mAP', 49.83),
                ('MR-middle-mAP', 46.19),
                ('MR-short-mAP', 5.34),
                ('HL-min-Fair-mAP', 75.28),
                ('HL-min-Fair-Hit1', 76.06),
                ('HL-min-Good-mAP', 64.06),
                ('HL-min-Good-Hit1', 73.74),
                ('HL-min-VeryGood-mAP', 39.04),
                ('HL-min-VeryGood-Hit1', 62.0)])
2026-08-28 19:55:27,883 INFO [Best] epoch 18, MR-full-mAP 42.7600
2026-08-28 19:55:28,165 INFO [Epoch 19]
2026-08-28 19:56:28,748 INFO Epoch[19] class_error 67.0396  class_error_0 91.0923  class_error_1 76.4115  class_error_2 70.9170  loss_giou 0.4166  loss_giou_0 0.4793  loss_giou_1 0.4264  loss_giou_2 0.4254  loss_iou_scores 0.0709  loss_iou_scores_0 0.0734  loss_iou_scores_1 0.0719  loss_iou_scores_2 0.0700  loss_label 0.1544  loss_label_0 0.1745  loss_label_1 0.1626  loss_label_2 0.1584  loss_mask_iou 0.0000  loss_mask_iou_0 2.2967  loss_mask_iou_1 2.2698  loss_mask_iou_2 2.2681  loss_overall 15.2507  loss_query_cgp_bind 0.1511  loss_query_cgp_route 0.0000  loss_saliency 3.1708  loss_span 0.3655  loss_span_0 0.4286  loss_span_1 0.3732  loss_span_2 0.3731
2026-08-28 19:56:28,753 INFO Generate submissions
2026-08-28 19:56:33,947 INFO Saving/Evaluating before nms results
2026-08-28 19:56:38,567 INFO metrics_no_nms OrderedDict([   ('MR-full-R1@0.5', 65.29),
                ('MR-full-R1@0.7', 47.1),
                ('MR-full-mAP', 42.37),
                ('MR-full-mAP@0.5', 63.49),
                ('MR-full-mAP@0.75', 44.32),
                ('MR-long-mAP', 47.77),
                ('MR-middle-mAP', 46.4),
                ('MR-short-mAP', 6.48),
                ('HL-min-Fair-mAP', 75.47),
                ('HL-min-Fair-Hit1', 76.13),
                ('HL-min-Good-mAP', 64.61),
                ('HL-min-Good-Hit1', 74.0),
                ('HL-min-VeryGood-mAP', 39.29),
                ('HL-min-VeryGood-Hit1', 61.94)])
2026-08-28 19:56:39,079 INFO [Epoch 20]
2026-08-28 19:57:40,741 INFO Epoch[20] class_error 64.8971  class_error_0 89.3994  class_error_1 76.2312  class_error_2 69.4075  loss_giou 0.4168  loss_giou_0 0.4733  loss_giou_1 0.4258  loss_giou_2 0.4256  loss_iou_scores 0.0702  loss_iou_scores_0 0.0724  loss_iou_scores_1 0.0719  loss_iou_scores_2 0.0692  loss_label 0.1515  loss_label_0 0.1719  loss_label_1 0.1613  loss_label_2 0.1559  loss_mask_iou 0.0000  loss_mask_iou_0 2.2743  loss_mask_iou_1 2.2482  loss_mask_iou_2 2.2532  loss_overall 15.1157  loss_query_cgp_bind 0.1481  loss_query_cgp_route 0.0000  loss_saliency 3.1474  loss_span 0.3619  loss_span_0 0.4203  loss_span_1 0.3683  loss_span_2 0.3663
2026-08-28 19:57:40,745 INFO Generate submissions
2026-08-28 19:57:46,852 INFO Saving/Evaluating before nms results
2026-08-28 19:57:51,239 INFO metrics_no_nms OrderedDict([   ('MR-full-R1@0.5', 64.19),
                ('MR-full-R1@0.7', 46.71),
                ('MR-full-mAP', 42.37),
                ('MR-full-mAP@0.5', 63.53),
                ('MR-full-mAP@0.75', 45.11),
                ('MR-long-mAP', 51.49),
                ('MR-middle-mAP', 44.61),
                ('MR-short-mAP', 5.66),
                ('HL-min-Fair-mAP', 76.23),
                ('HL-min-Fair-Hit1', 77.23),
                ('HL-min-Good-mAP', 65.06),
                ('HL-min-Good-Hit1', 75.48),
                ('HL-min-VeryGood-mAP', 39.7),
                ('HL-min-VeryGood-Hit1', 63.55)])
2026-08-28 19:57:51,568 INFO [Epoch 21]
2026-08-28 19:58:53,364 INFO Epoch[21] class_error 63.3278  class_error_0 87.7767  class_error_1 72.8325  class_error_2 65.9120  loss_giou 0.4085  loss_giou_0 0.4740  loss_giou_1 0.4215  loss_giou_2 0.4185  loss_iou_scores 0.0708  loss_iou_scores_0 0.0716  loss_iou_scores_1 0.0702  loss_iou_scores_2 0.0694  loss_label 0.1482  loss_label_0 0.1708  loss_label_1 0.1575  loss_label_2 0.1524  loss_mask_iou 0.0000  loss_mask_iou_0 2.2628  loss_mask_iou_1 2.2330  loss_mask_iou_2 2.2353  loss_overall 15.0295  loss_query_cgp_bind 0.1439  loss_query_cgp_route 0.0000  loss_saliency 3.1504  loss_span 0.3572  loss_span_0 0.4207  loss_span_1 0.3663  loss_span_2 0.3635
2026-08-28 19:58:53,368 INFO Generate submissions
2026-08-28 19:58:59,779 INFO Saving/Evaluating before nms results
2026-08-28 19:59:04,003 INFO metrics_no_nms OrderedDict([   ('MR-full-R1@0.5', 65.23),
                ('MR-full-R1@0.7', 47.42),
                ('MR-full-mAP', 41.98),
                ('MR-full-mAP@0.5', 64.89),
                ('MR-full-mAP@0.75', 43.23),
                ('MR-long-mAP', 48.72),
                ('MR-middle-mAP', 45.36),
                ('MR-short-mAP', 6.16),
                ('HL-min-Fair-mAP', 76.24),
                ('HL-min-Fair-Hit1', 77.55),
                ('HL-min-Good-mAP', 65.2),
                ('HL-min-Good-Hit1', 75.81),
                ('HL-min-VeryGood-mAP', 40.02),
                ('HL-min-VeryGood-Hit1', 64.0)])
2026-08-28 19:59:04,407 INFO [Epoch 22]
2026-08-28 20:00:05,218 INFO Epoch[22] class_error 61.8949  class_error_0 87.5724  class_error_1 71.7303  class_error_2 65.2589  loss_giou 0.4046  loss_giou_0 0.4705  loss_giou_1 0.4187  loss_giou_2 0.4150  loss_iou_scores 0.0704  loss_iou_scores_0 0.0723  loss_iou_scores_1 0.0701  loss_iou_scores_2 0.0696  loss_label 0.1477  loss_label_0 0.1704  loss_label_1 0.1578  loss_label_2 0.1525  loss_mask_iou 0.0000  loss_mask_iou_0 2.2292  loss_mask_iou_1 2.1967  loss_mask_iou_2 2.2011  loss_overall 14.8662  loss_query_cgp_bind 0.1414  loss_query_cgp_route 0.0000  loss_saliency 3.1331  loss_span 0.3534  loss_span_0 0.4140  loss_span_1 0.3601  loss_span_2 0.3585
2026-08-28 20:00:05,223 INFO Generate submissions
2026-08-28 20:00:10,675 INFO Saving/Evaluating before nms results
2026-08-28 20:00:15,233 INFO metrics_no_nms OrderedDict([   ('MR-full-R1@0.5', 65.48),
                ('MR-full-R1@0.7', 47.1),
                ('MR-full-mAP', 43.26),
                ('MR-full-mAP@0.5', 65.0),
                ('MR-full-mAP@0.75', 44.02),
                ('MR-long-mAP', 51.04),
                ('MR-middle-mAP', 46.21),
                ('MR-short-mAP', 5.63),
                ('HL-min-Fair-mAP', 76.64),
                ('HL-min-Fair-Hit1', 78.58),
                ('HL-min-Good-mAP', 65.44),
                ('HL-min-Good-Hit1', 76.13),
                ('HL-min-VeryGood-mAP', 40.12),
                ('HL-min-VeryGood-Hit1', 63.61)])
2026-08-28 20:00:15,682 INFO [Best] epoch 22, MR-full-mAP 43.2600
2026-08-28 20:00:16,060 INFO [Epoch 23]
2026-08-28 20:01:16,348 INFO Epoch[23] class_error 59.3471  class_error_0 85.5962  class_error_1 69.6637  class_error_2 63.3872  loss_giou 0.4057  loss_giou_0 0.4675  loss_giou_1 0.4200  loss_giou_2 0.4136  loss_iou_scores 0.0685  loss_iou_scores_0 0.0706  loss_iou_scores_1 0.0688  loss_iou_scores_2 0.0684  loss_label 0.1428  loss_label_0 0.1678  loss_label_1 0.1549  loss_label_2 0.1491  loss_mask_iou 0.0000  loss_mask_iou_0 2.2128  loss_mask_iou_1 2.1931  loss_mask_iou_2 2.1920  loss_overall 14.7935  loss_query_cgp_bind 0.1427  loss_query_cgp_route 0.0000  loss_saliency 3.1315  loss_span 0.3503  loss_span_0 0.4053  loss_span_1 0.3556  loss_span_2 0.3544
2026-08-28 20:01:16,350 INFO Generate submissions
2026-08-28 20:01:21,955 INFO Saving/Evaluating before nms results
2026-08-28 20:01:26,382 INFO metrics_no_nms OrderedDict([   ('MR-full-R1@0.5', 66.13),
                ('MR-full-R1@0.7', 50.19),
                ('MR-full-mAP', 44.9),
                ('MR-full-mAP@0.5', 64.87),
                ('MR-full-mAP@0.75', 47.25),
                ('MR-long-mAP', 53.89),
                ('MR-middle-mAP', 47.34),
                ('MR-short-mAP', 6.6),
                ('HL-min-Fair-mAP', 76.78),
                ('HL-min-Fair-Hit1', 77.35),
                ('HL-min-Good-mAP', 65.88),
                ('HL-min-Good-Hit1', 75.61),
                ('HL-min-VeryGood-mAP', 40.25),
                ('HL-min-VeryGood-Hit1', 63.29)])
2026-08-28 20:01:26,832 INFO [Best] epoch 23, MR-full-mAP 44.9000
2026-08-28 20:01:27,166 INFO [Epoch 24]
2026-08-28 20:02:27,202 INFO Epoch[24] class_error 57.9433  class_error_0 83.1564  class_error_1 66.8069  class_error_2 60.7664  loss_giou 0.3949  loss_giou_0 0.4607  loss_giou_1 0.4110  loss_giou_2 0.4063  loss_iou_scores 0.0694  loss_iou_scores_0 0.0703  loss_iou_scores_1 0.0681  loss_iou_scores_2 0.0678  loss_label 0.1416  loss_label_0 0.1679  loss_label_1 0.1528  loss_label_2 0.1471  loss_mask_iou 0.0000  loss_mask_iou_0 2.1802  loss_mask_iou_1 2.1578  loss_mask_iou_2 2.1547  loss_overall 14.5890  loss_query_cgp_bind 0.1409  loss_query_cgp_route 0.0000  loss_saliency 3.1183  loss_span 0.3391  loss_span_0 0.3957  loss_span_1 0.3468  loss_span_2 0.3442
2026-08-28 20:02:27,205 INFO Generate submissions
2026-08-28 20:02:32,835 INFO Saving/Evaluating before nms results
2026-08-28 20:02:37,642 INFO metrics_no_nms OrderedDict([   ('MR-full-R1@0.5', 66.19),
                ('MR-full-R1@0.7', 48.19),
                ('MR-full-mAP', 43.43),
                ('MR-full-mAP@0.5', 65.38),
                ('MR-full-mAP@0.75', 44.8),
                ('MR-long-mAP', 50.36),
                ('MR-middle-mAP', 46.4),
                ('MR-short-mAP', 6.68),
                ('HL-min-Fair-mAP', 76.32),
                ('HL-min-Fair-Hit1', 78.32),
                ('HL-min-Good-mAP', 65.5),
                ('HL-min-Good-Hit1', 76.13),
                ('HL-min-VeryGood-mAP', 40.31),
                ('HL-min-VeryGood-Hit1', 65.29)])
2026-08-28 20:02:38,015 INFO [Epoch 25]
2026-08-28 20:03:37,623 INFO Epoch[25] class_error 56.5171  class_error_0 83.7659  class_error_1 67.3901  class_error_2 59.5512  loss_giou 0.3963  loss_giou_0 0.4563  loss_giou_1 0.4117  loss_giou_2 0.4082  loss_iou_scores 0.0699  loss_iou_scores_0 0.0706  loss_iou_scores_1 0.0699  loss_iou_scores_2 0.0686  loss_label 0.1397  loss_label_0 0.1675  loss_label_1 0.1538  loss_label_2 0.1455  loss_mask_iou 0.0000  loss_mask_iou_0 2.1618  loss_mask_iou_1 2.1365  loss_mask_iou_2 2.1465  loss_overall 14.5167  loss_query_cgp_bind 0.1399  loss_query_cgp_route 0.0000  loss_saliency 3.1083  loss_span 0.3371  loss_span_0 0.3896  loss_span_1 0.3441  loss_span_2 0.3439
2026-08-28 20:03:37,627 INFO Generate submissions
2026-08-28 20:03:43,283 INFO Saving/Evaluating before nms results
2026-08-28 20:03:47,731 INFO metrics_no_nms OrderedDict([   ('MR-full-R1@0.5', 65.55),
                ('MR-full-R1@0.7', 49.29),
                ('MR-full-mAP', 43.75),
                ('MR-full-mAP@0.5', 65.15),
                ('MR-full-mAP@0.75', 45.32),
                ('MR-long-mAP', 51.72),
                ('MR-middle-mAP', 46.57),
                ('MR-short-mAP', 6.57),
                ('HL-min-Fair-mAP', 76.88),
                ('HL-min-Fair-Hit1', 78.77),
                ('HL-min-Good-mAP', 65.84),
                ('HL-min-Good-Hit1', 76.9),
                ('HL-min-VeryGood-mAP', 40.4),
                ('HL-min-VeryGood-Hit1', 65.29)])
2026-08-28 20:03:48,122 INFO [Epoch 26]
2026-08-28 20:04:48,846 INFO Epoch[26] class_error 56.8775  class_error_0 82.5349  class_error_1 64.9073  class_error_2 58.7188  loss_giou 0.3918  loss_giou_0 0.4591  loss_giou_1 0.4058  loss_giou_2 0.4010  loss_iou_scores 0.0677  loss_iou_scores_0 0.0703  loss_iou_scores_1 0.0685  loss_iou_scores_2 0.0682  loss_label 0.1399  loss_label_0 0.1661  loss_label_1 0.1521  loss_label_2 0.1452  loss_mask_iou 0.0000  loss_mask_iou_0 2.1306  loss_mask_iou_1 2.1040  loss_mask_iou_2 2.1113  loss_overall 14.3570  loss_query_cgp_bind 0.1355  loss_query_cgp_route 0.0000  loss_saliency 3.1014  loss_span 0.3295  loss_span_0 0.3869  loss_span_1 0.3360  loss_span_2 0.3364
2026-08-28 20:04:48,848 INFO Generate submissions
2026-08-28 20:04:55,123 INFO Saving/Evaluating before nms results
2026-08-28 20:04:59,613 INFO metrics_no_nms OrderedDict([   ('MR-full-R1@0.5', 65.16),
                ('MR-full-R1@0.7', 49.29),
                ('MR-full-mAP', 43.1),
                ('MR-full-mAP@0.5', 65.07),
                ('MR-full-mAP@0.75', 45.73),
                ('MR-long-mAP', 51.03),
                ('MR-middle-mAP', 45.55),
                ('MR-short-mAP', 7.48),
                ('HL-min-Fair-mAP', 75.76),
                ('HL-min-Fair-Hit1', 77.42),
                ('HL-min-Good-mAP', 64.85),
                ('HL-min-Good-Hit1', 75.81),
                ('HL-min-VeryGood-mAP', 39.71),
                ('HL-min-VeryGood-Hit1', 63.42)])
2026-08-28 20:05:00,037 INFO [Epoch 27]
2026-08-28 20:06:00,437 INFO Epoch[27] class_error 56.2107  class_error_0 80.4479  class_error_1 64.8431  class_error_2 58.5576  loss_giou 0.3912  loss_giou_0 0.4565  loss_giou_1 0.4070  loss_giou_2 0.4011  loss_iou_scores 0.0683  loss_iou_scores_0 0.0698  loss_iou_scores_1 0.0685  loss_iou_scores_2 0.0678  loss_label 0.1385  loss_label_0 0.1640  loss_label_1 0.1511  loss_label_2 0.1445  loss_mask_iou 0.0000  loss_mask_iou_0 2.1350  loss_mask_iou_1 2.1080  loss_mask_iou_2 2.1113  loss_overall 14.3601  loss_query_cgp_bind 0.1366  loss_query_cgp_route 0.0000  loss_saliency 3.0990  loss_span 0.3334  loss_span_0 0.3862  loss_span_1 0.3388  loss_span_2 0.3378
2026-08-28 20:06:00,440 INFO Generate submissions
2026-08-28 20:06:06,513 INFO Saving/Evaluating before nms results
2026-08-28 20:06:11,315 INFO metrics_no_nms OrderedDict([   ('MR-full-R1@0.5', 66.84),
                ('MR-full-R1@0.7', 50.06),
                ('MR-full-mAP', 45.91),
                ('MR-full-mAP@0.5', 66.69),
                ('MR-full-mAP@0.75', 47.38),
                ('MR-long-mAP', 53.35),
                ('MR-middle-mAP', 48.99),
                ('MR-short-mAP', 7.38),
                ('HL-min-Fair-mAP', 75.32),
                ('HL-min-Fair-Hit1', 76.97),
                ('HL-min-Good-mAP', 64.18),
                ('HL-min-Good-Hit1', 74.9),
                ('HL-min-VeryGood-mAP', 39.24),
                ('HL-min-VeryGood-Hit1', 62.71)])
2026-08-28 20:06:11,652 INFO [Best] epoch 27, MR-full-mAP 45.9100
2026-08-28 20:06:11,966 INFO [Epoch 28]
2026-08-28 20:07:11,753 INFO Epoch[28] class_error 53.7091  class_error_0 78.3996  class_error_1 62.7326  class_error_2 56.2644  loss_giou 0.3915  loss_giou_0 0.4555  loss_giou_1 0.4074  loss_giou_2 0.3997  loss_iou_scores 0.0656  loss_iou_scores_0 0.0680  loss_iou_scores_1 0.0655  loss_iou_scores_2 0.0656  loss_label 0.1347  loss_label_0 0.1622  loss_label_1 0.1479  loss_label_2 0.1405  loss_mask_iou 0.0000  loss_mask_iou_0 2.1219  loss_mask_iou_1 2.0981  loss_mask_iou_2 2.1043  loss_overall 14.2889  loss_query_cgp_bind 0.1334  loss_query_cgp_route 0.0000  loss_saliency 3.0959  loss_span 0.3303  loss_span_0 0.3830  loss_span_1 0.3379  loss_span_2 0.3356
2026-08-28 20:07:11,756 INFO Generate submissions
2026-08-28 20:07:17,214 INFO Saving/Evaluating before nms results
2026-08-28 20:07:22,506 INFO metrics_no_nms OrderedDict([   ('MR-full-R1@0.5', 65.61),
                ('MR-full-R1@0.7', 47.94),
                ('MR-full-mAP', 41.08),
                ('MR-full-mAP@0.5', 64.58),
                ('MR-full-mAP@0.75', 41.4),
                ('MR-long-mAP', 47.35),
                ('MR-middle-mAP', 44.13),
                ('MR-short-mAP', 8.01),
                ('HL-min-Fair-mAP', 76.9),
                ('HL-min-Fair-Hit1', 77.94),
                ('HL-min-Good-mAP', 65.85),
                ('HL-min-Good-Hit1', 76.06),
                ('HL-min-VeryGood-mAP', 40.33),
                ('HL-min-VeryGood-Hit1', 64.84)])
2026-08-28 20:07:22,842 INFO [Epoch 29]
2026-08-28 20:08:23,748 INFO Epoch[29] class_error 54.0981  class_error_0 77.9478  class_error_1 61.3919  class_error_2 55.8526  loss_giou 0.3837  loss_giou_0 0.4534  loss_giou_1 0.4011  loss_giou_2 0.3943  loss_iou_scores 0.0682  loss_iou_scores_0 0.0674  loss_iou_scores_1 0.0673  loss_iou_scores_2 0.0671  loss_label 0.1349  loss_label_0 0.1617  loss_label_1 0.1494  loss_label_2 0.1413  loss_mask_iou 0.0000  loss_mask_iou_0 2.0900  loss_mask_iou_1 2.0585  loss_mask_iou_2 2.0672  loss_overall 14.1239  loss_query_cgp_bind 0.1354  loss_query_cgp_route 0.0000  loss_saliency 3.0872  loss_span 0.3230  loss_span_0 0.3766  loss_span_1 0.3310  loss_span_2 0.3276
2026-08-28 20:08:23,751 INFO Generate submissions
2026-08-28 20:08:29,459 INFO Saving/Evaluating before nms results
2026-08-28 20:08:34,025 INFO metrics_no_nms OrderedDict([   ('MR-full-R1@0.5', 68.45),
                ('MR-full-R1@0.7', 51.61),
                ('MR-full-mAP', 46.36),
                ('MR-full-mAP@0.5', 66.91),
                ('MR-full-mAP@0.75', 47.8),
                ('MR-long-mAP', 54.46),
                ('MR-middle-mAP', 49.36),
                ('MR-short-mAP', 6.82),
                ('HL-min-Fair-mAP', 77.3),
                ('HL-min-Fair-Hit1', 78.52),
                ('HL-min-Good-mAP', 65.93),
                ('HL-min-Good-Hit1', 76.13),
                ('HL-min-VeryGood-mAP', 40.61),
                ('HL-min-VeryGood-Hit1', 64.97)])
2026-08-28 20:08:34,348 INFO [Best] epoch 29, MR-full-mAP 46.3600
2026-08-28 20:08:34,627 INFO [Epoch 30]
2026-08-28 20:09:35,296 INFO Epoch[30] class_error 51.5708  class_error_0 77.3326  class_error_1 60.1389  class_error_2 53.7230  loss_giou 0.3819  loss_giou_0 0.4481  loss_giou_1 0.4001  loss_giou_2 0.3927  loss_iou_scores 0.0677  loss_iou_scores_0 0.0687  loss_iou_scores_1 0.0674  loss_iou_scores_2 0.0674  loss_label 0.1317  loss_label_0 0.1612  loss_label_1 0.1466  loss_label_2 0.1369  loss_mask_iou 0.0000  loss_mask_iou_0 2.0559  loss_mask_iou_1 2.0300  loss_mask_iou_2 2.0353  loss_overall 14.0074  loss_query_cgp_bind 0.1329  loss_query_cgp_route 0.0000  loss_saliency 3.0875  loss_span 0.3227  loss_span_0 0.3743  loss_span_1 0.3301  loss_span_2 0.3284
2026-08-28 20:09:35,299 INFO Generate submissions
2026-08-28 20:09:41,266 INFO Saving/Evaluating before nms results
2026-08-28 20:09:46,108 INFO metrics_no_nms OrderedDict([   ('MR-full-R1@0.5', 67.03),
                ('MR-full-R1@0.7', 50.06),
                ('MR-full-mAP', 46.17),
                ('MR-full-mAP@0.5', 66.87),
                ('MR-full-mAP@0.75', 47.88),
                ('MR-long-mAP', 55.36),
                ('MR-middle-mAP', 48.09),
                ('MR-short-mAP', 7.15),
                ('HL-min-Fair-mAP', 77.0),
                ('HL-min-Fair-Hit1', 79.03),
                ('HL-min-Good-mAP', 65.9),
                ('HL-min-Good-Hit1', 77.1),
                ('HL-min-VeryGood-mAP', 40.65),
                ('HL-min-VeryGood-Hit1', 65.55)])
2026-08-28 20:09:46,410 INFO [Epoch 31]
2026-08-28 20:10:46,909 INFO Epoch[31] class_error 50.3117  class_error_0 75.5701  class_error_1 58.5022  class_error_2 53.1940  loss_giou 0.3820  loss_giou_0 0.4478  loss_giou_1 0.4002  loss_giou_2 0.3909  loss_iou_scores 0.0679  loss_iou_scores_0 0.0679  loss_iou_scores_1 0.0677  loss_iou_scores_2 0.0679  loss_label 0.1296  loss_label_0 0.1588  loss_label_1 0.1440  loss_label_2 0.1354  loss_mask_iou 0.0000  loss_mask_iou_0 2.0553  loss_mask_iou_1 2.0333  loss_mask_iou_2 2.0419  loss_overall 13.9797  loss_query_cgp_bind 0.1316  loss_query_cgp_route 0.0000  loss_saliency 3.0791  loss_span 0.3201  loss_span_0 0.3696  loss_span_1 0.3269  loss_span_2 0.3237
2026-08-28 20:10:46,912 INFO Generate submissions
2026-08-28 20:10:52,521 INFO Saving/Evaluating before nms results
2026-08-28 20:10:57,077 INFO metrics_no_nms OrderedDict([   ('MR-full-R1@0.5', 67.16),
                ('MR-full-R1@0.7', 50.32),
                ('MR-full-mAP', 45.05),
                ('MR-full-mAP@0.5', 65.62),
                ('MR-full-mAP@0.75', 46.86),
                ('MR-long-mAP', 52.61),
                ('MR-middle-mAP', 47.99),
                ('MR-short-mAP', 7.74),
                ('HL-min-Fair-mAP', 75.86),
                ('HL-min-Fair-Hit1', 76.19),
                ('HL-min-Good-mAP', 64.87),
                ('HL-min-Good-Hit1', 74.06),
                ('HL-min-VeryGood-mAP', 39.65),
                ('HL-min-VeryGood-Hit1', 62.32)])
2026-08-28 20:10:57,390 INFO [Epoch 32]
2026-08-28 20:11:57,260 INFO Epoch[32] class_error 50.8992  class_error_0 74.3811  class_error_1 58.7349  class_error_2 52.8113  loss_giou 0.3768  loss_giou_0 0.4500  loss_giou_1 0.3938  loss_giou_2 0.3871  loss_iou_scores 0.0672  loss_iou_scores_0 0.0675  loss_iou_scores_1 0.0656  loss_iou_scores_2 0.0667  loss_label 0.1305  loss_label_0 0.1573  loss_label_1 0.1445  loss_label_2 0.1371  loss_mask_iou 0.0000  loss_mask_iou_0 2.0469  loss_mask_iou_1 2.0098  loss_mask_iou_2 2.0193  loss_overall 13.8846  loss_query_cgp_bind 0.1324  loss_query_cgp_route 0.0000  loss_saliency 3.0674  loss_span 0.3145  loss_span_0 0.3696  loss_span_1 0.3203  loss_span_2 0.3199
2026-08-28 20:11:57,264 INFO Generate submissions
2026-08-28 20:12:02,550 INFO Saving/Evaluating before nms results
2026-08-28 20:12:07,206 INFO metrics_no_nms OrderedDict([   ('MR-full-R1@0.5', 66.45),
                ('MR-full-R1@0.7', 49.03),
                ('MR-full-mAP', 44.14),
                ('MR-full-mAP@0.5', 66.09),
                ('MR-full-mAP@0.75', 46.23),
                ('MR-long-mAP', 52.85),
                ('MR-middle-mAP', 46.02),
                ('MR-short-mAP', 7.52),
                ('HL-min-Fair-mAP', 76.68),
                ('HL-min-Fair-Hit1', 77.03),
                ('HL-min-Good-mAP', 65.39),
                ('HL-min-Good-Hit1', 74.58),
                ('HL-min-VeryGood-mAP', 39.91),
                ('HL-min-VeryGood-Hit1', 64.0)])
2026-08-28 20:12:07,580 INFO [Epoch 33]
2026-08-28 20:13:08,576 INFO Epoch[33] class_error 50.4370  class_error_0 72.1258  class_error_1 56.8076  class_error_2 52.7041  loss_giou 0.3741  loss_giou_0 0.4462  loss_giou_1 0.3916  loss_giou_2 0.3840  loss_iou_scores 0.0675  loss_iou_scores_0 0.0670  loss_iou_scores_1 0.0669  loss_iou_scores_2 0.0670  loss_label 0.1311  loss_label_0 0.1559  loss_label_1 0.1441  loss_label_2 0.1363  loss_mask_iou 0.0000  loss_mask_iou_0 2.0315  loss_mask_iou_1 1.9950  loss_mask_iou_2 2.0010  loss_overall 13.8237  loss_query_cgp_bind 0.1281  loss_query_cgp_route 0.0000  loss_saliency 3.0744  loss_span 0.3129  loss_span_0 0.3727  loss_span_1 0.3234  loss_span_2 0.3181
2026-08-28 20:13:08,579 INFO Generate submissions
2026-08-28 20:13:14,224 INFO Saving/Evaluating before nms results
2026-08-28 20:13:18,915 INFO metrics_no_nms OrderedDict([   ('MR-full-R1@0.5', 65.35),
                ('MR-full-R1@0.7', 49.42),
                ('MR-full-mAP', 44.97),
                ('MR-full-mAP@0.5', 66.28),
                ('MR-full-mAP@0.75', 46.55),
                ('MR-long-mAP', 53.36),
                ('MR-middle-mAP', 47.2),
                ('MR-short-mAP', 7.99),
                ('HL-min-Fair-mAP', 76.47),
                ('HL-min-Fair-Hit1', 79.35),
                ('HL-min-Good-mAP', 65.32),
                ('HL-min-Good-Hit1', 77.23),
                ('HL-min-VeryGood-mAP', 40.09),
                ('HL-min-VeryGood-Hit1', 65.55)])
2026-08-28 20:13:19,209 INFO [Epoch 34]
2026-08-28 20:14:17,699 INFO Epoch[34] class_error 48.5058  class_error_0 71.0330  class_error_1 57.2369  class_error_2 50.8081  loss_giou 0.3718  loss_giou_0 0.4404  loss_giou_1 0.3871  loss_giou_2 0.3827  loss_iou_scores 0.0649  loss_iou_scores_0 0.0654  loss_iou_scores_1 0.0644  loss_iou_scores_2 0.0640  loss_label 0.1263  loss_label_0 0.1543  loss_label_1 0.1407  loss_label_2 0.1323  loss_mask_iou 0.0000  loss_mask_iou_0 2.0222  loss_mask_iou_1 1.9987  loss_mask_iou_2 2.0061  loss_overall 13.7239  loss_query_cgp_bind 0.1245  loss_query_cgp_route 0.0000  loss_saliency 3.0597  loss_span 0.3061  loss_span_0 0.3573  loss_span_1 0.3126  loss_span_2 0.3113
2026-08-28 20:14:17,701 INFO Generate submissions
2026-08-28 20:14:23,566 INFO Saving/Evaluating before nms results
2026-08-28 20:14:27,803 INFO metrics_no_nms OrderedDict([   ('MR-full-R1@0.5', 66.45),
                ('MR-full-R1@0.7', 51.03),
                ('MR-full-mAP', 44.84),
                ('MR-full-mAP@0.5', 66.25),
                ('MR-full-mAP@0.75', 46.56),
                ('MR-long-mAP', 50.04),
                ('MR-middle-mAP', 48.77),
                ('MR-short-mAP', 9.21),
                ('HL-min-Fair-mAP', 76.89),
                ('HL-min-Fair-Hit1', 78.9),
                ('HL-min-Good-mAP', 65.88),
                ('HL-min-Good-Hit1', 76.77),
                ('HL-min-VeryGood-mAP', 40.48),
                ('HL-min-VeryGood-Hit1', 65.16)])
2026-08-28 20:14:28,197 INFO [Epoch 35]
2026-08-28 20:15:27,732 INFO Epoch[35] class_error 48.5423  class_error_0 69.0594  class_error_1 56.1402  class_error_2 50.4788  loss_giou 0.3681  loss_giou_0 0.4415  loss_giou_1 0.3866  loss_giou_2 0.3803  loss_iou_scores 0.0633  loss_iou_scores_0 0.0647  loss_iou_scores_1 0.0640  loss_iou_scores_2 0.0629  loss_label 0.1260  loss_label_0 0.1527  loss_label_1 0.1409  loss_label_2 0.1323  loss_mask_iou 0.0000  loss_mask_iou_0 2.0059  loss_mask_iou_1 1.9659  loss_mask_iou_2 1.9743  loss_overall 13.6268  loss_query_cgp_bind 0.1246  loss_query_cgp_route 0.0000  loss_saliency 3.0565  loss_span 0.3055  loss_span_0 0.3605  loss_span_1 0.3107  loss_span_2 0.3101
2026-08-28 20:15:27,735 INFO Generate submissions
2026-08-28 20:15:33,260 INFO Saving/Evaluating before nms results
2026-08-28 20:15:37,108 INFO metrics_no_nms OrderedDict([   ('MR-full-R1@0.5', 65.74),
                ('MR-full-R1@0.7', 50.06),
                ('MR-full-mAP', 45.34),
                ('MR-full-mAP@0.5', 66.31),
                ('MR-full-mAP@0.75', 47.35),
                ('MR-long-mAP', 52.95),
                ('MR-middle-mAP', 48.18),
                ('MR-short-mAP', 7.85),
                ('HL-min-Fair-mAP', 76.5),
                ('HL-min-Fair-Hit1', 77.87),
                ('HL-min-Good-mAP', 65.58),
                ('HL-min-Good-Hit1', 75.61),
                ('HL-min-VeryGood-mAP', 40.24),
                ('HL-min-VeryGood-Hit1', 63.55)])
2026-08-28 20:15:37,436 INFO [Epoch 36]
2026-08-28 20:16:38,237 INFO Epoch[36] class_error 48.2700  class_error_0 68.1818  class_error_1 55.2965  class_error_2 49.1856  loss_giou 0.3662  loss_giou_0 0.4391  loss_giou_1 0.3847  loss_giou_2 0.3766  loss_iou_scores 0.0643  loss_iou_scores_0 0.0644  loss_iou_scores_1 0.0633  loss_iou_scores_2 0.0637  loss_label 0.1254  loss_label_0 0.1515  loss_label_1 0.1395  loss_label_2 0.1314  loss_mask_iou 0.0000  loss_mask_iou_0 1.9893  loss_mask_iou_1 1.9584  loss_mask_iou_2 1.9611  loss_overall 13.5571  loss_query_cgp_bind 0.1239  loss_query_cgp_route 0.0000  loss_saliency 3.0540  loss_span 0.2996  loss_span_0 0.3554  loss_span_1 0.3077  loss_span_2 0.3051
2026-08-28 20:16:38,239 INFO Generate submissions
2026-08-28 20:16:43,746 INFO Saving/Evaluating before nms results
2026-08-28 20:16:47,554 INFO metrics_no_nms OrderedDict([   ('MR-full-R1@0.5', 67.16),
                ('MR-full-R1@0.7', 50.65),
                ('MR-full-mAP', 45.39),
                ('MR-full-mAP@0.5', 66.59),
                ('MR-full-mAP@0.75', 47.32),
                ('MR-long-mAP', 51.67),
                ('MR-middle-mAP', 49.06),
                ('MR-short-mAP', 8.47),
                ('HL-min-Fair-mAP', 76.81),
                ('HL-min-Fair-Hit1', 78.39),
                ('HL-min-Good-mAP', 65.62),
                ('HL-min-Good-Hit1', 76.71),
                ('HL-min-VeryGood-mAP', 40.11),
                ('HL-min-VeryGood-Hit1', 64.19)])
2026-08-28 20:16:47,873 INFO [Epoch 37]
2026-08-28 20:17:47,831 INFO Epoch[37] class_error 47.3188  class_error_0 66.5249  class_error_1 55.3469  class_error_2 48.7101  loss_giou 0.3679  loss_giou_0 0.4386  loss_giou_1 0.3862  loss_giou_2 0.3784  loss_iou_scores 0.0647  loss_iou_scores_0 0.0651  loss_iou_scores_1 0.0637  loss_iou_scores_2 0.0643  loss_label 0.1246  loss_label_0 0.1504  loss_label_1 0.1389  loss_label_2 0.1298  loss_mask_iou 0.0000  loss_mask_iou_0 1.9867  loss_mask_iou_1 1.9585  loss_mask_iou_2 1.9602  loss_overall 13.5455  loss_query_cgp_bind 0.1244  loss_query_cgp_route 0.0000  loss_saliency 3.0426  loss_span 0.3003  loss_span_0 0.3553  loss_span_1 0.3091  loss_span_2 0.3066
2026-08-28 20:17:47,835 INFO Generate submissions
2026-08-28 20:17:53,846 INFO Saving/Evaluating before nms results
2026-08-28 20:17:57,674 INFO metrics_no_nms OrderedDict([   ('MR-full-R1@0.5', 65.94),
                ('MR-full-R1@0.7', 50.0),
                ('MR-full-mAP', 45.21),
                ('MR-full-mAP@0.5', 66.07),
                ('MR-full-mAP@0.75', 46.11),
                ('MR-long-mAP', 51.64),
                ('MR-middle-mAP', 49.07),
                ('MR-short-mAP', 8.0),
                ('HL-min-Fair-mAP', 76.58),
                ('HL-min-Fair-Hit1', 77.87),
                ('HL-min-Good-mAP', 65.68),
                ('HL-min-Good-Hit1', 75.94),
                ('HL-min-VeryGood-mAP', 40.36),
                ('HL-min-VeryGood-Hit1', 64.52)])
2026-08-28 20:17:57,962 INFO [Epoch 38]
2026-08-28 20:18:58,274 INFO Epoch[38] class_error 46.5748  class_error_0 67.0960  class_error_1 52.5381  class_error_2 47.7030  loss_giou 0.3655  loss_giou_0 0.4369  loss_giou_1 0.3857  loss_giou_2 0.3774  loss_iou_scores 0.0659  loss_iou_scores_0 0.0664  loss_iou_scores_1 0.0651  loss_iou_scores_2 0.0654  loss_label 0.1223  loss_label_0 0.1505  loss_label_1 0.1360  loss_label_2 0.1269  loss_mask_iou 0.0000  loss_mask_iou_0 1.9674  loss_mask_iou_1 1.9509  loss_mask_iou_2 1.9539  loss_overall 13.4862  loss_query_cgp_bind 0.1233  loss_query_cgp_route 0.0000  loss_saliency 3.0360  loss_span 0.2999  loss_span_0 0.3513  loss_span_1 0.3093  loss_span_2 0.3066
2026-08-28 20:18:58,277 INFO Generate submissions
2026-08-28 20:19:03,994 INFO Saving/Evaluating before nms results
2026-08-28 20:19:08,244 INFO metrics_no_nms OrderedDict([   ('MR-full-R1@0.5', 66.58),
                ('MR-full-R1@0.7', 49.68),
                ('MR-full-mAP', 43.91),
                ('MR-full-mAP@0.5', 66.24),
                ('MR-full-mAP@0.75', 46.36),
                ('MR-long-mAP', 49.39),
                ('MR-middle-mAP', 47.69),
                ('MR-short-mAP', 9.01),
                ('HL-min-Fair-mAP', 77.16),
                ('HL-min-Fair-Hit1', 79.1),
                ('HL-min-Good-mAP', 66.08),
                ('HL-min-Good-Hit1', 77.23),
                ('HL-min-VeryGood-mAP', 40.38),
                ('HL-min-VeryGood-Hit1', 64.97)])
2026-08-28 20:19:08,724 INFO [Epoch 39]
2026-08-28 20:20:09,220 INFO Epoch[39] class_error 46.1696  class_error_0 66.3639  class_error_1 52.3170  class_error_2 46.9299  loss_giou 0.3648  loss_giou_0 0.4349  loss_giou_1 0.3851  loss_giou_2 0.3759  loss_iou_scores 0.0633  loss_iou_scores_0 0.0641  loss_iou_scores_1 0.0626  loss_iou_scores_2 0.0629  loss_label 0.1215  loss_label_0 0.1489  loss_label_1 0.1363  loss_label_2 0.1275  loss_mask_iou 0.0000  loss_mask_iou_0 1.9661  loss_mask_iou_1 1.9422  loss_mask_iou_2 1.9510  loss_overall 13.4611  loss_query_cgp_bind 0.1237  loss_query_cgp_route 0.0000  loss_saliency 3.0406  loss_span 0.2991  loss_span_0 0.3500  loss_span_1 0.3075  loss_span_2 0.3051
2026-08-28 20:20:09,222 INFO Generate submissions
2026-08-28 20:20:14,248 INFO Saving/Evaluating before nms results
2026-08-28 20:20:18,529 INFO metrics_no_nms OrderedDict([   ('MR-full-R1@0.5', 66.84),
                ('MR-full-R1@0.7', 51.61),
                ('MR-full-mAP', 45.94),
                ('MR-full-mAP@0.5', 66.73),
                ('MR-full-mAP@0.75', 47.6),
                ('MR-long-mAP', 52.5),
                ('MR-middle-mAP', 49.45),
                ('MR-short-mAP', 8.73),
                ('HL-min-Fair-mAP', 77.29),
                ('HL-min-Fair-Hit1', 79.29),
                ('HL-min-Good-mAP', 66.12),
                ('HL-min-Good-Hit1', 77.42),
                ('HL-min-VeryGood-mAP', 40.63),
                ('HL-min-VeryGood-Hit1', 65.03)])
2026-08-28 20:20:18,967 INFO [Epoch 40]
2026-08-28 20:21:20,425 INFO Epoch[40] class_error 45.2138  class_error_0 65.9610  class_error_1 51.4806  class_error_2 46.8865  loss_giou 0.3606  loss_giou_0 0.4339  loss_giou_1 0.3818  loss_giou_2 0.3717  loss_iou_scores 0.0649  loss_iou_scores_0 0.0652  loss_iou_scores_1 0.0648  loss_iou_scores_2 0.0652  loss_label 0.1198  loss_label_0 0.1483  loss_label_1 0.1349  loss_label_2 0.1260  loss_mask_iou 0.0000  loss_mask_iou_0 1.9393  loss_mask_iou_1 1.9229  loss_mask_iou_2 1.9207  loss_overall 13.3531  loss_query_cgp_bind 0.1239  loss_query_cgp_route 0.0000  loss_saliency 3.0337  loss_span 0.2969  loss_span_0 0.3472  loss_span_1 0.3054  loss_span_2 0.3017
2026-08-28 20:21:20,428 INFO Generate submissions
2026-08-28 20:21:26,222 INFO Saving/Evaluating before nms results
2026-08-28 20:21:30,770 INFO metrics_no_nms OrderedDict([   ('MR-full-R1@0.5', 66.77),
                ('MR-full-R1@0.7', 51.48),
                ('MR-full-mAP', 44.45),
                ('MR-full-mAP@0.5', 66.01),
                ('MR-full-mAP@0.75', 46.45),
                ('MR-long-mAP', 49.48),
                ('MR-middle-mAP', 48.55),
                ('MR-short-mAP', 8.79),
                ('HL-min-Fair-mAP', 76.92),
                ('HL-min-Fair-Hit1', 78.32),
                ('HL-min-Good-mAP', 65.77),
                ('HL-min-Good-Hit1', 76.65),
                ('HL-min-VeryGood-mAP', 40.5),
                ('HL-min-VeryGood-Hit1', 65.16)])
2026-08-28 20:21:31,094 INFO [Epoch 41]
2026-08-28 20:22:32,388 INFO Epoch[41] class_error 45.4451  class_error_0 63.5218  class_error_1 51.2330  class_error_2 47.2799  loss_giou 0.3599  loss_giou_0 0.4350  loss_giou_1 0.3806  loss_giou_2 0.3726  loss_iou_scores 0.0633  loss_iou_scores_0 0.0647  loss_iou_scores_1 0.0635  loss_iou_scores_2 0.0637  loss_label 0.1205  loss_label_0 0.1467  loss_label_1 0.1350  loss_label_2 0.1255  loss_mask_iou 0.0000  loss_mask_iou_0 1.9519  loss_mask_iou_1 1.9166  loss_mask_iou_2 1.9251  loss_overall 13.3536  loss_query_cgp_bind 0.1207  loss_query_cgp_route 0.0000  loss_saliency 3.0364  loss_span 0.2953  loss_span_0 0.3476  loss_span_1 0.3035  loss_span_2 0.3012
2026-08-28 20:22:32,390 INFO Generate submissions
2026-08-28 20:22:37,991 INFO Saving/Evaluating before nms results
2026-08-28 20:22:42,690 INFO metrics_no_nms OrderedDict([   ('MR-full-R1@0.5', 65.48),
                ('MR-full-R1@0.7', 49.55),
                ('MR-full-mAP', 44.66),
                ('MR-full-mAP@0.5', 66.21),
                ('MR-full-mAP@0.75', 45.4),
                ('MR-long-mAP', 51.57),
                ('MR-middle-mAP', 47.18),
                ('MR-short-mAP', 9.41),
                ('HL-min-Fair-mAP', 76.38),
                ('HL-min-Fair-Hit1', 77.87),
                ('HL-min-Good-mAP', 65.41),
                ('HL-min-Good-Hit1', 75.87),
                ('HL-min-VeryGood-mAP', 40.09),
                ('HL-min-VeryGood-Hit1', 64.06)])
2026-08-28 20:22:42,993 INFO [Epoch 42]
2026-08-28 20:23:43,958 INFO Epoch[42] class_error 44.6972  class_error_0 62.3633  class_error_1 51.3886  class_error_2 45.3035  loss_giou 0.3551  loss_giou_0 0.4331  loss_giou_1 0.3754  loss_giou_2 0.3646  loss_iou_scores 0.0636  loss_iou_scores_0 0.0640  loss_iou_scores_1 0.0644  loss_iou_scores_2 0.0638  loss_label 0.1186  loss_label_0 0.1452  loss_label_1 0.1342  loss_label_2 0.1235  loss_mask_iou 0.0000  loss_mask_iou_0 1.9218  loss_mask_iou_1 1.8936  loss_mask_iou_2 1.8990  loss_overall 13.2088  loss_query_cgp_bind 0.1185  loss_query_cgp_route 0.0000  loss_saliency 3.0251  loss_span 0.2892  loss_span_0 0.3421  loss_span_1 0.2970  loss_span_2 0.2951
2026-08-28 20:23:43,961 INFO Generate submissions
2026-08-28 20:23:50,283 INFO Saving/Evaluating before nms results
2026-08-28 20:23:54,140 INFO metrics_no_nms OrderedDict([   ('MR-full-R1@0.5', 67.55),
                ('MR-full-R1@0.7', 51.48),
                ('MR-full-mAP', 46.21),
                ('MR-full-mAP@0.5', 66.46),
                ('MR-full-mAP@0.75', 47.65),
                ('MR-long-mAP', 51.29),
                ('MR-middle-mAP', 50.98),
                ('MR-short-mAP', 8.18),
                ('HL-min-Fair-mAP', 77.73),
                ('HL-min-Fair-Hit1', 79.81),
                ('HL-min-Good-mAP', 66.45),
                ('HL-min-Good-Hit1', 77.68),
                ('HL-min-VeryGood-mAP', 40.6),
                ('HL-min-VeryGood-Hit1', 65.48)])
2026-08-28 20:23:54,458 INFO [Epoch 43]
2026-08-28 20:24:55,901 INFO Epoch[43] class_error 45.1288  class_error_0 62.2698  class_error_1 51.5102  class_error_2 46.1631  loss_giou 0.3550  loss_giou_0 0.4309  loss_giou_1 0.3775  loss_giou_2 0.3676  loss_iou_scores 0.0640  loss_iou_scores_0 0.0635  loss_iou_scores_1 0.0636  loss_iou_scores_2 0.0637  loss_label 0.1198  loss_label_0 0.1448  loss_label_1 0.1338  loss_label_2 0.1249  loss_mask_iou 0.0000  loss_mask_iou_0 1.9206  loss_mask_iou_1 1.8842  loss_mask_iou_2 1.8877  loss_overall 13.2040  loss_query_cgp_bind 0.1172  loss_query_cgp_route 0.0000  loss_saliency 3.0325  loss_span 0.2898  loss_span_0 0.3456  loss_span_1 0.3001  loss_span_2 0.2972
2026-08-28 20:24:55,905 INFO Generate submissions
2026-08-28 20:25:01,472 INFO Saving/Evaluating before nms results
2026-08-28 20:25:05,896 INFO metrics_no_nms OrderedDict([   ('MR-full-R1@0.5', 66.65),
                ('MR-full-R1@0.7', 50.19),
                ('MR-full-mAP', 46.31),
                ('MR-full-mAP@0.5', 67.42),
                ('MR-full-mAP@0.75', 47.59),
                ('MR-long-mAP', 54.14),
                ('MR-middle-mAP', 48.84),
                ('MR-short-mAP', 9.28),
                ('HL-min-Fair-mAP', 76.82),
                ('HL-min-Fair-Hit1', 78.58),
                ('HL-min-Good-mAP', 65.92),
                ('HL-min-Good-Hit1', 76.39),
                ('HL-min-VeryGood-mAP', 40.53),
                ('HL-min-VeryGood-Hit1', 64.84)])
2026-08-28 20:25:06,196 INFO [Epoch 44]
2026-08-28 20:26:06,954 INFO Epoch[44] class_error 43.2258  class_error_0 58.8905  class_error_1 49.5749  class_error_2 45.1760  loss_giou 0.3577  loss_giou_0 0.4302  loss_giou_1 0.3803  loss_giou_2 0.3688  loss_iou_scores 0.0619  loss_iou_scores_0 0.0639  loss_iou_scores_1 0.0618  loss_iou_scores_2 0.0619  loss_label 0.1155  loss_label_0 0.1410  loss_label_1 0.1302  loss_label_2 0.1206  loss_mask_iou 0.0000  loss_mask_iou_0 1.9253  loss_mask_iou_1 1.8946  loss_mask_iou_2 1.8975  loss_overall 13.1931  loss_query_cgp_bind 0.1215  loss_query_cgp_route 0.0000  loss_saliency 3.0217  loss_span 0.2883  loss_span_0 0.3424  loss_span_1 0.2993  loss_span_2 0.2946
2026-08-28 20:26:06,957 INFO Generate submissions
2026-08-28 20:26:12,833 INFO Saving/Evaluating before nms results
2026-08-28 20:26:16,578 INFO metrics_no_nms OrderedDict([   ('MR-full-R1@0.5', 66.45),
                ('MR-full-R1@0.7', 51.1),
                ('MR-full-mAP', 45.48),
                ('MR-full-mAP@0.5', 66.82),
                ('MR-full-mAP@0.75', 47.08),
                ('MR-long-mAP', 50.37),
                ('MR-middle-mAP', 48.78),
                ('MR-short-mAP', 11.26),
                ('HL-min-Fair-mAP', 77.83),
                ('HL-min-Fair-Hit1', 79.87),
                ('HL-min-Good-mAP', 66.78),
                ('HL-min-Good-Hit1', 77.48),
                ('HL-min-VeryGood-mAP', 41.08),
                ('HL-min-VeryGood-Hit1', 66.71)])
2026-08-28 20:26:16,919 INFO [Epoch 45]
2026-08-28 20:27:15,941 INFO Epoch[45] class_error 42.9951  class_error_0 57.7293  class_error_1 49.4052  class_error_2 43.9380  loss_giou 0.3537  loss_giou_0 0.4322  loss_giou_1 0.3750  loss_giou_2 0.3631  loss_iou_scores 0.0628  loss_iou_scores_0 0.0651  loss_iou_scores_1 0.0632  loss_iou_scores_2 0.0623  loss_label 0.1153  loss_label_0 0.1407  loss_label_1 0.1291  loss_label_2 0.1202  loss_mask_iou 0.0000  loss_mask_iou_0 1.9131  loss_mask_iou_1 1.8881  loss_mask_iou_2 1.8877  loss_overall 13.1367  loss_query_cgp_bind 0.1202  loss_query_cgp_route 0.0000  loss_saliency 3.0197  loss_span 0.2846  loss_span_0 0.3400  loss_span_1 0.2948  loss_span_2 0.2895
2026-08-28 20:27:15,943 INFO Generate submissions
2026-08-28 20:27:22,272 INFO Saving/Evaluating before nms results
2026-08-28 20:27:26,173 INFO metrics_no_nms OrderedDict([   ('MR-full-R1@0.5', 66.84),
                ('MR-full-R1@0.7', 50.65),
                ('MR-full-mAP', 45.91),
                ('MR-full-mAP@0.5', 66.77),
                ('MR-full-mAP@0.75', 48.08),
                ('MR-long-mAP', 53.64),
                ('MR-middle-mAP', 48.26),
                ('MR-short-mAP', 9.36),
                ('HL-min-Fair-mAP', 76.89),
                ('HL-min-Fair-Hit1', 79.1),
                ('HL-min-Good-mAP', 65.83),
                ('HL-min-Good-Hit1', 77.16),
                ('HL-min-VeryGood-mAP', 40.32),
                ('HL-min-VeryGood-Hit1', 64.97)])
2026-08-28 20:27:26,508 INFO [Epoch 46]
2026-08-28 20:28:27,336 INFO Epoch[46] class_error 42.8396  class_error_0 57.3689  class_error_1 48.2195  class_error_2 43.3228  loss_giou 0.3524  loss_giou_0 0.4270  loss_giou_1 0.3762  loss_giou_2 0.3635  loss_iou_scores 0.0611  loss_iou_scores_0 0.0635  loss_iou_scores_1 0.0615  loss_iou_scores_2 0.0615  loss_label 0.1153  loss_label_0 0.1390  loss_label_1 0.1286  loss_label_2 0.1200  loss_mask_iou 0.0000  loss_mask_iou_0 1.8941  loss_mask_iou_1 1.8642  loss_mask_iou_2 1.8633  loss_overall 13.0442  loss_query_cgp_bind 0.1157  loss_query_cgp_route 0.0000  loss_saliency 3.0168  loss_span 0.2833  loss_span_0 0.3376  loss_span_1 0.2946  loss_span_2 0.2894
2026-08-28 20:28:27,340 INFO Generate submissions
2026-08-28 20:28:33,354 INFO Saving/Evaluating before nms results
2026-08-28 20:28:37,554 INFO metrics_no_nms OrderedDict([   ('MR-full-R1@0.5', 66.77),
                ('MR-full-R1@0.7', 49.74),
                ('MR-full-mAP', 46.03),
                ('MR-full-mAP@0.5', 67.35),
                ('MR-full-mAP@0.75', 47.78),
                ('MR-long-mAP', 55.51),
                ('MR-middle-mAP', 47.17),
                ('MR-short-mAP', 9.0),
                ('HL-min-Fair-mAP', 76.16),
                ('HL-min-Fair-Hit1', 76.77),
                ('HL-min-Good-mAP', 65.29),
                ('HL-min-Good-Hit1', 74.71),
                ('HL-min-VeryGood-mAP', 39.94),
                ('HL-min-VeryGood-Hit1', 63.74)])
2026-08-28 20:28:37,887 INFO [Epoch 47]
2026-08-28 20:29:38,284 INFO Epoch[47] class_error 42.5825  class_error_0 56.6527  class_error_1 47.5438  class_error_2 43.5219  loss_giou 0.3459  loss_giou_0 0.4271  loss_giou_1 0.3712  loss_giou_2 0.3588  loss_iou_scores 0.0625  loss_iou_scores_0 0.0623  loss_iou_scores_1 0.0617  loss_iou_scores_2 0.0623  loss_label 0.1149  loss_label_0 0.1374  loss_label_1 0.1275  loss_label_2 0.1194  loss_mask_iou 0.0000  loss_mask_iou_0 1.8776  loss_mask_iou_1 1.8470  loss_mask_iou_2 1.8443  loss_overall 12.9548  loss_query_cgp_bind 0.1178  loss_query_cgp_route 0.0000  loss_saliency 3.0158  loss_span 0.2808  loss_span_0 0.3326  loss_span_1 0.2913  loss_span_2 0.2860
2026-08-28 20:29:38,286 INFO Generate submissions
2026-08-28 20:29:44,184 INFO Saving/Evaluating before nms results
2026-08-28 20:29:48,356 INFO metrics_no_nms OrderedDict([   ('MR-full-R1@0.5', 67.29),
                ('MR-full-R1@0.7', 51.74),
                ('MR-full-mAP', 46.38),
                ('MR-full-mAP@0.5', 67.1),
                ('MR-full-mAP@0.75', 47.87),
                ('MR-long-mAP', 52.66),
                ('MR-middle-mAP', 49.29),
                ('MR-short-mAP', 10.42),
                ('HL-min-Fair-mAP', 76.18),
                ('HL-min-Fair-Hit1', 77.81),
                ('HL-min-Good-mAP', 65.2),
                ('HL-min-Good-Hit1', 75.42),
                ('HL-min-VeryGood-mAP', 39.94),
                ('HL-min-VeryGood-Hit1', 63.23)])
2026-08-28 20:29:48,725 INFO [Best] epoch 47, MR-full-mAP 46.3800
2026-08-28 20:29:49,012 INFO [Epoch 48]
2026-08-28 20:30:49,558 INFO Epoch[48] class_error 40.7786  class_error_0 54.7473  class_error_1 46.1824  class_error_2 41.6010  loss_giou 0.3469  loss_giou_0 0.4245  loss_giou_1 0.3688  loss_giou_2 0.3579  loss_iou_scores 0.0594  loss_iou_scores_0 0.0620  loss_iou_scores_1 0.0598  loss_iou_scores_2 0.0602  loss_label 0.1129  loss_label_0 0.1345  loss_label_1 0.1249  loss_label_2 0.1172  loss_mask_iou 0.0000  loss_mask_iou_0 1.8699  loss_mask_iou_1 1.8331  loss_mask_iou_2 1.8387  loss_overall 12.8687  loss_query_cgp_bind 0.1140  loss_query_cgp_route 0.0000  loss_saliency 3.0030  loss_span 0.2742  loss_span_0 0.3306  loss_span_1 0.2844  loss_span_2 0.2801
2026-08-28 20:30:49,561 INFO Generate submissions
2026-08-28 20:30:55,799 INFO Saving/Evaluating before nms results
2026-08-28 20:30:59,954 INFO metrics_no_nms OrderedDict([   ('MR-full-R1@0.5', 67.23),
                ('MR-full-R1@0.7', 51.29),
                ('MR-full-mAP', 46.57),
                ('MR-full-mAP@0.5', 67.24),
                ('MR-full-mAP@0.75', 47.98),
                ('MR-long-mAP', 55.03),
                ('MR-middle-mAP', 49.13),
                ('MR-short-mAP', 8.06),
                ('HL-min-Fair-mAP', 77.4),
                ('HL-min-Fair-Hit1', 79.81),
                ('HL-min-Good-mAP', 66.21),
                ('HL-min-Good-Hit1', 77.81),
                ('HL-min-VeryGood-mAP', 40.51),
                ('HL-min-VeryGood-Hit1', 65.03)])
2026-08-28 20:31:00,324 INFO [Best] epoch 48, MR-full-mAP 46.5700
2026-08-28 20:31:00,644 INFO [Epoch 49]
2026-08-28 20:32:01,735 INFO Epoch[49] class_error 40.6642  class_error_0 54.2327  class_error_1 45.0796  class_error_2 41.0480  loss_giou 0.3465  loss_giou_0 0.4260  loss_giou_1 0.3693  loss_giou_2 0.3577  loss_iou_scores 0.0612  loss_iou_scores_0 0.0627  loss_iou_scores_1 0.0613  loss_iou_scores_2 0.0610  loss_label 0.1117  loss_label_0 0.1352  loss_label_1 0.1235  loss_label_2 0.1153  loss_mask_iou 0.0000  loss_mask_iou_0 1.8650  loss_mask_iou_1 1.8433  loss_mask_iou_2 1.8419  loss_overall 12.8912  loss_query_cgp_bind 0.1147  loss_query_cgp_route 0.0000  loss_saliency 3.0040  loss_span 0.2756  loss_span_0 0.3332  loss_span_1 0.2889  loss_span_2 0.2831
2026-08-28 20:32:01,738 INFO Generate submissions
2026-08-28 20:32:06,844 INFO Saving/Evaluating before nms results
2026-08-28 20:32:11,301 INFO metrics_no_nms OrderedDict([   ('MR-full-R1@0.5', 67.68),
                ('MR-full-R1@0.7', 52.52),
                ('MR-full-mAP', 46.5),
                ('MR-full-mAP@0.5', 67.39),
                ('MR-full-mAP@0.75', 48.02),
                ('MR-long-mAP', 54.26),
                ('MR-middle-mAP', 48.89),
                ('MR-short-mAP', 9.83),
                ('HL-min-Fair-mAP', 75.55),
                ('HL-min-Fair-Hit1', 75.29),
                ('HL-min-Good-mAP', 64.71),
                ('HL-min-Good-Hit1', 73.42),
                ('HL-min-VeryGood-mAP', 39.54),
                ('HL-min-VeryGood-Hit1', 61.68)])
2026-08-28 20:32:11,647 INFO [Epoch 50]
2026-08-28 20:33:11,415 INFO Epoch[50] class_error 40.7987  class_error_0 54.8985  class_error_1 46.6718  class_error_2 42.2062  loss_giou 0.3456  loss_giou_0 0.4271  loss_giou_1 0.3691  loss_giou_2 0.3578  loss_iou_scores 0.0629  loss_iou_scores_0 0.0631  loss_iou_scores_1 0.0629  loss_iou_scores_2 0.0638  loss_label 0.1125  loss_label_0 0.1366  loss_label_1 0.1263  loss_label_2 0.1174  loss_mask_iou 0.0000  loss_mask_iou_0 1.8562  loss_mask_iou_1 1.8238  loss_mask_iou_2 1.8261  loss_overall 12.8531  loss_query_cgp_bind 0.1160  loss_query_cgp_route 0.0000  loss_saliency 3.0058  loss_span 0.2743  loss_span_0 0.3319  loss_span_1 0.2846  loss_span_2 0.2813
2026-08-28 20:33:11,418 INFO Generate submissions
2026-08-28 20:33:16,866 INFO Saving/Evaluating before nms results
2026-08-28 20:33:21,516 INFO metrics_no_nms OrderedDict([   ('MR-full-R1@0.5', 67.48),
                ('MR-full-R1@0.7', 52.71),
                ('MR-full-mAP', 46.8),
                ('MR-full-mAP@0.5', 67.57),
                ('MR-full-mAP@0.75', 49.03),
                ('MR-long-mAP', 52.26),
                ('MR-middle-mAP', 49.77),
                ('MR-short-mAP', 11.36),
                ('HL-min-Fair-mAP', 76.67),
                ('HL-min-Fair-Hit1', 78.65),
                ('HL-min-Good-mAP', 65.54),
                ('HL-min-Good-Hit1', 76.9),
                ('HL-min-VeryGood-mAP', 40.18),
                ('HL-min-VeryGood-Hit1', 64.0)])
2026-08-28 20:33:21,893 INFO [Best] epoch 50, MR-full-mAP 46.8000
2026-08-28 20:33:22,496 INFO [Epoch 51]
2026-08-28 20:34:22,271 INFO Epoch[51] class_error 41.7461  class_error_0 53.4585  class_error_1 45.9849  class_error_2 42.3328  loss_giou 0.3444  loss_giou_0 0.4244  loss_giou_1 0.3672  loss_giou_2 0.3574  loss_iou_scores 0.0630  loss_iou_scores_0 0.0627  loss_iou_scores_1 0.0626  loss_iou_scores_2 0.0630  loss_label 0.1136  loss_label_0 0.1347  loss_label_1 0.1252  loss_label_2 0.1171  loss_mask_iou 0.0000  loss_mask_iou_0 1.8478  loss_mask_iou_1 1.8122  loss_mask_iou_2 1.8121  loss_overall 12.8076  loss_query_cgp_bind 0.1162  loss_query_cgp_route 0.0000  loss_saliency 3.0004  loss_span 0.2750  loss_span_0 0.3292  loss_span_1 0.2875  loss_span_2 0.2820
2026-08-28 20:34:22,274 INFO Generate submissions
2026-08-28 20:34:27,540 INFO Saving/Evaluating before nms results
2026-08-28 20:34:31,790 INFO metrics_no_nms OrderedDict([   ('MR-full-R1@0.5', 68.52),
                ('MR-full-R1@0.7', 52.84),
                ('MR-full-mAP', 47.42),
                ('MR-full-mAP@0.5', 68.13),
                ('MR-full-mAP@0.75', 48.58),
                ('MR-long-mAP', 55.92),
                ('MR-middle-mAP', 49.0),
                ('MR-short-mAP', 9.8),
                ('HL-min-Fair-mAP', 77.61),
                ('HL-min-Fair-Hit1', 79.94),
                ('HL-min-Good-mAP', 66.54),
                ('HL-min-Good-Hit1', 78.06),
                ('HL-min-VeryGood-mAP', 40.69),
                ('HL-min-VeryGood-Hit1', 65.55)])
2026-08-28 20:34:32,090 INFO [Best] epoch 51, MR-full-mAP 47.4200
2026-08-28 20:34:32,424 INFO [Epoch 52]
2026-08-28 20:35:32,191 INFO Epoch[52] class_error 39.6043  class_error_0 52.1863  class_error_1 44.0644  class_error_2 40.6353  loss_giou 0.3451  loss_giou_0 0.4247  loss_giou_1 0.3699  loss_giou_2 0.3572  loss_iou_scores 0.0614  loss_iou_scores_0 0.0631  loss_iou_scores_1 0.0610  loss_iou_scores_2 0.0612  loss_label 0.1093  loss_label_0 0.1324  loss_label_1 0.1208  loss_label_2 0.1132  loss_mask_iou 0.0000  loss_mask_iou_0 1.8528  loss_mask_iou_1 1.8315  loss_mask_iou_2 1.8257  loss_overall 12.8304  loss_query_cgp_bind 0.1169  loss_query_cgp_route 0.0000  loss_saliency 2.9948  loss_span 0.2767  loss_span_0 0.3279  loss_span_1 0.2883  loss_span_2 0.2822
2026-08-28 20:35:32,194 INFO Generate submissions
2026-08-28 20:35:37,874 INFO Saving/Evaluating before nms results
2026-08-28 20:35:41,999 INFO metrics_no_nms OrderedDict([   ('MR-full-R1@0.5', 67.23),
                ('MR-full-R1@0.7', 52.52),
                ('MR-full-mAP', 46.73),
                ('MR-full-mAP@0.5', 67.94),
                ('MR-full-mAP@0.75', 48.03),
                ('MR-long-mAP', 53.79),
                ('MR-middle-mAP', 49.39),
                ('MR-short-mAP', 10.12),
                ('HL-min-Fair-mAP', 77.77),
                ('HL-min-Fair-Hit1', 79.74),
                ('HL-min-Good-mAP', 66.66),
                ('HL-min-Good-Hit1', 77.68),
                ('HL-min-VeryGood-mAP', 41.03),
                ('HL-min-VeryGood-Hit1', 65.74)])
2026-08-28 20:35:42,275 INFO [Epoch 53]
2026-08-28 20:36:42,400 INFO Epoch[53] class_error 40.4807  class_error_0 51.7520  class_error_1 45.7351  class_error_2 41.3969  loss_giou 0.3399  loss_giou_0 0.4218  loss_giou_1 0.3646  loss_giou_2 0.3534  loss_iou_scores 0.0616  loss_iou_scores_0 0.0621  loss_iou_scores_1 0.0625  loss_iou_scores_2 0.0620  loss_label 0.1118  loss_label_0 0.1331  loss_label_1 0.1232  loss_label_2 0.1162  loss_mask_iou 0.0000  loss_mask_iou_0 1.8351  loss_mask_iou_1 1.8046  loss_mask_iou_2 1.8040  loss_overall 12.7232  loss_query_cgp_bind 0.1141  loss_query_cgp_route 0.0000  loss_saliency 2.9948  loss_span 0.2684  loss_span_0 0.3242  loss_span_1 0.2815  loss_span_2 0.2766
2026-08-28 20:36:42,404 INFO Generate submissions
2026-08-28 20:36:47,966 INFO Saving/Evaluating before nms results
2026-08-28 20:36:52,043 INFO metrics_no_nms OrderedDict([   ('MR-full-R1@0.5', 67.74),
                ('MR-full-R1@0.7', 51.35),
                ('MR-full-mAP', 46.82),
                ('MR-full-mAP@0.5', 67.7),
                ('MR-full-mAP@0.75', 47.64),
                ('MR-long-mAP', 55.53),
                ('MR-middle-mAP', 49.19),
                ('MR-short-mAP', 8.81),
                ('HL-min-Fair-mAP', 75.97),
                ('HL-min-Fair-Hit1', 76.32),
                ('HL-min-Good-mAP', 64.84),
                ('HL-min-Good-Hit1', 74.71),
                ('HL-min-VeryGood-mAP', 39.81),
                ('HL-min-VeryGood-Hit1', 63.1)])
2026-08-28 20:36:52,432 INFO [Epoch 54]
2026-08-28 20:37:53,428 INFO Epoch[54] class_error 40.0558  class_error_0 50.9122  class_error_1 43.8759  class_error_2 40.7450  loss_giou 0.3406  loss_giou_0 0.4223  loss_giou_1 0.3667  loss_giou_2 0.3529  loss_iou_scores 0.0622  loss_iou_scores_0 0.0632  loss_iou_scores_1 0.0626  loss_iou_scores_2 0.0626  loss_label 0.1102  loss_label_0 0.1318  loss_label_1 0.1219  loss_label_2 0.1146  loss_mask_iou 0.0000  loss_mask_iou_0 1.8395  loss_mask_iou_1 1.8110  loss_mask_iou_2 1.8054  loss_overall 12.7308  loss_query_cgp_bind 0.1149  loss_query_cgp_route 0.0000  loss_saliency 2.9965  loss_span 0.2678  loss_span_0 0.3238  loss_span_1 0.2823  loss_span_2 0.2752
2026-08-28 20:37:53,431 INFO Generate submissions
2026-08-28 20:37:58,610 INFO Saving/Evaluating before nms results
2026-08-28 20:38:02,242 INFO metrics_no_nms OrderedDict([   ('MR-full-R1@0.5', 69.16),
                ('MR-full-R1@0.7', 53.35),
                ('MR-full-mAP', 46.68),
                ('MR-full-mAP@0.5', 67.95),
                ('MR-full-mAP@0.75', 48.52),
                ('MR-long-mAP', 51.12),
                ('MR-middle-mAP', 50.57),
                ('MR-short-mAP', 11.05),
                ('HL-min-Fair-mAP', 77.78),
                ('HL-min-Fair-Hit1', 80.32),
                ('HL-min-Good-mAP', 66.52),
                ('HL-min-Good-Hit1', 78.32),
                ('HL-min-VeryGood-mAP', 41.01),
                ('HL-min-VeryGood-Hit1', 66.84)])
2026-08-28 20:38:02,735 INFO [Epoch 55]
2026-08-28 20:39:02,339 INFO Epoch[55] class_error 38.5818  class_error_0 50.0183  class_error_1 43.4096  class_error_2 40.0558  loss_giou 0.3407  loss_giou_0 0.4241  loss_giou_1 0.3659  loss_giou_2 0.3527  loss_iou_scores 0.0603  loss_iou_scores_0 0.0614  loss_iou_scores_1 0.0604  loss_iou_scores_2 0.0607  loss_label 0.1077  loss_label_0 0.1291  loss_label_1 0.1202  loss_label_2 0.1123  loss_mask_iou 0.0000  loss_mask_iou_0 1.8366  loss_mask_iou_1 1.7988  loss_mask_iou_2 1.7991  loss_overall 12.7027  loss_query_cgp_bind 0.1147  loss_query_cgp_route 0.0000  loss_saliency 2.9929  loss_span 0.2700  loss_span_0 0.3266  loss_span_1 0.2828  loss_span_2 0.2778
2026-08-28 20:39:02,341 INFO Generate submissions
2026-08-28 20:39:08,313 INFO Saving/Evaluating before nms results
2026-08-28 20:39:12,808 INFO metrics_no_nms OrderedDict([   ('MR-full-R1@0.5', 66.71),
                ('MR-full-R1@0.7', 50.58),
                ('MR-full-mAP', 46.88),
                ('MR-full-mAP@0.5', 67.25),
                ('MR-full-mAP@0.75', 48.47),
                ('MR-long-mAP', 54.53),
                ('MR-middle-mAP', 49.03),
                ('MR-short-mAP', 9.63),
                ('HL-min-Fair-mAP', 76.87),
                ('HL-min-Fair-Hit1', 78.65),
                ('HL-min-Good-mAP', 65.94),
                ('HL-min-Good-Hit1', 76.97),
                ('HL-min-VeryGood-mAP', 40.45),
                ('HL-min-VeryGood-Hit1', 65.74)])
2026-08-28 20:39:13,371 INFO [Epoch 56]
2026-08-28 20:40:12,951 INFO Epoch[56] class_error 37.7933  class_error_0 50.8460  class_error_1 43.2835  class_error_2 39.1649  loss_giou 0.3353  loss_giou_0 0.4177  loss_giou_1 0.3598  loss_giou_2 0.3480  loss_iou_scores 0.0603  loss_iou_scores_0 0.0616  loss_iou_scores_1 0.0600  loss_iou_scores_2 0.0602  loss_label 0.1070  loss_label_0 0.1294  loss_label_1 0.1195  loss_label_2 0.1113  loss_mask_iou 0.0000  loss_mask_iou_0 1.8125  loss_mask_iou_1 1.7866  loss_mask_iou_2 1.7865  loss_overall 12.5907  loss_query_cgp_bind 0.1124  loss_query_cgp_route 0.0000  loss_saliency 2.9847  loss_span 0.2652  loss_span_0 0.3190  loss_span_1 0.2774  loss_span_2 0.2724
2026-08-28 20:40:12,954 INFO Generate submissions
2026-08-28 20:40:18,684 INFO Saving/Evaluating before nms results
2026-08-28 20:40:23,384 INFO metrics_no_nms OrderedDict([   ('MR-full-R1@0.5', 66.26),
                ('MR-full-R1@0.7', 49.61),
                ('MR-full-mAP', 46.45),
                ('MR-full-mAP@0.5', 67.8),
                ('MR-full-mAP@0.75', 47.24),
                ('MR-long-mAP', 56.01),
                ('MR-middle-mAP', 46.87),
                ('MR-short-mAP', 10.39),
                ('HL-min-Fair-mAP', 76.57),
                ('HL-min-Fair-Hit1', 78.19),
                ('HL-min-Good-mAP', 65.76),
                ('HL-min-Good-Hit1', 76.19),
                ('HL-min-VeryGood-mAP', 40.24),
                ('HL-min-VeryGood-Hit1', 64.9)])
2026-08-28 20:40:23,820 INFO [Epoch 57]
2026-08-28 20:41:23,729 INFO Epoch[57] class_error 38.5079  class_error_0 50.3279  class_error_1 43.2760  class_error_2 40.1477  loss_giou 0.3378  loss_giou_0 0.4198  loss_giou_1 0.3644  loss_giou_2 0.3494  loss_iou_scores 0.0610  loss_iou_scores_0 0.0618  loss_iou_scores_1 0.0609  loss_iou_scores_2 0.0612  loss_label 0.1074  loss_label_0 0.1292  loss_label_1 0.1195  loss_label_2 0.1117  loss_mask_iou 0.0000  loss_mask_iou_0 1.8178  loss_mask_iou_1 1.7855  loss_mask_iou_2 1.7808  loss_overall 12.6221  loss_query_cgp_bind 0.1149  loss_query_cgp_route 0.0000  loss_saliency 2.9843  loss_span 0.2679  loss_span_0 0.3239  loss_span_1 0.2817  loss_span_2 0.2746
2026-08-28 20:41:23,735 INFO Generate submissions
2026-08-28 20:41:29,290 INFO Saving/Evaluating before nms results
2026-08-28 20:41:34,962 INFO metrics_no_nms OrderedDict([   ('MR-full-R1@0.5', 67.03),
                ('MR-full-R1@0.7', 50.45),
                ('MR-full-mAP', 44.17),
                ('MR-full-mAP@0.5', 65.97),
                ('MR-full-mAP@0.75', 45.19),
                ('MR-long-mAP', 49.99),
                ('MR-middle-mAP', 47.17),
                ('MR-short-mAP', 10.77),
                ('HL-min-Fair-mAP', 77.71),
                ('HL-min-Fair-Hit1', 79.61),
                ('HL-min-Good-mAP', 66.67),
                ('HL-min-Good-Hit1', 77.35),
                ('HL-min-VeryGood-mAP', 40.91),
                ('HL-min-VeryGood-Hit1', 66.0)])
2026-08-28 20:41:35,335 INFO [Epoch 58]
2026-08-28 20:42:34,653 INFO Epoch[58] class_error 38.8294  class_error_0 50.0053  class_error_1 43.5635  class_error_2 39.3538  loss_giou 0.3364  loss_giou_0 0.4161  loss_giou_1 0.3593  loss_giou_2 0.3473  loss_iou_scores 0.0616  loss_iou_scores_0 0.0619  loss_iou_scores_1 0.0608  loss_iou_scores_2 0.0611  loss_label 0.1083  loss_label_0 0.1294  loss_label_1 0.1203  loss_label_2 0.1126  loss_mask_iou 0.0000  loss_mask_iou_0 1.8104  loss_mask_iou_1 1.7753  loss_mask_iou_2 1.7767  loss_overall 12.5798  loss_query_cgp_bind 0.1110  loss_query_cgp_route 0.0000  loss_saliency 2.9951  loss_span 0.2640  loss_span_0 0.3218  loss_span_1 0.2761  loss_span_2 0.2707
2026-08-28 20:42:34,656 INFO Generate submissions
2026-08-28 20:42:40,487 INFO Saving/Evaluating before nms results
2026-08-28 20:42:45,864 INFO metrics_no_nms OrderedDict([   ('MR-full-R1@0.5', 67.16),
                ('MR-full-R1@0.7', 50.77),
                ('MR-full-mAP', 46.85),
                ('MR-full-mAP@0.5', 67.6),
                ('MR-full-mAP@0.75', 48.36),
                ('MR-long-mAP', 53.81),
                ('MR-middle-mAP', 49.54),
                ('MR-short-mAP', 10.2),
                ('HL-min-Fair-mAP', 77.21),
                ('HL-min-Fair-Hit1', 77.81),
                ('HL-min-Good-mAP', 65.92),
                ('HL-min-Good-Hit1', 75.68),
                ('HL-min-VeryGood-mAP', 40.49),
                ('HL-min-VeryGood-Hit1', 64.58)])
2026-08-28 20:42:46,205 INFO [Epoch 59]
2026-08-28 20:43:45,276 INFO Epoch[59] class_error 38.5482  class_error_0 48.5556  class_error_1 43.4149  class_error_2 39.7692  loss_giou 0.3335  loss_giou_0 0.4181  loss_giou_1 0.3579  loss_giou_2 0.3459  loss_iou_scores 0.0611  loss_iou_scores_0 0.0625  loss_iou_scores_1 0.0615  loss_iou_scores_2 0.0614  loss_label 0.1077  loss_label_0 0.1281  loss_label_1 0.1202  loss_label_2 0.1125  loss_mask_iou 0.0000  loss_mask_iou_0 1.7962  loss_mask_iou_1 1.7661  loss_mask_iou_2 1.7600  loss_overall 12.5105  loss_query_cgp_bind 0.1092  loss_query_cgp_route 0.0000  loss_saliency 2.9845  loss_span 0.2616  loss_span_0 0.3204  loss_span_1 0.2735  loss_span_2 0.2683
2026-08-28 20:43:45,279 INFO Generate submissions
2026-08-28 20:43:51,681 INFO Saving/Evaluating before nms results
2026-08-28 20:43:57,132 INFO metrics_no_nms OrderedDict([   ('MR-full-R1@0.5', 67.23),
                ('MR-full-R1@0.7', 51.74),
                ('MR-full-mAP', 47.16),
                ('MR-full-mAP@0.5', 68.15),
                ('MR-full-mAP@0.75', 48.88),
                ('MR-long-mAP', 55.28),
                ('MR-middle-mAP', 48.59),
                ('MR-short-mAP', 10.48),
                ('HL-min-Fair-mAP', 77.24),
                ('HL-min-Fair-Hit1', 79.16),
                ('HL-min-Good-mAP', 66.02),
                ('HL-min-Good-Hit1', 77.23),
                ('HL-min-VeryGood-mAP', 40.38),
                ('HL-min-VeryGood-Hit1', 64.97)])
2026-08-28 20:43:57,429 INFO [Epoch 60]
2026-08-28 20:44:59,219 INFO Epoch[60] class_error 39.1800  class_error_0 49.4669  class_error_1 44.0946  class_error_2 40.3513  loss_giou 0.3357  loss_giou_0 0.4181  loss_giou_1 0.3590  loss_giou_2 0.3467  loss_iou_scores 0.0602  loss_iou_scores_0 0.0597  loss_iou_scores_1 0.0601  loss_iou_scores_2 0.0602  loss_label 0.1085  loss_label_0 0.1275  loss_label_1 0.1202  loss_label_2 0.1127  loss_mask_iou 0.0000  loss_mask_iou_0 1.8046  loss_mask_iou_1 1.7747  loss_mask_iou_2 1.7722  loss_overall 12.5448  loss_query_cgp_bind 0.1126  loss_query_cgp_route 0.0000  loss_saliency 2.9916  loss_span 0.2600  loss_span_0 0.3178  loss_span_1 0.2734  loss_span_2 0.2674
2026-08-28 20:44:59,225 INFO Generate submissions
2026-08-28 20:45:05,262 INFO Saving/Evaluating before nms results
2026-08-28 20:45:09,861 INFO metrics_no_nms OrderedDict([   ('MR-full-R1@0.5', 66.77),
                ('MR-full-R1@0.7', 52.13),
                ('MR-full-mAP', 47.1),
                ('MR-full-mAP@0.5', 67.4),
                ('MR-full-mAP@0.75', 48.93),
                ('MR-long-mAP', 55.03),
                ('MR-middle-mAP', 49.07),
                ('MR-short-mAP', 10.38),
                ('HL-min-Fair-mAP', 76.88),
                ('HL-min-Fair-Hit1', 78.84),
                ('HL-min-Good-mAP', 65.7),
                ('HL-min-Good-Hit1', 76.71),
                ('HL-min-VeryGood-mAP', 40.18),
                ('HL-min-VeryGood-Hit1', 64.06)])
2026-08-28 20:45:10,184 INFO [Epoch 61]
2026-08-28 20:46:12,103 INFO Epoch[61] class_error 37.6699  class_error_0 47.7370  class_error_1 42.2489  class_error_2 38.3451  loss_giou 0.3313  loss_giou_0 0.4103  loss_giou_1 0.3559  loss_giou_2 0.3423  loss_iou_scores 0.0603  loss_iou_scores_0 0.0604  loss_iou_scores_1 0.0598  loss_iou_scores_2 0.0608  loss_label 0.1054  loss_label_0 0.1243  loss_label_1 0.1167  loss_label_2 0.1092  loss_mask_iou 0.0000  loss_mask_iou_0 1.7717  loss_mask_iou_1 1.7421  loss_mask_iou_2 1.7433  loss_overall 12.4007  loss_query_cgp_bind 0.1095  loss_query_cgp_route 0.0000  loss_saliency 2.9814  loss_span 0.2599  loss_span_0 0.3171  loss_span_1 0.2736  loss_span_2 0.2667
2026-08-28 20:46:12,105 INFO Generate submissions
2026-08-28 20:46:18,271 INFO Saving/Evaluating before nms results
2026-08-28 20:46:22,254 INFO metrics_no_nms OrderedDict([   ('MR-full-R1@0.5', 67.48),
                ('MR-full-R1@0.7', 51.81),
                ('MR-full-mAP', 46.81),
                ('MR-full-mAP@0.5', 67.65),
                ('MR-full-mAP@0.75', 48.32),
                ('MR-long-mAP', 53.82),
                ('MR-middle-mAP', 49.08),
                ('MR-short-mAP', 10.79),
                ('HL-min-Fair-mAP', 77.33),
                ('HL-min-Fair-Hit1', 79.55),
                ('HL-min-Good-mAP', 66.35),
                ('HL-min-Good-Hit1', 77.87),
                ('HL-min-VeryGood-mAP', 40.68),
                ('HL-min-VeryGood-Hit1', 65.81)])
2026-08-28 20:46:22,611 INFO [Epoch 62]
2026-08-28 20:47:24,618 INFO Epoch[62] class_error 36.4041  class_error_0 47.5639  class_error_1 41.6041  class_error_2 37.2450  loss_giou 0.3272  loss_giou_0 0.4111  loss_giou_1 0.3525  loss_giou_2 0.3373  loss_iou_scores 0.0585  loss_iou_scores_0 0.0599  loss_iou_scores_1 0.0592  loss_iou_scores_2 0.0593  loss_label 0.1036  loss_label_0 0.1240  loss_label_1 0.1157  loss_label_2 0.1071  loss_mask_iou 0.0000  loss_mask_iou_0 1.7555  loss_mask_iou_1 1.7214  loss_mask_iou_2 1.7239  loss_overall 12.2839  loss_query_cgp_bind 0.1063  loss_query_cgp_route 0.0000  loss_saliency 2.9728  loss_span 0.2533  loss_span_0 0.3111  loss_span_1 0.2652  loss_span_2 0.2592
2026-08-28 20:47:24,621 INFO Generate submissions
2026-08-28 20:47:30,230 INFO Saving/Evaluating before nms results
2026-08-28 20:47:34,657 INFO metrics_no_nms OrderedDict([   ('MR-full-R1@0.5', 67.23),
                ('MR-full-R1@0.7', 52.19),
                ('MR-full-mAP', 46.8),
                ('MR-full-mAP@0.5', 67.5),
                ('MR-full-mAP@0.75', 49.0),
                ('MR-long-mAP', 50.31),
                ('MR-middle-mAP', 50.88),
                ('MR-short-mAP', 12.09),
                ('HL-min-Fair-mAP', 77.92),
                ('HL-min-Fair-Hit1', 80.06),
                ('HL-min-Good-mAP', 66.72),
                ('HL-min-Good-Hit1', 78.0),
                ('HL-min-VeryGood-mAP', 40.95),
                ('HL-min-VeryGood-Hit1', 65.29)])
2026-08-28 20:47:35,045 INFO [Epoch 63]
2026-08-28 20:48:36,797 INFO Epoch[63] class_error 36.6567  class_error_0 47.0495  class_error_1 41.8296  class_error_2 37.5031  loss_giou 0.3263  loss_giou_0 0.4102  loss_giou_1 0.3518  loss_giou_2 0.3395  loss_iou_scores 0.0585  loss_iou_scores_0 0.0587  loss_iou_scores_1 0.0586  loss_iou_scores_2 0.0590  loss_label 0.1048  loss_label_0 0.1231  loss_label_1 0.1163  loss_label_2 0.1082  loss_mask_iou 0.0000  loss_mask_iou_0 1.7758  loss_mask_iou_1 1.7315  loss_mask_iou_2 1.7325  loss_overall 12.3161  loss_query_cgp_bind 0.1053  loss_query_cgp_route 0.0000  loss_saliency 2.9681  loss_span 0.2528  loss_span_0 0.3106  loss_span_1 0.2671  loss_span_2 0.2609
2026-08-28 20:48:36,799 INFO Generate submissions
2026-08-28 20:48:42,196 INFO Saving/Evaluating before nms results
2026-08-28 20:48:46,123 INFO metrics_no_nms OrderedDict([   ('MR-full-R1@0.5', 67.03),
                ('MR-full-R1@0.7', 51.29),
                ('MR-full-mAP', 45.75),
                ('MR-full-mAP@0.5', 67.66),
                ('MR-full-mAP@0.75', 47.72),
                ('MR-long-mAP', 52.99),
                ('MR-middle-mAP', 47.55),
                ('MR-short-mAP', 11.24),
                ('HL-min-Fair-mAP', 77.36),
                ('HL-min-Fair-Hit1', 79.68),
                ('HL-min-Good-mAP', 66.45),
                ('HL-min-Good-Hit1', 77.81),
                ('HL-min-VeryGood-mAP', 40.54),
                ('HL-min-VeryGood-Hit1', 65.23)])
2026-08-28 20:48:46,449 INFO [Epoch 64]
2026-08-28 20:49:46,905 INFO Epoch[64] class_error 37.1144  class_error_0 46.4601  class_error_1 41.2267  class_error_2 37.5960  loss_giou 0.3290  loss_giou_0 0.4141  loss_giou_1 0.3548  loss_giou_2 0.3397  loss_iou_scores 0.0588  loss_iou_scores_0 0.0588  loss_iou_scores_1 0.0591  loss_iou_scores_2 0.0595  loss_label 0.1047  loss_label_0 0.1231  loss_label_1 0.1157  loss_label_2 0.1083  loss_mask_iou 0.0000  loss_mask_iou_0 1.7588  loss_mask_iou_1 1.7267  loss_mask_iou_2 1.7209  loss_overall 12.2961  loss_query_cgp_bind 0.1062  loss_query_cgp_route 0.0000  loss_saliency 2.9713  loss_span 0.2528  loss_span_0 0.3123  loss_span_1 0.2666  loss_span_2 0.2604
2026-08-28 20:49:46,907 INFO Generate submissions
2026-08-28 20:49:53,176 INFO Saving/Evaluating before nms results
2026-08-28 20:49:57,018 INFO metrics_no_nms OrderedDict([   ('MR-full-R1@0.5', 66.52),
                ('MR-full-R1@0.7', 51.87),
                ('MR-full-mAP', 46.84),
                ('MR-full-mAP@0.5', 66.87),
                ('MR-full-mAP@0.75', 48.24),
                ('MR-long-mAP', 53.01),
                ('MR-middle-mAP', 49.24),
                ('MR-short-mAP', 12.08),
                ('HL-min-Fair-mAP', 76.16),
                ('HL-min-Fair-Hit1', 75.81),
                ('HL-min-Good-mAP', 65.3),
                ('HL-min-Good-Hit1', 73.61),
                ('HL-min-VeryGood-mAP', 39.6),
                ('HL-min-VeryGood-Hit1', 62.06)])
2026-08-28 20:49:57,359 INFO [Epoch 65]
2026-08-28 20:50:57,017 INFO Epoch[65] class_error 36.0488  class_error_0 45.4541  class_error_1 40.2073  class_error_2 37.0672  loss_giou 0.3264  loss_giou_0 0.4089  loss_giou_1 0.3512  loss_giou_2 0.3379  loss_iou_scores 0.0569  loss_iou_scores_0 0.0579  loss_iou_scores_1 0.0577  loss_iou_scores_2 0.0575  loss_label 0.1025  loss_label_0 0.1212  loss_label_1 0.1124  loss_label_2 0.1055  loss_mask_iou 0.0000  loss_mask_iou_0 1.7556  loss_mask_iou_1 1.7314  loss_mask_iou_2 1.7268  loss_overall 12.2788  loss_query_cgp_bind 0.1073  loss_query_cgp_route 0.0000  loss_saliency 2.9783  loss_span 0.2546  loss_span_0 0.3084  loss_span_1 0.2663  loss_span_2 0.2612
2026-08-28 20:50:57,021 INFO Generate submissions
2026-08-28 20:51:02,546 INFO Saving/Evaluating before nms results
2026-08-28 20:51:07,032 INFO metrics_no_nms OrderedDict([   ('MR-full-R1@0.5', 67.16),
                ('MR-full-R1@0.7', 51.23),
                ('MR-full-mAP', 45.7),
                ('MR-full-mAP@0.5', 67.14),
                ('MR-full-mAP@0.75', 47.23),
                ('MR-long-mAP', 54.79),
                ('MR-middle-mAP', 47.21),
                ('MR-short-mAP', 9.54),
                ('HL-min-Fair-mAP', 76.91),
                ('HL-min-Fair-Hit1', 78.77),
                ('HL-min-Good-mAP', 66.04),
                ('HL-min-Good-Hit1', 76.77),
                ('HL-min-VeryGood-mAP', 40.61),
                ('HL-min-VeryGood-Hit1', 64.84)])
2026-08-28 20:51:07,421 INFO [Epoch 66]
2026-08-28 20:52:08,313 INFO Epoch[66] class_error 35.4837  class_error_0 46.4363  class_error_1 40.5845  class_error_2 37.2994  loss_giou 0.3246  loss_giou_0 0.4060  loss_giou_1 0.3477  loss_giou_2 0.3354  loss_iou_scores 0.0562  loss_iou_scores_0 0.0583  loss_iou_scores_1 0.0570  loss_iou_scores_2 0.0565  loss_label 0.1016  loss_label_0 0.1220  loss_label_1 0.1130  loss_label_2 0.1062  loss_mask_iou 0.0000  loss_mask_iou_0 1.7447  loss_mask_iou_1 1.7147  loss_mask_iou_2 1.7126  loss_overall 12.1995  loss_query_cgp_bind 0.1037  loss_query_cgp_route 0.0000  loss_saliency 2.9658  loss_span 0.2508  loss_span_0 0.3036  loss_span_1 0.2642  loss_span_2 0.2566
2026-08-28 20:52:08,316 INFO Generate submissions
2026-08-28 20:52:14,391 INFO Saving/Evaluating before nms results
2026-08-28 20:52:18,602 INFO metrics_no_nms OrderedDict([   ('MR-full-R1@0.5', 66.71),
                ('MR-full-R1@0.7', 52.0),
                ('MR-full-mAP', 46.21),
                ('MR-full-mAP@0.5', 67.15),
                ('MR-full-mAP@0.75', 47.97),
                ('MR-long-mAP', 52.89),
                ('MR-middle-mAP', 48.69),
                ('MR-short-mAP', 10.89),
                ('HL-min-Fair-mAP', 77.17),
                ('HL-min-Fair-Hit1', 78.0),
                ('HL-min-Good-mAP', 66.19),
                ('HL-min-Good-Hit1', 75.74),
                ('HL-min-VeryGood-mAP', 40.47),
                ('HL-min-VeryGood-Hit1', 64.52)])
2026-08-28 20:52:18,944 INFO [Epoch 67]
2026-08-28 20:53:18,194 INFO Epoch[67] class_error 35.8949  class_error_0 45.0313  class_error_1 39.6131  class_error_2 36.6554  loss_giou 0.3264  loss_giou_0 0.4077  loss_giou_1 0.3482  loss_giou_2 0.3374  loss_iou_scores 0.0581  loss_iou_scores_0 0.0595  loss_iou_scores_1 0.0587  loss_iou_scores_2 0.0575  loss_label 0.1022  loss_label_0 0.1205  loss_label_1 0.1125  loss_label_2 0.1048  loss_mask_iou 0.0000  loss_mask_iou_0 1.7421  loss_mask_iou_1 1.7101  loss_mask_iou_2 1.7076  loss_overall 12.2033  loss_query_cgp_bind 0.1057  loss_query_cgp_route 0.0000  loss_saliency 2.9659  loss_span 0.2527  loss_span_0 0.3056  loss_span_1 0.2659  loss_span_2 0.2603
2026-08-28 20:53:18,197 INFO Generate submissions
2026-08-28 20:53:24,391 INFO Saving/Evaluating before nms results
2026-08-28 20:53:28,649 INFO metrics_no_nms OrderedDict([   ('MR-full-R1@0.5', 67.16),
                ('MR-full-R1@0.7', 51.61),
                ('MR-full-mAP', 46.25),
                ('MR-full-mAP@0.5', 67.23),
                ('MR-full-mAP@0.75', 47.86),
                ('MR-long-mAP', 53.18),
                ('MR-middle-mAP', 48.26),
                ('MR-short-mAP', 10.62),
                ('HL-min-Fair-mAP', 76.99),
                ('HL-min-Fair-Hit1', 79.42),
                ('HL-min-Good-mAP', 66.11),
                ('HL-min-Good-Hit1', 77.94),
                ('HL-min-VeryGood-mAP', 40.6),
                ('HL-min-VeryGood-Hit1', 66.97)])
2026-08-28 20:53:28,968 INFO [Epoch 68]
2026-08-28 20:54:29,808 INFO Epoch[68] class_error 35.0243  class_error_0 44.6327  class_error_1 39.6046  class_error_2 35.9928  loss_giou 0.3253  loss_giou_0 0.4070  loss_giou_1 0.3502  loss_giou_2 0.3366  loss_iou_scores 0.0569  loss_iou_scores_0 0.0576  loss_iou_scores_1 0.0568  loss_iou_scores_2 0.0570  loss_label 0.0997  loss_label_0 0.1184  loss_label_1 0.1104  loss_label_2 0.1034  loss_mask_iou 0.0000  loss_mask_iou_0 1.7460  loss_mask_iou_1 1.7081  loss_mask_iou_2 1.7050  loss_overall 12.1776  loss_query_cgp_bind 0.1060  loss_query_cgp_route 0.0000  loss_saliency 2.9540  loss_span 0.2544  loss_span_0 0.3065  loss_span_1 0.2653  loss_span_2 0.2601
2026-08-28 20:54:29,811 INFO Generate submissions
2026-08-28 20:54:35,065 INFO Saving/Evaluating before nms results
2026-08-28 20:54:39,213 INFO metrics_no_nms OrderedDict([   ('MR-full-R1@0.5', 67.55),
                ('MR-full-R1@0.7', 50.13),
                ('MR-full-mAP', 43.94),
                ('MR-full-mAP@0.5', 66.98),
                ('MR-full-mAP@0.75', 45.74),
                ('MR-long-mAP', 49.27),
                ('MR-middle-mAP', 47.0),
                ('MR-short-mAP', 10.51),
                ('HL-min-Fair-mAP', 77.11),
                ('HL-min-Fair-Hit1', 80.0),
                ('HL-min-Good-mAP', 65.89),
                ('HL-min-Good-Hit1', 77.81),
                ('HL-min-VeryGood-mAP', 40.49),
                ('HL-min-VeryGood-Hit1', 66.39)])
2026-08-28 20:54:39,548 INFO [Epoch 69]
2026-08-28 20:55:39,387 INFO Epoch[69] class_error 35.5659  class_error_0 44.1289  class_error_1 39.7740  class_error_2 35.9940  loss_giou 0.3239  loss_giou_0 0.4058  loss_giou_1 0.3472  loss_giou_2 0.3362  loss_iou_scores 0.0573  loss_iou_scores_0 0.0577  loss_iou_scores_1 0.0571  loss_iou_scores_2 0.0578  loss_label 0.1010  loss_label_0 0.1181  loss_label_1 0.1116  loss_label_2 0.1044  loss_mask_iou 0.0000  loss_mask_iou_0 1.7468  loss_mask_iou_1 1.7129  loss_mask_iou_2 1.7078  loss_overall 12.1793  loss_query_cgp_bind 0.1069  loss_query_cgp_route 0.0000  loss_saliency 2.9647  loss_span 0.2487  loss_span_0 0.3030  loss_span_1 0.2622  loss_span_2 0.2549
2026-08-28 20:55:39,392 INFO Generate submissions
2026-08-28 20:55:44,789 INFO Saving/Evaluating before nms results
2026-08-28 20:55:48,422 INFO metrics_no_nms OrderedDict([   ('MR-full-R1@0.5', 66.77),
                ('MR-full-R1@0.7', 51.42),
                ('MR-full-mAP', 47.09),
                ('MR-full-mAP@0.5', 67.04),
                ('MR-full-mAP@0.75', 48.58),
                ('MR-long-mAP', 55.16),
                ('MR-middle-mAP', 49.04),
                ('MR-short-mAP', 9.72),
                ('HL-min-Fair-mAP', 76.5),
                ('HL-min-Fair-Hit1', 76.97),
                ('HL-min-Good-mAP', 65.47),
                ('HL-min-Good-Hit1', 74.97),
                ('HL-min-VeryGood-mAP', 40.04),
                ('HL-min-VeryGood-Hit1', 62.65)])
2026-08-28 20:55:48,733 INFO [Epoch 70]
2026-08-28 20:56:48,918 INFO Epoch[70] class_error 34.9729  class_error_0 43.3606  class_error_1 39.1462  class_error_2 36.1269  loss_giou 0.3193  loss_giou_0 0.4035  loss_giou_1 0.3439  loss_giou_2 0.3307  loss_iou_scores 0.0592  loss_iou_scores_0 0.0587  loss_iou_scores_1 0.0585  loss_iou_scores_2 0.0590  loss_label 0.1018  loss_label_0 0.1189  loss_label_1 0.1122  loss_label_2 0.1050  loss_mask_iou 0.0000  loss_mask_iou_0 1.7109  loss_mask_iou_1 1.6819  loss_mask_iou_2 1.6756  loss_overall 12.0458  loss_query_cgp_bind 0.1044  loss_query_cgp_route 0.0000  loss_saliency 2.9582  loss_span 0.2436  loss_span_0 0.3007  loss_span_1 0.2576  loss_span_2 0.2513
2026-08-28 20:56:48,922 INFO Generate submissions
2026-08-28 20:56:54,971 INFO Saving/Evaluating before nms results
2026-08-28 20:56:59,157 INFO metrics_no_nms OrderedDict([   ('MR-full-R1@0.5', 66.97),
                ('MR-full-R1@0.7', 51.94),
                ('MR-full-mAP', 47.36),
                ('MR-full-mAP@0.5', 67.23),
                ('MR-full-mAP@0.75', 48.53),
                ('MR-long-mAP', 53.8),
                ('MR-middle-mAP', 50.48),
                ('MR-short-mAP', 10.4),
                ('HL-min-Fair-mAP', 77.93),
                ('HL-min-Fair-Hit1', 79.68),
                ('HL-min-Good-mAP', 66.64),
                ('HL-min-Good-Hit1', 77.48),
                ('HL-min-VeryGood-mAP', 40.9),
                ('HL-min-VeryGood-Hit1', 65.61)])
2026-08-28 20:56:59,515 INFO [Epoch 71]
2026-08-28 20:57:59,865 INFO Epoch[71] class_error 35.0731  class_error_0 42.7217  class_error_1 38.4468  class_error_2 35.5220  loss_giou 0.3181  loss_giou_0 0.4023  loss_giou_1 0.3429  loss_giou_2 0.3304  loss_iou_scores 0.0571  loss_iou_scores_0 0.0584  loss_iou_scores_1 0.0580  loss_iou_scores_2 0.0570  loss_label 0.0998  loss_label_0 0.1175  loss_label_1 0.1089  loss_label_2 0.1026  loss_mask_iou 0.0000  loss_mask_iou_0 1.7122  loss_mask_iou_1 1.6778  loss_mask_iou_2 1.6752  loss_overall 12.0173  loss_query_cgp_bind 0.1017  loss_query_cgp_route 0.0000  loss_saliency 2.9576  loss_span 0.2432  loss_span_0 0.2986  loss_span_1 0.2582  loss_span_2 0.2504
2026-08-28 20:57:59,868 INFO Generate submissions
2026-08-28 20:58:05,186 INFO Saving/Evaluating before nms results
2026-08-28 20:58:09,826 INFO metrics_no_nms OrderedDict([   ('MR-full-R1@0.5', 67.55),
                ('MR-full-R1@0.7', 52.52),
                ('MR-full-mAP', 47.88),
                ('MR-full-mAP@0.5', 67.95),
                ('MR-full-mAP@0.75', 49.51),
                ('MR-long-mAP', 55.88),
                ('MR-middle-mAP', 49.98),
                ('MR-short-mAP', 10.13),
                ('HL-min-Fair-mAP', 75.99),
                ('HL-min-Fair-Hit1', 76.26),
                ('HL-min-Good-mAP', 64.91),
                ('HL-min-Good-Hit1', 74.13),
                ('HL-min-VeryGood-mAP', 39.71),
                ('HL-min-VeryGood-Hit1', 62.52)])
2026-08-28 20:58:10,195 INFO [Best] epoch 71, MR-full-mAP 47.8800
2026-08-28 20:58:10,517 INFO [Epoch 72]
2026-08-28 20:59:12,318 INFO Epoch[72] class_error 35.0297  class_error_0 42.4624  class_error_1 38.5882  class_error_2 35.8129  loss_giou 0.3163  loss_giou_0 0.4055  loss_giou_1 0.3444  loss_giou_2 0.3298  loss_iou_scores 0.0594  loss_iou_scores_0 0.0590  loss_iou_scores_1 0.0589  loss_iou_scores_2 0.0586  loss_label 0.1005  loss_label_0 0.1161  loss_label_1 0.1110  loss_label_2 0.1044  loss_mask_iou 0.0000  loss_mask_iou_0 1.7156  loss_mask_iou_1 1.6770  loss_mask_iou_2 1.6703  loss_overall 12.0417  loss_query_cgp_bind 0.1046  loss_query_cgp_route 0.0000  loss_saliency 2.9540  loss_span 0.2459  loss_span_0 0.3057  loss_span_1 0.2614  loss_span_2 0.2540
2026-08-28 20:59:12,321 INFO Generate submissions
2026-08-28 20:59:18,098 INFO Saving/Evaluating before nms results
2026-08-28 20:59:21,847 INFO metrics_no_nms OrderedDict([   ('MR-full-R1@0.5', 66.26),
                ('MR-full-R1@0.7', 50.32),
                ('MR-full-mAP', 46.27),
                ('MR-full-mAP@0.5', 66.75),
                ('MR-full-mAP@0.75', 47.39),
                ('MR-long-mAP', 50.89),
                ('MR-middle-mAP', 49.34),
                ('MR-short-mAP', 12.14),
                ('HL-min-Fair-mAP', 77.28),
                ('HL-min-Fair-Hit1', 79.03),
                ('HL-min-Good-mAP', 66.35),
                ('HL-min-Good-Hit1', 77.23),
                ('HL-min-VeryGood-mAP', 40.72),
                ('HL-min-VeryGood-Hit1', 65.16)])
2026-08-28 20:59:22,141 INFO [Epoch 73]
2026-08-28 21:00:23,411 INFO Epoch[73] class_error 34.8398  class_error_0 43.2718  class_error_1 38.2115  class_error_2 35.7614  loss_giou 0.3172  loss_giou_0 0.4040  loss_giou_1 0.3420  loss_giou_2 0.3295  loss_iou_scores 0.0583  loss_iou_scores_0 0.0593  loss_iou_scores_1 0.0584  loss_iou_scores_2 0.0587  loss_label 0.1000  loss_label_0 0.1168  loss_label_1 0.1106  loss_label_2 0.1037  loss_mask_iou 0.0000  loss_mask_iou_0 1.7048  loss_mask_iou_1 1.6633  loss_mask_iou_2 1.6552  loss_overall 12.0001  loss_query_cgp_bind 0.1028  loss_query_cgp_route 0.0000  loss_saliency 2.9624  loss_span 0.2457  loss_span_0 0.3052  loss_span_1 0.2596  loss_span_2 0.2521
2026-08-28 21:00:23,414 INFO Generate submissions
2026-08-28 21:00:29,175 INFO Saving/Evaluating before nms results
2026-08-28 21:00:33,320 INFO metrics_no_nms OrderedDict([   ('MR-full-R1@0.5', 66.97),
                ('MR-full-R1@0.7', 52.06),
                ('MR-full-mAP', 46.65),
                ('MR-full-mAP@0.5', 67.34),
                ('MR-full-mAP@0.75', 48.18),
                ('MR-long-mAP', 51.61),
                ('MR-middle-mAP', 49.47),
                ('MR-short-mAP', 12.29),
                ('HL-min-Fair-mAP', 77.1),
                ('HL-min-Fair-Hit1', 77.94),
                ('HL-min-Good-mAP', 66.33),
                ('HL-min-Good-Hit1', 75.74),
                ('HL-min-VeryGood-mAP', 40.71),
                ('HL-min-VeryGood-Hit1', 64.97)])
2026-08-28 21:00:33,663 INFO [Epoch 74]
2026-08-28 21:01:34,172 INFO Epoch[74] class_error 34.9645  class_error_0 41.5988  class_error_1 38.1261  class_error_2 35.9035  loss_giou 0.3152  loss_giou_0 0.4081  loss_giou_1 0.3426  loss_giou_2 0.3272  loss_iou_scores 0.0571  loss_iou_scores_0 0.0600  loss_iou_scores_1 0.0581  loss_iou_scores_2 0.0580  loss_label 0.0993  loss_label_0 0.1140  loss_label_1 0.1085  loss_label_2 0.1026  loss_mask_iou 0.0000  loss_mask_iou_0 1.7011  loss_mask_iou_1 1.6557  loss_mask_iou_2 1.6507  loss_overall 11.9431  loss_query_cgp_bind 0.1024  loss_query_cgp_route 0.0000  loss_saliency 2.9544  loss_span 0.2384  loss_span_0 0.3011  loss_span_1 0.2550  loss_span_2 0.2457
2026-08-28 21:01:34,175 INFO Generate submissions
2026-08-28 21:01:39,827 INFO Saving/Evaluating before nms results
2026-08-28 21:01:44,075 INFO metrics_no_nms OrderedDict([   ('MR-full-R1@0.5', 68.0),
                ('MR-full-R1@0.7', 53.16),
                ('MR-full-mAP', 47.32),
                ('MR-full-mAP@0.5', 67.83),
                ('MR-full-mAP@0.75', 48.63),
                ('MR-long-mAP', 51.49),
                ('MR-middle-mAP', 50.79),
                ('MR-short-mAP', 12.34),
                ('HL-min-Fair-mAP', 77.32),
                ('HL-min-Fair-Hit1', 79.1),
                ('HL-min-Good-mAP', 66.26),
                ('HL-min-Good-Hit1', 76.45),
                ('HL-min-VeryGood-mAP', 40.71),
                ('HL-min-VeryGood-Hit1', 65.16)])
2026-08-28 21:01:44,396 INFO [Epoch 75]
2026-08-28 21:02:44,998 INFO Epoch[75] class_error 33.6242  class_error_0 41.4654  class_error_1 36.6899  class_error_2 35.0046  loss_giou 0.3153  loss_giou_0 0.4034  loss_giou_1 0.3439  loss_giou_2 0.3284  loss_iou_scores 0.0576  loss_iou_scores_0 0.0601  loss_iou_scores_1 0.0582  loss_iou_scores_2 0.0579  loss_label 0.0986  loss_label_0 0.1157  loss_label_1 0.1078  loss_label_2 0.1014  loss_mask_iou 0.0000  loss_mask_iou_0 1.7027  loss_mask_iou_1 1.6648  loss_mask_iou_2 1.6640  loss_overall 11.9777  loss_query_cgp_bind 0.1034  loss_query_cgp_route 0.0000  loss_saliency 2.9603  loss_span 0.2431  loss_span_0 0.2994  loss_span_1 0.2568  loss_span_2 0.2493
2026-08-28 21:02:45,001 INFO Generate submissions
2026-08-28 21:02:50,729 INFO Saving/Evaluating before nms results
2026-08-28 21:02:55,075 INFO metrics_no_nms OrderedDict([   ('MR-full-R1@0.5', 66.65),
                ('MR-full-R1@0.7', 51.03),
                ('MR-full-mAP', 45.89),
                ('MR-full-mAP@0.5', 67.08),
                ('MR-full-mAP@0.75', 47.07),
                ('MR-long-mAP', 50.92),
                ('MR-middle-mAP', 48.66),
                ('MR-short-mAP', 11.72),
                ('HL-min-Fair-mAP', 76.94),
                ('HL-min-Fair-Hit1', 77.94),
                ('HL-min-Good-mAP', 65.85),
                ('HL-min-Good-Hit1', 75.55),
                ('HL-min-VeryGood-mAP', 40.41),
                ('HL-min-VeryGood-Hit1', 65.03)])
2026-08-28 21:02:55,400 INFO [Epoch 76]
2026-08-28 21:03:55,195 INFO Epoch[76] class_error 33.8577  class_error_0 41.1936  class_error_1 36.5998  class_error_2 34.7457  loss_giou 0.3173  loss_giou_0 0.4054  loss_giou_1 0.3436  loss_giou_2 0.3294  loss_iou_scores 0.0565  loss_iou_scores_0 0.0577  loss_iou_scores_1 0.0562  loss_iou_scores_2 0.0566  loss_label 0.0980  loss_label_0 0.1122  loss_label_1 0.1057  loss_label_2 0.1008  loss_mask_iou 0.0000  loss_mask_iou_0 1.7061  loss_mask_iou_1 1.6705  loss_mask_iou_2 1.6642  loss_overall 11.9635  loss_query_cgp_bind 0.1021  loss_query_cgp_route 0.0000  loss_saliency 2.9414  loss_span 0.2423  loss_span_0 0.3019  loss_span_1 0.2577  loss_span_2 0.2498
2026-08-28 21:03:55,198 INFO Generate submissions
2026-08-28 21:04:00,581 INFO Saving/Evaluating before nms results
2026-08-28 21:04:04,776 INFO metrics_no_nms OrderedDict([   ('MR-full-R1@0.5', 67.48),
                ('MR-full-R1@0.7', 52.58),
                ('MR-full-mAP', 47.16),
                ('MR-full-mAP@0.5', 67.38),
                ('MR-full-mAP@0.75', 48.28),
                ('MR-long-mAP', 52.86),
                ('MR-middle-mAP', 50.15),
                ('MR-short-mAP', 11.71),
                ('HL-min-Fair-mAP', 76.91),
                ('HL-min-Fair-Hit1', 79.35),
                ('HL-min-Good-mAP', 65.62),
                ('HL-min-Good-Hit1', 77.1),
                ('HL-min-VeryGood-mAP', 40.31),
                ('HL-min-VeryGood-Hit1', 64.32)])
2026-08-28 21:04:05,103 INFO [Epoch 77]
2026-08-28 21:05:06,043 INFO Epoch[77] class_error 34.1967  class_error_0 40.2647  class_error_1 37.0139  class_error_2 34.6567  loss_giou 0.3167  loss_giou_0 0.4015  loss_giou_1 0.3453  loss_giou_2 0.3291  loss_iou_scores 0.0576  loss_iou_scores_0 0.0579  loss_iou_scores_1 0.0586  loss_iou_scores_2 0.0581  loss_label 0.0982  loss_label_0 0.1122  loss_label_1 0.1073  loss_label_2 0.1017  loss_mask_iou 0.0000  loss_mask_iou_0 1.6958  loss_mask_iou_1 1.6676  loss_mask_iou_2 1.6642  loss_overall 11.9549  loss_query_cgp_bind 0.1030  loss_query_cgp_route 0.0000  loss_saliency 2.9476  loss_span 0.2409  loss_span_0 0.2985  loss_span_1 0.2567  loss_span_2 0.2488
2026-08-28 21:05:06,045 INFO Generate submissions
2026-08-28 21:05:11,581 INFO Saving/Evaluating before nms results
2026-08-28 21:05:15,734 INFO metrics_no_nms OrderedDict([   ('MR-full-R1@0.5', 67.23),
                ('MR-full-R1@0.7', 51.87),
                ('MR-full-mAP', 46.8),
                ('MR-full-mAP@0.5', 67.08),
                ('MR-full-mAP@0.75', 47.98),
                ('MR-long-mAP', 52.25),
                ('MR-middle-mAP', 49.99),
                ('MR-short-mAP', 11.13),
                ('HL-min-Fair-mAP', 77.59),
                ('HL-min-Fair-Hit1', 79.81),
                ('HL-min-Good-mAP', 66.51),
                ('HL-min-Good-Hit1', 77.55),
                ('HL-min-VeryGood-mAP', 40.99),
                ('HL-min-VeryGood-Hit1', 65.35)])
2026-08-28 21:05:16,129 INFO [Epoch 78]
2026-08-28 21:06:17,971 INFO Epoch[78] class_error 34.2527  class_error_0 39.7362  class_error_1 37.4745  class_error_2 35.1983  loss_giou 0.3112  loss_giou_0 0.4036  loss_giou_1 0.3390  loss_giou_2 0.3241  loss_iou_scores 0.0578  loss_iou_scores_0 0.0581  loss_iou_scores_1 0.0585  loss_iou_scores_2 0.0591  loss_label 0.0987  loss_label_0 0.1135  loss_label_1 0.1076  loss_label_2 0.1021  loss_mask_iou 0.0000  loss_mask_iou_0 1.6707  loss_mask_iou_1 1.6391  loss_mask_iou_2 1.6327  loss_overall 11.8509  loss_query_cgp_bind 0.1000  loss_query_cgp_route 0.0000  loss_saliency 2.9495  loss_span 0.2385  loss_span_0 0.3024  loss_span_1 0.2542  loss_span_2 0.2453
2026-08-28 21:06:17,977 INFO Generate submissions
2026-08-28 21:06:24,217 INFO Saving/Evaluating before nms results
2026-08-28 21:06:28,607 INFO metrics_no_nms OrderedDict([   ('MR-full-R1@0.5', 67.48),
                ('MR-full-R1@0.7', 51.94),
                ('MR-full-mAP', 47.47),
                ('MR-full-mAP@0.5', 67.52),
                ('MR-full-mAP@0.75', 49.07),
                ('MR-long-mAP', 54.13),
                ('MR-middle-mAP', 49.96),
                ('MR-short-mAP', 10.5),
                ('HL-min-Fair-mAP', 76.72),
                ('HL-min-Fair-Hit1', 77.87),
                ('HL-min-Good-mAP', 65.76),
                ('HL-min-Good-Hit1', 75.48),
                ('HL-min-VeryGood-mAP', 40.43),
                ('HL-min-VeryGood-Hit1', 64.39)])
2026-08-28 21:06:28,881 INFO [Epoch 79]
2026-08-28 21:07:28,710 INFO Epoch[79] class_error 33.4991  class_error_0 40.7223  class_error_1 36.8742  class_error_2 34.4530  loss_giou 0.3142  loss_giou_0 0.4010  loss_giou_1 0.3411  loss_giou_2 0.3281  loss_iou_scores 0.0561  loss_iou_scores_0 0.0574  loss_iou_scores_1 0.0569  loss_iou_scores_2 0.0564  loss_label 0.0970  loss_label_0 0.1125  loss_label_1 0.1069  loss_label_2 0.1002  loss_mask_iou 0.0000  loss_mask_iou_0 1.6879  loss_mask_iou_1 1.6544  loss_mask_iou_2 1.6457  loss_overall 11.8912  loss_query_cgp_bind 0.1011  loss_query_cgp_route 0.0000  loss_saliency 2.9469  loss_span 0.2415  loss_span_0 0.2983  loss_span_1 0.2555  loss_span_2 0.2504
2026-08-28 21:07:28,713 INFO Generate submissions
2026-08-28 21:07:35,236 INFO Saving/Evaluating before nms results
2026-08-28 21:07:39,597 INFO metrics_no_nms OrderedDict([   ('MR-full-R1@0.5', 67.94),
                ('MR-full-R1@0.7', 51.94),
                ('MR-full-mAP', 47.35),
                ('MR-full-mAP@0.5', 68.14),
                ('MR-full-mAP@0.75', 48.48),
                ('MR-long-mAP', 55.58),
                ('MR-middle-mAP', 48.99),
                ('MR-short-mAP', 10.14),
                ('HL-min-Fair-mAP', 77.96),
                ('HL-min-Fair-Hit1', 78.9),
                ('HL-min-Good-mAP', 66.75),
                ('HL-min-Good-Hit1', 76.9),
                ('HL-min-VeryGood-mAP', 41.04),
                ('HL-min-VeryGood-Hit1', 65.23)])
2026-08-28 21:07:39,897 INFO [Epoch 80]
2026-08-28 21:08:41,125 INFO Epoch[80] class_error 32.3601  class_error_0 38.8642  class_error_1 35.1351  class_error_2 33.3667  loss_giou 0.3126  loss_giou_0 0.3999  loss_giou_1 0.3416  loss_giou_2 0.3261  loss_iou_scores 0.0551  loss_iou_scores_0 0.0578  loss_iou_scores_1 0.0558  loss_iou_scores_2 0.0559  loss_label 0.0951  loss_label_0 0.1107  loss_label_1 0.1041  loss_label_2 0.0985  loss_mask_iou 0.0000  loss_mask_iou_0 1.6849  loss_mask_iou_1 1.6542  loss_mask_iou_2 1.6394  loss_overall 11.8582  loss_query_cgp_bind 0.1011  loss_query_cgp_route 0.0000  loss_saliency 2.9399  loss_span 0.2412  loss_span_0 0.2994  loss_span_1 0.2550  loss_span_2 0.2482
2026-08-28 21:08:41,131 INFO Generate submissions
2026-08-28 21:08:47,221 INFO Saving/Evaluating before nms results
2026-08-28 21:08:51,627 INFO metrics_no_nms OrderedDict([   ('MR-full-R1@0.5', 67.48),
                ('MR-full-R1@0.7', 52.13),
                ('MR-full-mAP', 47.25),
                ('MR-full-mAP@0.5', 67.93),
                ('MR-full-mAP@0.75', 48.27),
                ('MR-long-mAP', 53.57),
                ('MR-middle-mAP', 49.13),
                ('MR-short-mAP', 12.18),
                ('HL-min-Fair-mAP', 77.58),
                ('HL-min-Fair-Hit1', 80.32),
                ('HL-min-Good-mAP', 66.55),
                ('HL-min-Good-Hit1', 78.19),
                ('HL-min-VeryGood-mAP', 41.03),
                ('HL-min-VeryGood-Hit1', 65.68)])
2026-08-28 21:08:51,934 INFO [Epoch 81]
2026-08-28 21:09:53,843 INFO Epoch[81] class_error 32.3690  class_error_0 40.8567  class_error_1 36.2054  class_error_2 33.5577  loss_giou 0.3081  loss_giou_0 0.3906  loss_giou_1 0.3369  loss_giou_2 0.3216  loss_iou_scores 0.0563  loss_iou_scores_0 0.0569  loss_iou_scores_1 0.0558  loss_iou_scores_2 0.0560  loss_label 0.0960  loss_label_0 0.1125  loss_label_1 0.1053  loss_label_2 0.0996  loss_mask_iou 0.0000  loss_mask_iou_0 1.6566  loss_mask_iou_1 1.6255  loss_mask_iou_2 1.6237  loss_overall 11.7444  loss_query_cgp_bind 0.0973  loss_query_cgp_route 0.0000  loss_saliency 2.9448  loss_span 0.2354  loss_span_0 0.2891  loss_span_1 0.2501  loss_span_2 0.2417
2026-08-28 21:09:53,846 INFO Generate submissions
2026-08-28 21:09:59,149 INFO Saving/Evaluating before nms results
2026-08-28 21:10:03,419 INFO metrics_no_nms OrderedDict([   ('MR-full-R1@0.5', 68.32),
                ('MR-full-R1@0.7', 53.16),
                ('MR-full-mAP', 47.33),
                ('MR-full-mAP@0.5', 67.92),
                ('MR-full-mAP@0.75', 49.04),
                ('MR-long-mAP', 53.49),
                ('MR-middle-mAP', 49.81),
                ('MR-short-mAP', 11.43),
                ('HL-min-Fair-mAP', 77.66),
                ('HL-min-Fair-Hit1', 79.94),
                ('HL-min-Good-mAP', 66.7),
                ('HL-min-Good-Hit1', 78.19),
                ('HL-min-VeryGood-mAP', 40.96),
                ('HL-min-VeryGood-Hit1', 66.58)])
2026-08-28 21:10:03,753 INFO [Epoch 82]
2026-08-28 21:11:03,790 INFO Epoch[82] class_error 32.8264  class_error_0 40.5080  class_error_1 36.2391  class_error_2 33.7178  loss_giou 0.3098  loss_giou_0 0.3976  loss_giou_1 0.3364  loss_giou_2 0.3225  loss_iou_scores 0.0559  loss_iou_scores_0 0.0573  loss_iou_scores_1 0.0570  loss_iou_scores_2 0.0571  loss_label 0.0961  loss_label_0 0.1114  loss_label_1 0.1053  loss_label_2 0.0996  loss_mask_iou 0.0000  loss_mask_iou_0 1.6566  loss_mask_iou_1 1.6233  loss_mask_iou_2 1.6241  loss_overall 11.7588  loss_query_cgp_bind 0.0999  loss_query_cgp_route 0.0000  loss_saliency 2.9489  loss_span 0.2356  loss_span_0 0.2917  loss_span_1 0.2497  loss_span_2 0.2420
2026-08-28 21:11:03,793 INFO Generate submissions
2026-08-28 21:11:09,854 INFO Saving/Evaluating before nms results
2026-08-28 21:11:13,669 INFO metrics_no_nms OrderedDict([   ('MR-full-R1@0.5', 66.52),
                ('MR-full-R1@0.7', 51.1),
                ('MR-full-mAP', 46.46),
                ('MR-full-mAP@0.5', 67.5),
                ('MR-full-mAP@0.75', 47.54),
                ('MR-long-mAP', 53.84),
                ('MR-middle-mAP', 48.03),
                ('MR-short-mAP', 10.89),
                ('HL-min-Fair-mAP', 76.73),
                ('HL-min-Fair-Hit1', 77.87),
                ('HL-min-Good-mAP', 65.78),
                ('HL-min-Good-Hit1', 75.55),
                ('HL-min-VeryGood-mAP', 40.46),
                ('HL-min-VeryGood-Hit1', 63.87)])
2026-08-28 21:11:14,016 INFO [Epoch 83]
2026-08-28 21:12:14,147 INFO Epoch[83] class_error 32.2601  class_error_0 39.2900  class_error_1 35.3620  class_error_2 33.7192  loss_giou 0.3110  loss_giou_0 0.3990  loss_giou_1 0.3408  loss_giou_2 0.3244  loss_iou_scores 0.0551  loss_iou_scores_0 0.0571  loss_iou_scores_1 0.0558  loss_iou_scores_2 0.0558  loss_label 0.0955  loss_label_0 0.1098  loss_label_1 0.1035  loss_label_2 0.0990  loss_mask_iou 0.0000  loss_mask_iou_0 1.6858  loss_mask_iou_1 1.6464  loss_mask_iou_2 1.6335  loss_overall 11.8379  loss_query_cgp_bind 0.0998  loss_query_cgp_route 0.0000  loss_saliency 2.9465  loss_span 0.2384  loss_span_0 0.2967  loss_span_1 0.2550  loss_span_2 0.2451
2026-08-28 21:12:14,150 INFO Generate submissions
2026-08-28 21:12:19,666 INFO Saving/Evaluating before nms results
2026-08-28 21:12:23,946 INFO metrics_no_nms OrderedDict([   ('MR-full-R1@0.5', 65.68),
                ('MR-full-R1@0.7', 51.81),
                ('MR-full-mAP', 47.21),
                ('MR-full-mAP@0.5', 67.24),
                ('MR-full-mAP@0.75', 48.03),
                ('MR-long-mAP', 54.6),
                ('MR-middle-mAP', 48.64),
                ('MR-short-mAP', 11.76),
                ('HL-min-Fair-mAP', 76.83),
                ('HL-min-Fair-Hit1', 78.45),
                ('HL-min-Good-mAP', 65.84),
                ('HL-min-Good-Hit1', 76.71),
                ('HL-min-VeryGood-mAP', 40.6),
                ('HL-min-VeryGood-Hit1', 64.77)])
2026-08-28 21:12:24,280 INFO [Epoch 84]
2026-08-28 21:13:25,441 INFO Epoch[84] class_error 32.1923  class_error_0 38.1810  class_error_1 35.0132  class_error_2 32.8586  loss_giou 0.3091  loss_giou_0 0.4005  loss_giou_1 0.3368  loss_giou_2 0.3207  loss_iou_scores 0.0557  loss_iou_scores_0 0.0576  loss_iou_scores_1 0.0560  loss_iou_scores_2 0.0568  loss_label 0.0944  loss_label_0 0.1087  loss_label_1 0.1030  loss_label_2 0.0975  loss_mask_iou 0.0000  loss_mask_iou_0 1.6762  loss_mask_iou_1 1.6358  loss_mask_iou_2 1.6246  loss_overall 11.7890  loss_query_cgp_bind 0.0974  loss_query_cgp_route 0.0000  loss_saliency 2.9464  loss_span 0.2354  loss_span_0 0.2971  loss_span_1 0.2517  loss_span_2 0.2427
2026-08-28 21:13:25,445 INFO Generate submissions
2026-08-28 21:13:30,836 INFO Saving/Evaluating before nms results
2026-08-28 21:13:35,177 INFO metrics_no_nms OrderedDict([   ('MR-full-R1@0.5', 65.74),
                ('MR-full-R1@0.7', 51.16),
                ('MR-full-mAP', 46.35),
                ('MR-full-mAP@0.5', 66.96),
                ('MR-full-mAP@0.75', 47.49),
                ('MR-long-mAP', 50.74),
                ('MR-middle-mAP', 49.91),
                ('MR-short-mAP', 11.66),
                ('HL-min-Fair-mAP', 77.1),
                ('HL-min-Fair-Hit1', 78.06),
                ('HL-min-Good-mAP', 65.76),
                ('HL-min-Good-Hit1', 75.55),
                ('HL-min-VeryGood-mAP', 40.35),
                ('HL-min-VeryGood-Hit1', 63.1)])
2026-08-28 21:13:35,516 INFO [Epoch 85]
2026-08-28 21:14:34,613 INFO Epoch[85] class_error 33.2706  class_error_0 39.1885  class_error_1 36.1447  class_error_2 34.7867  loss_giou 0.3096  loss_giou_0 0.3956  loss_giou_1 0.3342  loss_giou_2 0.3210  loss_iou_scores 0.0571  loss_iou_scores_0 0.0572  loss_iou_scores_1 0.0571  loss_iou_scores_2 0.0584  loss_label 0.0964  loss_label_0 0.1095  loss_label_1 0.1049  loss_label_2 0.1002  loss_mask_iou 0.0000  loss_mask_iou_0 1.6537  loss_mask_iou_1 1.6099  loss_mask_iou_2 1.6052  loss_overall 11.7052  loss_query_cgp_bind 0.1000  loss_query_cgp_route 0.0000  loss_saliency 2.9400  loss_span 0.2333  loss_span_0 0.2927  loss_span_1 0.2477  loss_span_2 0.2395
2026-08-28 21:14:34,615 INFO Generate submissions
2026-08-28 21:14:40,846 INFO Saving/Evaluating before nms results
2026-08-28 21:14:44,826 INFO metrics_no_nms OrderedDict([   ('MR-full-R1@0.5', 66.39),
                ('MR-full-R1@0.7', 51.23),
                ('MR-full-mAP', 47.42),
                ('MR-full-mAP@0.5', 67.42),
                ('MR-full-mAP@0.75', 48.63),
                ('MR-long-mAP', 54.06),
                ('MR-middle-mAP', 49.76),
                ('MR-short-mAP', 10.59),
                ('HL-min-Fair-mAP', 77.18),
                ('HL-min-Fair-Hit1', 80.26),
                ('HL-min-Good-mAP', 65.97),
                ('HL-min-Good-Hit1', 77.68),
                ('HL-min-VeryGood-mAP', 40.37),
                ('HL-min-VeryGood-Hit1', 65.48)])
2026-08-28 21:14:45,087 INFO [Epoch 86]
2026-08-28 21:15:44,897 INFO Epoch[86] class_error 32.2673  class_error_0 37.8139  class_error_1 35.1714  class_error_2 32.8386  loss_giou 0.3079  loss_giou_0 0.3939  loss_giou_1 0.3369  loss_giou_2 0.3207  loss_iou_scores 0.0570  loss_iou_scores_0 0.0570  loss_iou_scores_1 0.0579  loss_iou_scores_2 0.0586  loss_label 0.0957  loss_label_0 0.1083  loss_label_1 0.1034  loss_label_2 0.0987  loss_mask_iou 0.0000  loss_mask_iou_0 1.6639  loss_mask_iou_1 1.6238  loss_mask_iou_2 1.6160  loss_overall 11.7350  loss_query_cgp_bind 0.0999  loss_query_cgp_route 0.0000  loss_saliency 2.9475  loss_span 0.2301  loss_span_0 0.2899  loss_span_1 0.2471  loss_span_2 0.2383
2026-08-28 21:15:44,899 INFO Generate submissions
2026-08-28 21:15:50,110 INFO Saving/Evaluating before nms results
2026-08-28 21:15:54,272 INFO metrics_no_nms OrderedDict([   ('MR-full-R1@0.5', 66.45),
                ('MR-full-R1@0.7', 51.35),
                ('MR-full-mAP', 47.08),
                ('MR-full-mAP@0.5', 67.4),
                ('MR-full-mAP@0.75', 47.69),
                ('MR-long-mAP', 54.18),
                ('MR-middle-mAP', 49.82),
                ('MR-short-mAP', 10.66),
                ('HL-min-Fair-mAP', 77.09),
                ('HL-min-Fair-Hit1', 78.9),
                ('HL-min-Good-mAP', 66.19),
                ('HL-min-Good-Hit1', 76.52),
                ('HL-min-VeryGood-mAP', 40.84),
                ('HL-min-VeryGood-Hit1', 64.97)])
2026-08-28 21:15:54,581 INFO [Epoch 87]
2026-08-28 21:16:54,224 INFO Epoch[87] class_error 32.2676  class_error_0 37.9556  class_error_1 35.8209  class_error_2 33.0425  loss_giou 0.3056  loss_giou_0 0.3903  loss_giou_1 0.3316  loss_giou_2 0.3176  loss_iou_scores 0.0569  loss_iou_scores_0 0.0565  loss_iou_scores_1 0.0565  loss_iou_scores_2 0.0575  loss_label 0.0951  loss_label_0 0.1079  loss_label_1 0.1031  loss_label_2 0.0981  loss_mask_iou 0.0000  loss_mask_iou_0 1.6386  loss_mask_iou_1 1.5943  loss_mask_iou_2 1.5848  loss_overall 11.6122  loss_query_cgp_bind 0.0966  loss_query_cgp_route 0.0000  loss_saliency 2.9379  loss_span 0.2298  loss_span_0 0.2878  loss_span_1 0.2440  loss_span_2 0.2363
2026-08-28 21:16:54,227 INFO Generate submissions
2026-08-28 21:17:00,172 INFO Saving/Evaluating before nms results
2026-08-28 21:17:04,268 INFO metrics_no_nms OrderedDict([   ('MR-full-R1@0.5', 66.9),
                ('MR-full-R1@0.7', 52.06),
                ('MR-full-mAP', 47.18),
                ('MR-full-mAP@0.5', 67.73),
                ('MR-full-mAP@0.75', 48.27),
                ('MR-long-mAP', 52.82),
                ('MR-middle-mAP', 49.7),
                ('MR-short-mAP', 11.84),
                ('HL-min-Fair-mAP', 76.87),
                ('HL-min-Fair-Hit1', 78.9),
                ('HL-min-Good-mAP', 65.87),
                ('HL-min-Good-Hit1', 76.58),
                ('HL-min-VeryGood-mAP', 40.35),
                ('HL-min-VeryGood-Hit1', 64.45)])
2026-08-28 21:17:04,591 INFO [Epoch 88]
2026-08-28 21:18:03,523 INFO Epoch[88] class_error 32.3951  class_error_0 38.0876  class_error_1 35.3054  class_error_2 33.8993  loss_giou 0.3044  loss_giou_0 0.3909  loss_giou_1 0.3304  loss_giou_2 0.3157  loss_iou_scores 0.0555  loss_iou_scores_0 0.0561  loss_iou_scores_1 0.0557  loss_iou_scores_2 0.0568  loss_label 0.0950  loss_label_0 0.1085  loss_label_1 0.1033  loss_label_2 0.0989  loss_mask_iou 0.0000  loss_mask_iou_0 1.6533  loss_mask_iou_1 1.6071  loss_mask_iou_2 1.5985  loss_overall 11.6305  loss_query_cgp_bind 0.0958  loss_query_cgp_route 0.0000  loss_saliency 2.9385  loss_span 0.2278  loss_span_0 0.2867  loss_span_1 0.2414  loss_span_2 0.2334
2026-08-28 21:18:03,526 INFO Generate submissions
2026-08-28 21:18:09,594 INFO Saving/Evaluating before nms results
2026-08-28 21:18:13,586 INFO metrics_no_nms OrderedDict([   ('MR-full-R1@0.5', 66.52),
                ('MR-full-R1@0.7', 51.87),
                ('MR-full-mAP', 46.81),
                ('MR-full-mAP@0.5', 67.12),
                ('MR-full-mAP@0.75', 47.79),
                ('MR-long-mAP', 52.56),
                ('MR-middle-mAP', 49.4),
                ('MR-short-mAP', 11.51),
                ('HL-min-Fair-mAP', 76.68),
                ('HL-min-Fair-Hit1', 78.26),
                ('HL-min-Good-mAP', 65.63),
                ('HL-min-Good-Hit1', 76.19),
                ('HL-min-VeryGood-mAP', 40.07),
                ('HL-min-VeryGood-Hit1', 63.48)])
2026-08-28 21:18:13,894 INFO [Epoch 89]
2026-08-28 21:19:13,596 INFO Epoch[89] class_error 31.5408  class_error_0 39.0166  class_error_1 35.7086  class_error_2 32.4687  loss_giou 0.3002  loss_giou_0 0.3904  loss_giou_1 0.3260  loss_giou_2 0.3108  loss_iou_scores 0.0548  loss_iou_scores_0 0.0561  loss_iou_scores_1 0.0555  loss_iou_scores_2 0.0567  loss_label 0.0939  loss_label_0 0.1088  loss_label_1 0.1036  loss_label_2 0.0982  loss_mask_iou 0.0000  loss_mask_iou_0 1.6136  loss_mask_iou_1 1.5758  loss_mask_iou_2 1.5691  loss_overall 11.4950  loss_query_cgp_bind 0.0940  loss_query_cgp_route 0.0000  loss_saliency 2.9357  loss_span 0.2225  loss_span_0 0.2840  loss_span_1 0.2363  loss_span_2 0.2286
2026-08-28 21:19:13,599 INFO Generate submissions
2026-08-28 21:19:19,282 INFO Saving/Evaluating before nms results
2026-08-28 21:19:23,460 INFO metrics_no_nms OrderedDict([   ('MR-full-R1@0.5', 66.9),
                ('MR-full-R1@0.7', 53.1),
                ('MR-full-mAP', 47.78),
                ('MR-full-mAP@0.5', 67.68),
                ('MR-full-mAP@0.75', 48.75),
                ('MR-long-mAP', 53.92),
                ('MR-middle-mAP', 50.34),
                ('MR-short-mAP', 11.99),
                ('HL-min-Fair-mAP', 76.94),
                ('HL-min-Fair-Hit1', 78.58),
                ('HL-min-Good-mAP', 65.87),
                ('HL-min-Good-Hit1', 76.58),
                ('HL-min-VeryGood-mAP', 40.36),
                ('HL-min-VeryGood-Hit1', 64.19)])
2026-08-28 21:19:23,750 INFO [Epoch 90]
2026-08-28 21:20:24,660 INFO Epoch[90] class_error 30.6306  class_error_0 37.3123  class_error_1 33.4484  class_error_2 31.6986  loss_giou 0.3061  loss_giou_0 0.3907  loss_giou_1 0.3325  loss_giou_2 0.3197  loss_iou_scores 0.0546  loss_iou_scores_0 0.0553  loss_iou_scores_1 0.0553  loss_iou_scores_2 0.0561  loss_label 0.0919  loss_label_0 0.1050  loss_label_1 0.1004  loss_label_2 0.0953  loss_mask_iou 0.0000  loss_mask_iou_0 1.6353  loss_mask_iou_1 1.5953  loss_mask_iou_2 1.5866  loss_overall 11.5998  loss_query_cgp_bind 0.0965  loss_query_cgp_route 0.0000  loss_saliency 2.9361  loss_span 0.2323  loss_span_0 0.2886  loss_span_1 0.2479  loss_span_2 0.2387
2026-08-28 21:20:24,664 INFO Generate submissions
2026-08-28 21:20:30,266 INFO Saving/Evaluating before nms results
2026-08-28 21:20:34,897 INFO metrics_no_nms OrderedDict([   ('MR-full-R1@0.5', 67.87),
                ('MR-full-R1@0.7', 52.13),
                ('MR-full-mAP', 47.92),
                ('MR-full-mAP@0.5', 68.24),
                ('MR-full-mAP@0.75', 48.8),
                ('MR-long-mAP', 55.03),
                ('MR-middle-mAP', 49.82),
                ('MR-short-mAP', 11.12),
                ('HL-min-Fair-mAP', 76.93),
                ('HL-min-Fair-Hit1', 78.84),
                ('HL-min-Good-mAP', 66.0),
                ('HL-min-Good-Hit1', 76.84),
                ('HL-min-VeryGood-mAP', 40.37),
                ('HL-min-VeryGood-Hit1', 64.45)])
2026-08-28 21:20:35,231 INFO [Best] epoch 90, MR-full-mAP 47.9200
2026-08-28 21:20:35,518 INFO [Epoch 91]
2026-08-28 21:21:36,132 INFO Epoch[91] class_error 30.9557  class_error_0 36.9216  class_error_1 33.9494  class_error_2 32.2574  loss_giou 0.3002  loss_giou_0 0.3891  loss_giou_1 0.3255  loss_giou_2 0.3121  loss_iou_scores 0.0544  loss_iou_scores_0 0.0563  loss_iou_scores_1 0.0554  loss_iou_scores_2 0.0559  loss_label 0.0924  loss_label_0 0.1064  loss_label_1 0.1010  loss_label_2 0.0960  loss_mask_iou 0.0000  loss_mask_iou_0 1.6074  loss_mask_iou_1 1.5718  loss_mask_iou_2 1.5648  loss_overall 11.4704  loss_query_cgp_bind 0.0945  loss_query_cgp_route 0.0000  loss_saliency 2.9303  loss_span 0.2254  loss_span_0 0.2837  loss_span_1 0.2392  loss_span_2 0.2310
2026-08-28 21:21:36,135 INFO Generate submissions
2026-08-28 21:21:42,158 INFO Saving/Evaluating before nms results
2026-08-28 21:21:46,263 INFO metrics_no_nms OrderedDict([   ('MR-full-R1@0.5', 67.1),
                ('MR-full-R1@0.7', 52.45),
                ('MR-full-mAP', 47.9),
                ('MR-full-mAP@0.5', 67.98),
                ('MR-full-mAP@0.75', 48.43),
                ('MR-long-mAP', 54.33),
                ('MR-middle-mAP', 50.31),
                ('MR-short-mAP', 11.25),
                ('HL-min-Fair-mAP', 77.33),
                ('HL-min-Fair-Hit1', 79.55),
                ('HL-min-Good-mAP', 66.31),
                ('HL-min-Good-Hit1', 77.48),
                ('HL-min-VeryGood-mAP', 40.98),
                ('HL-min-VeryGood-Hit1', 65.48)])
2026-08-28 21:21:46,585 INFO [Epoch 92]
2026-08-28 21:22:48,348 INFO Epoch[92] class_error 30.7308  class_error_0 36.9240  class_error_1 33.8812  class_error_2 31.8046  loss_giou 0.2997  loss_giou_0 0.3845  loss_giou_1 0.3246  loss_giou_2 0.3114  loss_iou_scores 0.0532  loss_iou_scores_0 0.0559  loss_iou_scores_1 0.0546  loss_iou_scores_2 0.0547  loss_label 0.0913  loss_label_0 0.1057  loss_label_1 0.1001  loss_label_2 0.0945  loss_mask_iou 0.0000  loss_mask_iou_0 1.6121  loss_mask_iou_1 1.5717  loss_mask_iou_2 1.5624  loss_overall 11.4404  loss_query_cgp_bind 0.0946  loss_query_cgp_route 0.0000  loss_saliency 2.9278  loss_span 0.2221  loss_span_0 0.2801  loss_span_1 0.2365  loss_span_2 0.2289
2026-08-28 21:22:48,351 INFO Generate submissions
2026-08-28 21:22:54,569 INFO Saving/Evaluating before nms results
2026-08-28 21:22:58,647 INFO metrics_no_nms OrderedDict([   ('MR-full-R1@0.5', 68.0),
                ('MR-full-R1@0.7', 52.84),
                ('MR-full-mAP', 48.06),
                ('MR-full-mAP@0.5', 67.99),
                ('MR-full-mAP@0.75', 49.59),
                ('MR-long-mAP', 55.56),
                ('MR-middle-mAP', 49.88),
                ('MR-short-mAP', 11.33),
                ('HL-min-Fair-mAP', 78.07),
                ('HL-min-Fair-Hit1', 79.94),
                ('HL-min-Good-mAP', 66.93),
                ('HL-min-Good-Hit1', 77.74),
                ('HL-min-VeryGood-mAP', 40.96),
                ('HL-min-VeryGood-Hit1', 65.87)])
2026-08-28 21:22:58,987 INFO [Best] epoch 92, MR-full-mAP 48.0600
2026-08-28 21:22:59,281 INFO [Epoch 93]
2026-08-28 21:24:00,136 INFO Epoch[93] class_error 30.1448  class_error_0 35.8770  class_error_1 32.6888  class_error_2 30.8115  loss_giou 0.3010  loss_giou_0 0.3871  loss_giou_1 0.3269  loss_giou_2 0.3116  loss_iou_scores 0.0529  loss_iou_scores_0 0.0550  loss_iou_scores_1 0.0543  loss_iou_scores_2 0.0544  loss_label 0.0909  loss_label_0 0.1048  loss_label_1 0.0980  loss_label_2 0.0936  loss_mask_iou 0.0000  loss_mask_iou_0 1.6183  loss_mask_iou_1 1.5798  loss_mask_iou_2 1.5799  loss_overall 11.4923  loss_query_cgp_bind 0.0947  loss_query_cgp_route 0.0000  loss_saliency 2.9356  loss_span 0.2237  loss_span_0 0.2820  loss_span_1 0.2402  loss_span_2 0.2306
2026-08-28 21:24:00,140 INFO Generate submissions
2026-08-28 21:24:05,550 INFO Saving/Evaluating before nms results
2026-08-28 21:24:09,608 INFO metrics_no_nms OrderedDict([   ('MR-full-R1@0.5', 67.16),
                ('MR-full-R1@0.7', 52.58),
                ('MR-full-mAP', 47.74),
                ('MR-full-mAP@0.5', 67.72),
                ('MR-full-mAP@0.75', 48.9),
                ('MR-long-mAP', 53.62),
                ('MR-middle-mAP', 49.77),
                ('MR-short-mAP', 12.89),
                ('HL-min-Fair-mAP', 77.81),
                ('HL-min-Fair-Hit1', 80.58),
                ('HL-min-Good-mAP', 66.9),
                ('HL-min-Good-Hit1', 78.84),
                ('HL-min-VeryGood-mAP', 41.23),
                ('HL-min-VeryGood-Hit1', 67.68)])
2026-08-28 21:24:09,918 INFO [Epoch 94]
2026-08-28 21:25:10,647 INFO Epoch[94] class_error 30.9972  class_error_0 36.0273  class_error_1 34.0109  class_error_2 31.8256  loss_giou 0.3032  loss_giou_0 0.3890  loss_giou_1 0.3291  loss_giou_2 0.3162  loss_iou_scores 0.0544  loss_iou_scores_0 0.0563  loss_iou_scores_1 0.0555  loss_iou_scores_2 0.0559  loss_label 0.0923  loss_label_0 0.1054  loss_label_1 0.1003  loss_label_2 0.0956  loss_mask_iou 0.0000  loss_mask_iou_0 1.6199  loss_mask_iou_1 1.5840  loss_mask_iou_2 1.5740  loss_overall 11.5284  loss_query_cgp_bind 0.0943  loss_query_cgp_route 0.0000  loss_saliency 2.9329  loss_span 0.2277  loss_span_0 0.2841  loss_span_1 0.2423  loss_span_2 0.2365
2026-08-28 21:25:10,653 INFO Generate submissions
2026-08-28 21:25:16,504 INFO Saving/Evaluating before nms results
2026-08-28 21:25:20,584 INFO metrics_no_nms OrderedDict([   ('MR-full-R1@0.5', 68.26),
                ('MR-full-R1@0.7', 52.26),
                ('MR-full-mAP', 47.33),
                ('MR-full-mAP@0.5', 68.34),
                ('MR-full-mAP@0.75', 48.17),
                ('MR-long-mAP', 54.29),
                ('MR-middle-mAP', 49.56),
                ('MR-short-mAP', 11.12),
                ('HL-min-Fair-mAP', 77.39),
                ('HL-min-Fair-Hit1', 79.61),
                ('HL-min-Good-mAP', 66.32),
                ('HL-min-Good-Hit1', 78.13),
                ('HL-min-VeryGood-mAP', 40.75),
                ('HL-min-VeryGood-Hit1', 66.19)])
2026-08-28 21:25:20,917 INFO [Epoch 95]
2026-08-28 21:26:22,859 INFO Epoch[95] class_error 31.2811  class_error_0 37.3227  class_error_1 34.8729  class_error_2 32.1470  loss_giou 0.2992  loss_giou_0 0.3897  loss_giou_1 0.3270  loss_giou_2 0.3116  loss_iou_scores 0.0538  loss_iou_scores_0 0.0558  loss_iou_scores_1 0.0539  loss_iou_scores_2 0.0546  loss_label 0.0926  loss_label_0 0.1059  loss_label_1 0.1009  loss_label_2 0.0954  loss_mask_iou 0.0000  loss_mask_iou_0 1.6150  loss_mask_iou_1 1.5771  loss_mask_iou_2 1.5670  loss_overall 11.4681  loss_query_cgp_bind 0.0959  loss_query_cgp_route 0.0000  loss_saliency 2.9202  loss_span 0.2234  loss_span_0 0.2837  loss_span_1 0.2387  loss_span_2 0.2311
2026-08-28 21:26:22,862 INFO Generate submissions
2026-08-28 21:26:28,882 INFO Saving/Evaluating before nms results
2026-08-28 21:26:33,357 INFO metrics_no_nms OrderedDict([   ('MR-full-R1@0.5', 66.71),
                ('MR-full-R1@0.7', 50.97),
                ('MR-full-mAP', 45.82),
                ('MR-full-mAP@0.5', 67.52),
                ('MR-full-mAP@0.75', 46.93),
                ('MR-long-mAP', 53.21),
                ('MR-middle-mAP', 47.05),
                ('MR-short-mAP', 11.65),
                ('HL-min-Fair-mAP', 76.6),
                ('HL-min-Fair-Hit1', 78.39),
                ('HL-min-Good-mAP', 65.73),
                ('HL-min-Good-Hit1', 76.58),
                ('HL-min-VeryGood-mAP', 40.45),
                ('HL-min-VeryGood-Hit1', 65.03)])
2026-08-28 21:26:33,717 INFO [Epoch 96]
2026-08-28 21:27:33,117 INFO Epoch[96] class_error 31.5462  class_error_0 36.5613  class_error_1 33.7687  class_error_2 31.6829  loss_giou 0.2996  loss_giou_0 0.3877  loss_giou_1 0.3270  loss_giou_2 0.3130  loss_iou_scores 0.0565  loss_iou_scores_0 0.0560  loss_iou_scores_1 0.0558  loss_iou_scores_2 0.0573  loss_label 0.0927  loss_label_0 0.1059  loss_label_1 0.1014  loss_label_2 0.0955  loss_mask_iou 0.0000  loss_mask_iou_0 1.6025  loss_mask_iou_1 1.5676  loss_mask_iou_2 1.5615  loss_overall 11.4545  loss_query_cgp_bind 0.0942  loss_query_cgp_route 0.0000  loss_saliency 2.9275  loss_span 0.2226  loss_span_0 0.2806  loss_span_1 0.2394  loss_span_2 0.2317
2026-08-28 21:27:33,122 INFO Generate submissions
2026-08-28 21:27:38,450 INFO Saving/Evaluating before nms results
2026-08-28 21:27:42,454 INFO metrics_no_nms OrderedDict([   ('MR-full-R1@0.5', 67.68),
                ('MR-full-R1@0.7', 51.94),
                ('MR-full-mAP', 46.64),
                ('MR-full-mAP@0.5', 67.37),
                ('MR-full-mAP@0.75', 47.19),
                ('MR-long-mAP', 50.91),
                ('MR-middle-mAP', 49.83),
                ('MR-short-mAP', 12.01),
                ('HL-min-Fair-mAP', 76.98),
                ('HL-min-Fair-Hit1', 78.32),
                ('HL-min-Good-mAP', 65.79),
                ('HL-min-Good-Hit1', 75.94),
                ('HL-min-VeryGood-mAP', 40.1),
                ('HL-min-VeryGood-Hit1', 63.35)])
2026-08-28 21:27:42,829 INFO [Epoch 97]
2026-08-28 21:28:44,075 INFO Epoch[97] class_error 29.7266  class_error_0 35.1095  class_error_1 32.9052  class_error_2 30.3477  loss_giou 0.3013  loss_giou_0 0.3897  loss_giou_1 0.3276  loss_giou_2 0.3133  loss_iou_scores 0.0543  loss_iou_scores_0 0.0548  loss_iou_scores_1 0.0548  loss_iou_scores_2 0.0558  loss_label 0.0906  loss_label_0 0.1033  loss_label_1 0.0977  loss_label_2 0.0930  loss_mask_iou 0.0000  loss_mask_iou_0 1.6040  loss_mask_iou_1 1.5710  loss_mask_iou_2 1.5553  loss_overall 11.4544  loss_query_cgp_bind 0.0949  loss_query_cgp_route 0.0000  loss_saliency 2.9242  loss_span 0.2268  loss_span_0 0.2864  loss_span_1 0.2426  loss_span_2 0.2348
2026-08-28 21:28:44,078 INFO Generate submissions
2026-08-28 21:28:49,969 INFO Saving/Evaluating before nms results
2026-08-28 21:28:54,311 INFO metrics_no_nms OrderedDict([   ('MR-full-R1@0.5', 66.97),
                ('MR-full-R1@0.7', 52.0),
                ('MR-full-mAP', 47.25),
                ('MR-full-mAP@0.5', 68.07),
                ('MR-full-mAP@0.75', 48.22),
                ('MR-long-mAP', 53.93),
                ('MR-middle-mAP', 49.15),
                ('MR-short-mAP', 12.17),
                ('HL-min-Fair-mAP', 76.91),
                ('HL-min-Fair-Hit1', 78.39),
                ('HL-min-Good-mAP', 66.23),
                ('HL-min-Good-Hit1', 76.19),
                ('HL-min-VeryGood-mAP', 40.74),
                ('HL-min-VeryGood-Hit1', 65.42)])
2026-08-28 21:28:54,643 INFO [Epoch 98]
2026-08-28 21:29:54,051 INFO Epoch[98] class_error 30.2392  class_error_0 35.9228  class_error_1 33.0961  class_error_2 30.7271  loss_giou 0.3025  loss_giou_0 0.3901  loss_giou_1 0.3272  loss_giou_2 0.3139  loss_iou_scores 0.0544  loss_iou_scores_0 0.0556  loss_iou_scores_1 0.0556  loss_iou_scores_2 0.0555  loss_label 0.0908  loss_label_0 0.1043  loss_label_1 0.0991  loss_label_2 0.0943  loss_mask_iou 0.0000  loss_mask_iou_0 1.6204  loss_mask_iou_1 1.5819  loss_mask_iou_2 1.5723  loss_overall 11.4946  loss_query_cgp_bind 0.0980  loss_query_cgp_route 0.0000  loss_saliency 2.9255  loss_span 0.2244  loss_span_0 0.2824  loss_span_1 0.2390  loss_span_2 0.2321
2026-08-28 21:29:54,054 INFO Generate submissions
2026-08-28 21:29:59,245 INFO Saving/Evaluating before nms results
2026-08-28 21:30:03,849 INFO metrics_no_nms OrderedDict([   ('MR-full-R1@0.5', 67.42),
                ('MR-full-R1@0.7', 52.52),
                ('MR-full-mAP', 46.99),
                ('MR-full-mAP@0.5', 67.25),
                ('MR-full-mAP@0.75', 48.41),
                ('MR-long-mAP', 52.87),
                ('MR-middle-mAP', 49.79),
                ('MR-short-mAP', 11.35),
                ('HL-min-Fair-mAP', 77.59),
                ('HL-min-Fair-Hit1', 79.29),
                ('HL-min-Good-mAP', 66.58),
                ('HL-min-Good-Hit1', 77.81),
                ('HL-min-VeryGood-mAP', 40.74),
                ('HL-min-VeryGood-Hit1', 65.68)])
2026-08-28 21:30:04,254 INFO [Epoch 99]
2026-08-28 21:31:05,537 INFO Epoch[99] class_error 30.0705  class_error_0 35.3229  class_error_1 32.7743  class_error_2 30.9113  loss_giou 0.2974  loss_giou_0 0.3902  loss_giou_1 0.3276  loss_giou_2 0.3111  loss_iou_scores 0.0555  loss_iou_scores_0 0.0563  loss_iou_scores_1 0.0559  loss_iou_scores_2 0.0560  loss_label 0.0909  loss_label_0 0.1036  loss_label_1 0.0979  loss_label_2 0.0939  loss_mask_iou 0.0000  loss_mask_iou_0 1.5996  loss_mask_iou_1 1.5657  loss_mask_iou_2 1.5523  loss_overall 11.4073  loss_query_cgp_bind 0.0949  loss_query_cgp_route 0.0000  loss_saliency 2.9226  loss_span 0.2196  loss_span_0 0.2816  loss_span_1 0.2358  loss_span_2 0.2268
2026-08-28 21:31:05,539 INFO Generate submissions
2026-08-28 21:31:10,671 INFO Saving/Evaluating before nms results
2026-08-28 21:31:16,958 INFO metrics_no_nms OrderedDict([   ('MR-full-R1@0.5', 66.97),
                ('MR-full-R1@0.7', 51.81),
                ('MR-full-mAP', 46.88),
                ('MR-full-mAP@0.5', 67.03),
                ('MR-full-mAP@0.75', 48.39),
                ('MR-long-mAP', 51.22),
                ('MR-middle-mAP', 50.15),
                ('MR-short-mAP', 11.76),
                ('HL-min-Fair-mAP', 76.93),
                ('HL-min-Fair-Hit1', 79.03),
                ('HL-min-Good-mAP', 65.76),
                ('HL-min-Good-Hit1', 76.84),
                ('HL-min-VeryGood-mAP', 40.41),
                ('HL-min-VeryGood-Hit1', 65.68)])
2026-08-28 21:31:17,234 INFO [Epoch 100]
2026-08-28 21:32:16,761 INFO Epoch[100] class_error 28.8936  class_error_0 34.3817  class_error_1 31.1744  class_error_2 29.7049  loss_giou 0.2995  loss_giou_0 0.3872  loss_giou_1 0.3292  loss_giou_2 0.3135  loss_iou_scores 0.0538  loss_iou_scores_0 0.0555  loss_iou_scores_1 0.0553  loss_iou_scores_2 0.0548  loss_label 0.0890  loss_label_0 0.1011  loss_label_1 0.0959  loss_label_2 0.0921  loss_mask_iou 0.0000  loss_mask_iou_0 1.5867  loss_mask_iou_1 1.5640  loss_mask_iou_2 1.5539  loss_overall 11.3821  loss_query_cgp_bind 0.0974  loss_query_cgp_route 0.0000  loss_saliency 2.9235  loss_span 0.2193  loss_span_0 0.2784  loss_span_1 0.2365  loss_span_2 0.2254
2026-08-28 21:32:16,764 INFO Generate submissions
2026-08-28 21:32:23,328 INFO Saving/Evaluating before nms results
2026-08-28 21:32:27,620 INFO metrics_no_nms OrderedDict([   ('MR-full-R1@0.5', 66.19),
                ('MR-full-R1@0.7', 52.0),
                ('MR-full-mAP', 47.21),
                ('MR-full-mAP@0.5', 67.12),
                ('MR-full-mAP@0.75', 48.45),
                ('MR-long-mAP', 53.01),
                ('MR-middle-mAP', 50.03),
                ('MR-short-mAP', 11.15),
                ('HL-min-Fair-mAP', 76.8),
                ('HL-min-Fair-Hit1', 78.0),
                ('HL-min-Good-mAP', 65.82),
                ('HL-min-Good-Hit1', 75.81),
                ('HL-min-VeryGood-mAP', 40.29),
                ('HL-min-VeryGood-Hit1', 64.13)])
2026-08-28 21:32:28,117 INFO [Epoch 101]
2026-08-28 21:33:28,430 INFO Epoch[101] class_error 27.9794  class_error_0 32.5989  class_error_1 29.8677  class_error_2 27.8293  loss_giou 0.2814  loss_giou_0 0.3628  loss_giou_1 0.3075  loss_giou_2 0.2932  loss_iou_scores 0.0512  loss_iou_scores_0 0.0543  loss_iou_scores_1 0.0531  loss_iou_scores_2 0.0525  loss_label 0.0844  loss_label_0 0.0974  loss_label_1 0.0914  loss_label_2 0.0881  loss_mask_iou 0.0000  loss_mask_iou_0 1.5208  loss_mask_iou_1 1.4929  loss_mask_iou_2 1.4747  loss_overall 10.9481  loss_query_cgp_bind 0.0861  loss_query_cgp_route 0.0000  loss_saliency 2.8955  loss_span 0.2055  loss_span_0 0.2559  loss_span_1 0.2212  loss_span_2 0.2116
2026-08-28 21:33:28,437 INFO Generate submissions
2026-08-28 21:33:35,511 INFO Saving/Evaluating before nms results
2026-08-28 21:33:39,757 INFO metrics_no_nms OrderedDict([   ('MR-full-R1@0.5', 67.81),
                ('MR-full-R1@0.7', 52.84),
                ('MR-full-mAP', 48.11),
                ('MR-full-mAP@0.5', 68.36),
                ('MR-full-mAP@0.75', 49.37),
                ('MR-long-mAP', 53.53),
                ('MR-middle-mAP', 50.86),
                ('MR-short-mAP', 12.77),
                ('HL-min-Fair-mAP', 77.29),
                ('HL-min-Fair-Hit1', 79.16),
                ('HL-min-Good-mAP', 66.31),
                ('HL-min-Good-Hit1', 77.35),
                ('HL-min-VeryGood-mAP', 40.88),
                ('HL-min-VeryGood-Hit1', 65.94)])
2026-08-28 21:33:40,247 INFO [Best] epoch 101, MR-full-mAP 48.1100
2026-08-28 21:33:40,589 INFO [Epoch 102]
2026-08-28 21:34:42,288 INFO Epoch[102] class_error 26.5766  class_error_0 31.8042  class_error_1 29.4939  class_error_2 27.1563  loss_giou 0.2756  loss_giou_0 0.3557  loss_giou_1 0.3002  loss_giou_2 0.2871  loss_iou_scores 0.0499  loss_iou_scores_0 0.0532  loss_iou_scores_1 0.0517  loss_iou_scores_2 0.0507  loss_label 0.0813  loss_label_0 0.0938  loss_label_1 0.0883  loss_label_2 0.0848  loss_mask_iou 0.0000  loss_mask_iou_0 1.4806  loss_mask_iou_1 1.4508  loss_mask_iou_2 1.4442  loss_overall 10.7389  loss_query_cgp_bind 0.0826  loss_query_cgp_route 0.0000  loss_saliency 2.8843  loss_span 0.1971  loss_span_0 0.2446  loss_span_1 0.2111  loss_span_2 0.2025
2026-08-28 21:34:42,291 INFO Generate submissions
2026-08-28 21:34:47,294 INFO Saving/Evaluating before nms results
2026-08-28 21:34:51,625 INFO metrics_no_nms OrderedDict([   ('MR-full-R1@0.5', 67.1),
                ('MR-full-R1@0.7', 52.0),
                ('MR-full-mAP', 48.21),
                ('MR-full-mAP@0.5', 68.28),
                ('MR-full-mAP@0.75', 49.12),
                ('MR-long-mAP', 54.42),
                ('MR-middle-mAP', 50.46),
                ('MR-short-mAP', 12.38),
                ('HL-min-Fair-mAP', 77.4),
                ('HL-min-Fair-Hit1', 78.9),
                ('HL-min-Good-mAP', 66.33),
                ('HL-min-Good-Hit1', 77.03),
                ('HL-min-VeryGood-mAP', 40.79),
                ('HL-min-VeryGood-Hit1', 65.48)])
2026-08-28 21:34:51,957 INFO [Best] epoch 102, MR-full-mAP 48.2100
2026-08-28 21:34:52,245 INFO [Epoch 103]
2026-08-28 21:35:53,342 INFO Epoch[103] class_error 26.3640  class_error_0 31.4262  class_error_1 28.9537  class_error_2 27.0442  loss_giou 0.2724  loss_giou_0 0.3534  loss_giou_1 0.2975  loss_giou_2 0.2841  loss_iou_scores 0.0500  loss_iou_scores_0 0.0524  loss_iou_scores_1 0.0515  loss_iou_scores_2 0.0509  loss_label 0.0814  loss_label_0 0.0949  loss_label_1 0.0887  loss_label_2 0.0849  loss_mask_iou 0.0000  loss_mask_iou_0 1.4667  loss_mask_iou_1 1.4345  loss_mask_iou_2 1.4215  loss_overall 10.6518  loss_query_cgp_bind 0.0830  loss_query_cgp_route 0.0000  loss_saliency 2.8833  loss_span 0.1930  loss_span_0 0.2416  loss_span_1 0.2056  loss_span_2 0.1977
2026-08-28 21:35:53,346 INFO Generate submissions
2026-08-28 21:35:59,643 INFO Saving/Evaluating before nms results
2026-08-28 21:36:03,475 INFO metrics_no_nms OrderedDict([   ('MR-full-R1@0.5', 68.06),
                ('MR-full-R1@0.7', 53.42),
                ('MR-full-mAP', 48.49),
                ('MR-full-mAP@0.5', 68.81),
                ('MR-full-mAP@0.75', 49.82),
                ('MR-long-mAP', 54.63),
                ('MR-middle-mAP', 50.78),
                ('MR-short-mAP', 12.73),
                ('HL-min-Fair-mAP', 77.26),
                ('HL-min-Fair-Hit1', 78.9),
                ('HL-min-Good-mAP', 66.21),
                ('HL-min-Good-Hit1', 77.03),
                ('HL-min-VeryGood-mAP', 40.72),
                ('HL-min-VeryGood-Hit1', 65.61)])
2026-08-28 21:36:03,833 INFO [Best] epoch 103, MR-full-mAP 48.4900
2026-08-28 21:36:04,135 INFO [Epoch 104]
2026-08-28 21:37:05,662 INFO Epoch[104] class_error 25.9765  class_error_0 31.1218  class_error_1 28.9118  class_error_2 26.7642  loss_giou 0.2741  loss_giou_0 0.3522  loss_giou_1 0.2985  loss_giou_2 0.2849  loss_iou_scores 0.0494  loss_iou_scores_0 0.0516  loss_iou_scores_1 0.0505  loss_iou_scores_2 0.0504  loss_label 0.0807  loss_label_0 0.0940  loss_label_1 0.0870  loss_label_2 0.0833  loss_mask_iou 0.0000  loss_mask_iou_0 1.4631  loss_mask_iou_1 1.4349  loss_mask_iou_2 1.4243  loss_overall 10.6459  loss_query_cgp_bind 0.0842  loss_query_cgp_route 0.0000  loss_saliency 2.8821  loss_span 0.1925  loss_span_0 0.2402  loss_span_1 0.2056  loss_span_2 0.1988
2026-08-28 21:37:05,665 INFO Generate submissions
2026-08-28 21:37:10,738 INFO Saving/Evaluating before nms results
2026-08-28 21:37:15,225 INFO metrics_no_nms OrderedDict([   ('MR-full-R1@0.5', 67.94),
                ('MR-full-R1@0.7', 53.29),
                ('MR-full-mAP', 48.42),
                ('MR-full-mAP@0.5', 68.53),
                ('MR-full-mAP@0.75', 49.2),
                ('MR-long-mAP', 54.3),
                ('MR-middle-mAP', 50.69),
                ('MR-short-mAP', 12.85),
                ('HL-min-Fair-mAP', 77.42),
                ('HL-min-Fair-Hit1', 80.0),
                ('HL-min-Good-mAP', 66.38),
                ('HL-min-Good-Hit1', 78.06),
                ('HL-min-VeryGood-mAP', 40.96),
                ('HL-min-VeryGood-Hit1', 66.84)])
2026-08-28 21:37:15,560 INFO [Epoch 105]
2026-08-28 21:38:14,387 INFO Epoch[105] class_error 26.0822  class_error_0 31.5361  class_error_1 28.5060  class_error_2 26.5121  loss_giou 0.2715  loss_giou_0 0.3505  loss_giou_1 0.2964  loss_giou_2 0.2832  loss_iou_scores 0.0488  loss_iou_scores_0 0.0517  loss_iou_scores_1 0.0498  loss_iou_scores_2 0.0498  loss_label 0.0802  loss_label_0 0.0938  loss_label_1 0.0873  loss_label_2 0.0832  loss_mask_iou 0.0000  loss_mask_iou_0 1.4546  loss_mask_iou_1 1.4312  loss_mask_iou_2 1.4162  loss_overall 10.6040  loss_query_cgp_bind 0.0824  loss_query_cgp_route 0.0000  loss_saliency 2.8742  loss_span 0.1920  loss_span_0 0.2405  loss_span_1 0.2045  loss_span_2 0.1978
2026-08-28 21:38:14,390 INFO Generate submissions
2026-08-28 21:38:20,137 INFO Saving/Evaluating before nms results
2026-08-28 21:38:24,481 INFO metrics_no_nms OrderedDict([   ('MR-full-R1@0.5', 67.55),
                ('MR-full-R1@0.7', 53.29),
                ('MR-full-mAP', 48.51),
                ('MR-full-mAP@0.5', 68.43),
                ('MR-full-mAP@0.75', 49.41),
                ('MR-long-mAP', 53.18),
                ('MR-middle-mAP', 51.47),
                ('MR-short-mAP', 12.93),
                ('HL-min-Fair-mAP', 77.51),
                ('HL-min-Fair-Hit1', 79.87),
                ('HL-min-Good-mAP', 66.49),
                ('HL-min-Good-Hit1', 77.87),
                ('HL-min-VeryGood-mAP', 40.89),
                ('HL-min-VeryGood-Hit1', 66.39)])
2026-08-28 21:38:24,835 INFO [Best] epoch 105, MR-full-mAP 48.5100
2026-08-28 21:38:25,164 INFO [Epoch 106]
2026-08-28 21:39:25,788 INFO Epoch[106] class_error 26.3463  class_error_0 32.0639  class_error_1 28.8473  class_error_2 26.7554  loss_giou 0.2678  loss_giou_0 0.3483  loss_giou_1 0.2922  loss_giou_2 0.2787  loss_iou_scores 0.0497  loss_iou_scores_0 0.0519  loss_iou_scores_1 0.0514  loss_iou_scores_2 0.0509  loss_label 0.0813  loss_label_0 0.0951  loss_label_1 0.0885  loss_label_2 0.0845  loss_mask_iou 0.0000  loss_mask_iou_0 1.4357  loss_mask_iou_1 1.4072  loss_mask_iou_2 1.3988  loss_overall 10.5086  loss_query_cgp_bind 0.0804  loss_query_cgp_route 0.0000  loss_saliency 2.8713  loss_span 0.1876  loss_span_0 0.2364  loss_span_1 0.1991  loss_span_2 0.1932
2026-08-28 21:39:25,790 INFO Generate submissions
2026-08-28 21:39:31,123 INFO Saving/Evaluating before nms results
2026-08-28 21:39:35,047 INFO metrics_no_nms OrderedDict([   ('MR-full-R1@0.5', 68.06),
                ('MR-full-R1@0.7', 53.48),
                ('MR-full-mAP', 48.63),
                ('MR-full-mAP@0.5', 68.66),
                ('MR-full-mAP@0.75', 49.8),
                ('MR-long-mAP', 53.68),
                ('MR-middle-mAP', 51.21),
                ('MR-short-mAP', 13.33),
                ('HL-min-Fair-mAP', 77.55),
                ('HL-min-Fair-Hit1', 79.81),
                ('HL-min-Good-mAP', 66.53),
                ('HL-min-Good-Hit1', 77.94),
                ('HL-min-VeryGood-mAP', 41.04),
                ('HL-min-VeryGood-Hit1', 66.77)])
2026-08-28 21:39:35,409 INFO [Best] epoch 106, MR-full-mAP 48.6300
2026-08-28 21:39:35,728 INFO [Epoch 107]
2026-08-28 21:40:36,242 INFO Epoch[107] class_error 25.8392  class_error_0 31.5664  class_error_1 28.6261  class_error_2 26.4449  loss_giou 0.2641  loss_giou_0 0.3441  loss_giou_1 0.2904  loss_giou_2 0.2758  loss_iou_scores 0.0491  loss_iou_scores_0 0.0511  loss_iou_scores_1 0.0502  loss_iou_scores_2 0.0500  loss_label 0.0791  loss_label_0 0.0933  loss_label_1 0.0863  loss_label_2 0.0819  loss_mask_iou 0.0000  loss_mask_iou_0 1.4228  loss_mask_iou_1 1.3959  loss_mask_iou_2 1.3893  loss_overall 10.4288  loss_query_cgp_bind 0.0768  loss_query_cgp_route 0.0000  loss_saliency 2.8652  loss_span 0.1842  loss_span_0 0.2325  loss_span_1 0.1963  loss_span_2 0.1894
2026-08-28 21:40:36,245 INFO Generate submissions
2026-08-28 21:40:42,928 INFO Saving/Evaluating before nms results
2026-08-28 21:40:47,021 INFO metrics_no_nms OrderedDict([   ('MR-full-R1@0.5', 67.29),
                ('MR-full-R1@0.7', 53.03),
                ('MR-full-mAP', 48.44),
                ('MR-full-mAP@0.5', 68.34),
                ('MR-full-mAP@0.75', 49.22),
                ('MR-long-mAP', 53.75),
                ('MR-middle-mAP', 51.16),
                ('MR-short-mAP', 12.65),
                ('HL-min-Fair-mAP', 77.36),
                ('HL-min-Fair-Hit1', 79.61),
                ('HL-min-Good-mAP', 66.28),
                ('HL-min-Good-Hit1', 77.74),
                ('HL-min-VeryGood-mAP', 40.74),
                ('HL-min-VeryGood-Hit1', 65.87)])
2026-08-28 21:40:47,328 INFO [Epoch 108]
2026-08-28 21:41:49,173 INFO Epoch[108] class_error 25.3072  class_error_0 31.1921  class_error_1 28.0502  class_error_2 26.0169  loss_giou 0.2664  loss_giou_0 0.3481  loss_giou_1 0.2902  loss_giou_2 0.2775  loss_iou_scores 0.0484  loss_iou_scores_0 0.0507  loss_iou_scores_1 0.0497  loss_iou_scores_2 0.0495  loss_label 0.0785  loss_label_0 0.0924  loss_label_1 0.0856  loss_label_2 0.0816  loss_mask_iou 0.0000  loss_mask_iou_0 1.4382  loss_mask_iou_1 1.4060  loss_mask_iou_2 1.3943  loss_overall 10.4864  loss_query_cgp_bind 0.0789  loss_query_cgp_route 0.0000  loss_saliency 2.8732  loss_span 0.1865  loss_span_0 0.2367  loss_span_1 0.1997  loss_span_2 0.1918
2026-08-28 21:41:49,176 INFO Generate submissions
2026-08-28 21:41:54,322 INFO Saving/Evaluating before nms results
2026-08-28 21:41:58,490 INFO metrics_no_nms OrderedDict([   ('MR-full-R1@0.5', 67.48),
                ('MR-full-R1@0.7', 53.03),
                ('MR-full-mAP', 48.29),
                ('MR-full-mAP@0.5', 68.29),
                ('MR-full-mAP@0.75', 49.17),
                ('MR-long-mAP', 53.31),
                ('MR-middle-mAP', 51.05),
                ('MR-short-mAP', 12.8),
                ('HL-min-Fair-mAP', 77.46),
                ('HL-min-Fair-Hit1', 79.94),
                ('HL-min-Good-mAP', 66.47),
                ('HL-min-Good-Hit1', 78.45),
                ('HL-min-VeryGood-mAP', 41.05),
                ('HL-min-VeryGood-Hit1', 66.58)])
2026-08-28 21:41:58,903 INFO [Epoch 109]
2026-08-28 21:43:00,063 INFO Epoch[109] class_error 25.3781  class_error_0 31.1001  class_error_1 27.7844  class_error_2 25.6887  loss_giou 0.2655  loss_giou_0 0.3450  loss_giou_1 0.2894  loss_giou_2 0.2758  loss_iou_scores 0.0491  loss_iou_scores_0 0.0515  loss_iou_scores_1 0.0503  loss_iou_scores_2 0.0504  loss_label 0.0801  loss_label_0 0.0945  loss_label_1 0.0872  loss_label_2 0.0833  loss_mask_iou 0.0000  loss_mask_iou_0 1.4241  loss_mask_iou_1 1.3954  loss_mask_iou_2 1.3807  loss_overall 10.4334  loss_query_cgp_bind 0.0803  loss_query_cgp_route 0.0000  loss_saliency 2.8678  loss_span 0.1837  loss_span_0 0.2338  loss_span_1 0.1965  loss_span_2 0.1885
2026-08-28 21:43:00,066 INFO Generate submissions
2026-08-28 21:43:06,375 INFO Saving/Evaluating before nms results
2026-08-28 21:43:10,370 INFO metrics_no_nms OrderedDict([   ('MR-full-R1@0.5', 67.87),
                ('MR-full-R1@0.7', 53.29),
                ('MR-full-mAP', 48.13),
                ('MR-full-mAP@0.5', 68.41),
                ('MR-full-mAP@0.75', 48.92),
                ('MR-long-mAP', 52.69),
                ('MR-middle-mAP', 50.98),
                ('MR-short-mAP', 13.23),
                ('HL-min-Fair-mAP', 77.31),
                ('HL-min-Fair-Hit1', 79.81),
                ('HL-min-Good-mAP', 66.37),
                ('HL-min-Good-Hit1', 78.06),
                ('HL-min-VeryGood-mAP', 40.94),
                ('HL-min-VeryGood-Hit1', 66.65)])
2026-08-28 21:43:10,675 INFO [Epoch 110]
2026-08-28 21:44:10,362 INFO Epoch[110] class_error 25.0026  class_error_0 31.3106  class_error_1 27.5952  class_error_2 25.8414  loss_giou 0.2640  loss_giou_0 0.3463  loss_giou_1 0.2895  loss_giou_2 0.2751  loss_iou_scores 0.0484  loss_iou_scores_0 0.0506  loss_iou_scores_1 0.0493  loss_iou_scores_2 0.0495  loss_label 0.0785  loss_label_0 0.0927  loss_label_1 0.0857  loss_label_2 0.0816  loss_mask_iou 0.0000  loss_mask_iou_0 1.4216  loss_mask_iou_1 1.3961  loss_mask_iou_2 1.3850  loss_overall 10.4209  loss_query_cgp_bind 0.0804  loss_query_cgp_route 0.0000  loss_saliency 2.8675  loss_span 0.1828  loss_span_0 0.2324  loss_span_1 0.1958  loss_span_2 0.1883
2026-08-28 21:44:10,364 INFO Generate submissions
2026-08-28 21:44:16,275 INFO Saving/Evaluating before nms results
2026-08-28 21:44:20,312 INFO metrics_no_nms OrderedDict([   ('MR-full-R1@0.5', 67.74),
                ('MR-full-R1@0.7', 52.9),
                ('MR-full-mAP', 48.41),
                ('MR-full-mAP@0.5', 68.35),
                ('MR-full-mAP@0.75', 49.52),
                ('MR-long-mAP', 53.97),
                ('MR-middle-mAP', 50.91),
                ('MR-short-mAP', 12.9),
                ('HL-min-Fair-mAP', 77.61),
                ('HL-min-Fair-Hit1', 80.65),
                ('HL-min-Good-mAP', 66.62),
                ('HL-min-Good-Hit1', 78.71),
                ('HL-min-VeryGood-mAP', 41.17),
                ('HL-min-VeryGood-Hit1', 67.1)])
2026-08-28 21:44:20,670 INFO [Epoch 111]
2026-08-28 21:45:20,786 INFO Epoch[111] class_error 25.2475  class_error_0 31.7142  class_error_1 28.3311  class_error_2 25.9781  loss_giou 0.2641  loss_giou_0 0.3440  loss_giou_1 0.2882  loss_giou_2 0.2741  loss_iou_scores 0.0481  loss_iou_scores_0 0.0505  loss_iou_scores_1 0.0489  loss_iou_scores_2 0.0493  loss_label 0.0778  loss_label_0 0.0921  loss_label_1 0.0851  loss_label_2 0.0805  loss_mask_iou 0.0000  loss_mask_iou_0 1.4257  loss_mask_iou_1 1.3894  loss_mask_iou_2 1.3721  loss_overall 10.3908  loss_query_cgp_bind 0.0773  loss_query_cgp_route 0.0000  loss_saliency 2.8662  loss_span 0.1838  loss_span_0 0.2313  loss_span_1 0.1952  loss_span_2 0.1893
2026-08-28 21:45:20,789 INFO Generate submissions
2026-08-28 21:45:26,719 INFO Saving/Evaluating before nms results
2026-08-28 21:45:30,802 INFO metrics_no_nms OrderedDict([   ('MR-full-R1@0.5', 68.0),
                ('MR-full-R1@0.7', 53.42),
                ('MR-full-mAP', 48.57),
                ('MR-full-mAP@0.5', 68.63),
                ('MR-full-mAP@0.75', 49.74),
                ('MR-long-mAP', 53.89),
                ('MR-middle-mAP', 51.23),
                ('MR-short-mAP', 12.64),
                ('HL-min-Fair-mAP', 77.3),
                ('HL-min-Fair-Hit1', 79.42),
                ('HL-min-Good-mAP', 66.3),
                ('HL-min-Good-Hit1', 77.87),
                ('HL-min-VeryGood-mAP', 40.92),
                ('HL-min-VeryGood-Hit1', 66.0)])
2026-08-28 21:45:31,140 INFO [Epoch 112]
2026-08-28 21:46:32,056 INFO Epoch[112] class_error 24.9479  class_error_0 30.8890  class_error_1 27.5738  class_error_2 25.5973  loss_giou 0.2622  loss_giou_0 0.3462  loss_giou_1 0.2896  loss_giou_2 0.2738  loss_iou_scores 0.0488  loss_iou_scores_0 0.0511  loss_iou_scores_1 0.0494  loss_iou_scores_2 0.0498  loss_label 0.0772  loss_label_0 0.0919  loss_label_1 0.0855  loss_label_2 0.0803  loss_mask_iou 0.0000  loss_mask_iou_0 1.4078  loss_mask_iou_1 1.3706  loss_mask_iou_2 1.3602  loss_overall 10.3426  loss_query_cgp_bind 0.0764  loss_query_cgp_route 0.0000  loss_saliency 2.8664  loss_span 0.1827  loss_span_0 0.2312  loss_span_1 0.1950  loss_span_2 0.1885
2026-08-28 21:46:32,058 INFO Generate submissions
2026-08-28 21:46:37,541 INFO Saving/Evaluating before nms results
2026-08-28 21:46:41,631 INFO metrics_no_nms OrderedDict([   ('MR-full-R1@0.5', 67.94),
                ('MR-full-R1@0.7', 53.03),
                ('MR-full-mAP', 48.7),
                ('MR-full-mAP@0.5', 68.74),
                ('MR-full-mAP@0.75', 49.83),
                ('MR-long-mAP', 54.22),
                ('MR-middle-mAP', 50.98),
                ('MR-short-mAP', 13.16),
                ('HL-min-Fair-mAP', 77.28),
                ('HL-min-Fair-Hit1', 79.42),
                ('HL-min-Good-mAP', 66.3),
                ('HL-min-Good-Hit1', 77.81),
                ('HL-min-VeryGood-mAP', 40.86),
                ('HL-min-VeryGood-Hit1', 66.32)])
2026-08-28 21:46:41,939 INFO [Best] epoch 112, MR-full-mAP 48.7000
2026-08-28 21:46:42,266 INFO [Epoch 113]
2026-08-28 21:47:42,351 INFO Epoch[113] class_error 24.6050  class_error_0 30.1620  class_error_1 27.0513  class_error_2 25.2892  loss_giou 0.2652  loss_giou_0 0.3470  loss_giou_1 0.2856  loss_giou_2 0.2737  loss_iou_scores 0.0483  loss_iou_scores_0 0.0504  loss_iou_scores_1 0.0498  loss_iou_scores_2 0.0494  loss_label 0.0776  loss_label_0 0.0904  loss_label_1 0.0846  loss_label_2 0.0806  loss_mask_iou 0.0000  loss_mask_iou_0 1.4179  loss_mask_iou_1 1.3800  loss_mask_iou_2 1.3677  loss_overall 10.3617  loss_query_cgp_bind 0.0788  loss_query_cgp_route 0.0000  loss_saliency 2.8591  loss_span 0.1828  loss_span_0 0.2338  loss_span_1 0.1938  loss_span_2 0.1876
2026-08-28 21:47:42,355 INFO Generate submissions
2026-08-28 21:47:48,670 INFO Saving/Evaluating before nms results
2026-08-28 21:47:52,619 INFO metrics_no_nms OrderedDict([   ('MR-full-R1@0.5', 68.9),
                ('MR-full-R1@0.7', 54.06),
                ('MR-full-mAP', 48.85),
                ('MR-full-mAP@0.5', 69.02),
                ('MR-full-mAP@0.75', 50.07),
                ('MR-long-mAP', 54.12),
                ('MR-middle-mAP', 51.34),
                ('MR-short-mAP', 13.0),
                ('HL-min-Fair-mAP', 77.49),
                ('HL-min-Fair-Hit1', 80.06),
                ('HL-min-Good-mAP', 66.49),
                ('HL-min-Good-Hit1', 78.45),
                ('HL-min-VeryGood-mAP', 41.01),
                ('HL-min-VeryGood-Hit1', 66.06)])
2026-08-28 21:47:52,952 INFO [Best] epoch 113, MR-full-mAP 48.8500
2026-08-28 21:47:53,233 INFO [Epoch 114]
2026-08-28 21:48:53,419 INFO Epoch[114] class_error 25.0043  class_error_0 30.6966  class_error_1 27.5076  class_error_2 25.3402  loss_giou 0.2635  loss_giou_0 0.3449  loss_giou_1 0.2882  loss_giou_2 0.2744  loss_iou_scores 0.0479  loss_iou_scores_0 0.0502  loss_iou_scores_1 0.0489  loss_iou_scores_2 0.0487  loss_label 0.0775  loss_label_0 0.0901  loss_label_1 0.0844  loss_label_2 0.0804  loss_mask_iou 0.0000  loss_mask_iou_0 1.4147  loss_mask_iou_1 1.3844  loss_mask_iou_2 1.3728  loss_overall 10.3535  loss_query_cgp_bind 0.0784  loss_query_cgp_route 0.0000  loss_saliency 2.8597  loss_span 0.1808  loss_span_0 0.2301  loss_span_1 0.1922  loss_span_2 0.1858
2026-08-28 21:48:53,423 INFO Generate submissions
2026-08-28 21:48:59,068 INFO Saving/Evaluating before nms results
2026-08-28 21:49:03,383 INFO metrics_no_nms OrderedDict([   ('MR-full-R1@0.5', 68.26),
                ('MR-full-R1@0.7', 53.29),
                ('MR-full-mAP', 48.7),
                ('MR-full-mAP@0.5', 68.62),
                ('MR-full-mAP@0.75', 50.08),
                ('MR-long-mAP', 54.1),
                ('MR-middle-mAP', 51.02),
                ('MR-short-mAP', 13.22),
                ('HL-min-Fair-mAP', 77.52),
                ('HL-min-Fair-Hit1', 79.68),
                ('HL-min-Good-mAP', 66.54),
                ('HL-min-Good-Hit1', 78.0),
                ('HL-min-VeryGood-mAP', 41.09),
                ('HL-min-VeryGood-Hit1', 66.39)])
2026-08-28 21:49:03,723 INFO [Epoch 115]
2026-08-28 21:50:04,958 INFO Epoch[115] class_error 24.5825  class_error_0 30.4460  class_error_1 26.7990  class_error_2 25.2347  loss_giou 0.2613  loss_giou_0 0.3431  loss_giou_1 0.2860  loss_giou_2 0.2724  loss_iou_scores 0.0482  loss_iou_scores_0 0.0500  loss_iou_scores_1 0.0494  loss_iou_scores_2 0.0492  loss_label 0.0774  loss_label_0 0.0914  loss_label_1 0.0851  loss_label_2 0.0806  loss_mask_iou 0.0000  loss_mask_iou_0 1.4060  loss_mask_iou_1 1.3682  loss_mask_iou_2 1.3565  loss_overall 10.3003  loss_query_cgp_bind 0.0770  loss_query_cgp_route 0.0000  loss_saliency 2.8598  loss_span 0.1800  loss_span_0 0.2282  loss_span_1 0.1931  loss_span_2 0.1862
2026-08-28 21:50:04,962 INFO Generate submissions
2026-08-28 21:50:09,748 INFO Saving/Evaluating before nms results
2026-08-28 21:50:14,217 INFO metrics_no_nms OrderedDict([   ('MR-full-R1@0.5', 68.52),
                ('MR-full-R1@0.7', 53.94),
                ('MR-full-mAP', 48.79),
                ('MR-full-mAP@0.5', 68.64),
                ('MR-full-mAP@0.75', 50.19),
                ('MR-long-mAP', 53.81),
                ('MR-middle-mAP', 51.37),
                ('MR-short-mAP', 13.29),
                ('HL-min-Fair-mAP', 77.53),
                ('HL-min-Fair-Hit1', 79.61),
                ('HL-min-Good-mAP', 66.51),
                ('HL-min-Good-Hit1', 77.94),
                ('HL-min-VeryGood-mAP', 40.96),
                ('HL-min-VeryGood-Hit1', 65.48)])
2026-08-28 21:50:14,655 INFO [Epoch 116]
2026-08-28 21:51:15,641 INFO Epoch[116] class_error 24.4017  class_error_0 30.2800  class_error_1 27.0912  class_error_2 25.3453  loss_giou 0.2600  loss_giou_0 0.3415  loss_giou_1 0.2845  loss_giou_2 0.2701  loss_iou_scores 0.0474  loss_iou_scores_0 0.0501  loss_iou_scores_1 0.0486  loss_iou_scores_2 0.0486  loss_label 0.0776  loss_label_0 0.0916  loss_label_1 0.0848  loss_label_2 0.0805  loss_mask_iou 0.0000  loss_mask_iou_0 1.4019  loss_mask_iou_1 1.3645  loss_mask_iou_2 1.3548  loss_overall 10.3016  loss_query_cgp_bind 0.0768  loss_query_cgp_route 0.0000  loss_saliency 2.8640  loss_span 0.1824  loss_span_0 0.2320  loss_span_1 0.1961  loss_span_2 0.1882
2026-08-28 21:51:15,644 INFO Generate submissions
2026-08-28 21:51:21,692 INFO Saving/Evaluating before nms results
2026-08-28 21:51:26,321 INFO metrics_no_nms OrderedDict([   ('MR-full-R1@0.5', 68.32),
                ('MR-full-R1@0.7', 53.68),
                ('MR-full-mAP', 48.41),
                ('MR-full-mAP@0.5', 68.68),
                ('MR-full-mAP@0.75', 49.22),
                ('MR-long-mAP', 53.33),
                ('MR-middle-mAP', 50.96),
                ('MR-short-mAP', 13.43),
                ('HL-min-Fair-mAP', 77.36),
                ('HL-min-Fair-Hit1', 79.81),
                ('HL-min-Good-mAP', 66.42),
                ('HL-min-Good-Hit1', 78.13),
                ('HL-min-VeryGood-mAP', 40.9),
                ('HL-min-VeryGood-Hit1', 66.13)])
2026-08-28 21:51:26,674 INFO [Epoch 117]
2026-08-28 21:52:28,045 INFO Epoch[117] class_error 24.6886  class_error_0 30.7783  class_error_1 27.3999  class_error_2 25.3260  loss_giou 0.2616  loss_giou_0 0.3429  loss_giou_1 0.2856  loss_giou_2 0.2719  loss_iou_scores 0.0471  loss_iou_scores_0 0.0502  loss_iou_scores_1 0.0485  loss_iou_scores_2 0.0483  loss_label 0.0774  loss_label_0 0.0917  loss_label_1 0.0848  loss_label_2 0.0806  loss_mask_iou 0.0000  loss_mask_iou_0 1.4099  loss_mask_iou_1 1.3785  loss_mask_iou_2 1.3634  loss_overall 10.3221  loss_query_cgp_bind 0.0753  loss_query_cgp_route 0.0000  loss_saliency 2.8632  loss_span 0.1794  loss_span_0 0.2286  loss_span_1 0.1925  loss_span_2 0.1857
2026-08-28 21:52:28,049 INFO Generate submissions
2026-08-28 21:52:33,508 INFO Saving/Evaluating before nms results
2026-08-28 21:52:37,662 INFO metrics_no_nms OrderedDict([   ('MR-full-R1@0.5', 68.0),
                ('MR-full-R1@0.7', 53.29),
                ('MR-full-mAP', 48.54),
                ('MR-full-mAP@0.5', 68.78),
                ('MR-full-mAP@0.75', 49.5),
                ('MR-long-mAP', 53.67),
                ('MR-middle-mAP', 50.72),
                ('MR-short-mAP', 13.55),
                ('HL-min-Fair-mAP', 77.63),
                ('HL-min-Fair-Hit1', 80.19),
                ('HL-min-Good-mAP', 66.62),
                ('HL-min-Good-Hit1', 78.45),
                ('HL-min-VeryGood-mAP', 41.03),
                ('HL-min-VeryGood-Hit1', 66.9)])
2026-08-28 21:52:37,985 INFO [Epoch 118]
2026-08-28 21:53:37,938 INFO Epoch[118] class_error 24.7306  class_error_0 30.8366  class_error_1 27.1943  class_error_2 25.4711  loss_giou 0.2625  loss_giou_0 0.3432  loss_giou_1 0.2854  loss_giou_2 0.2721  loss_iou_scores 0.0476  loss_iou_scores_0 0.0500  loss_iou_scores_1 0.0492  loss_iou_scores_2 0.0491  loss_label 0.0765  loss_label_0 0.0898  loss_label_1 0.0836  loss_label_2 0.0793  loss_mask_iou 0.0000  loss_mask_iou_0 1.4062  loss_mask_iou_1 1.3731  loss_mask_iou_2 1.3580  loss_overall 10.3216  loss_query_cgp_bind 0.0771  loss_query_cgp_route 0.0000  loss_saliency 2.8655  loss_span 0.1827  loss_span_0 0.2308  loss_span_1 0.1939  loss_span_2 0.1878
2026-08-28 21:53:37,940 INFO Generate submissions
2026-08-28 21:53:43,411 INFO Saving/Evaluating before nms results
2026-08-28 21:53:48,874 INFO metrics_no_nms OrderedDict([   ('MR-full-R1@0.5', 67.55),
                ('MR-full-R1@0.7', 53.74),
                ('MR-full-mAP', 48.49),
                ('MR-full-mAP@0.5', 68.29),
                ('MR-full-mAP@0.75', 49.98),
                ('MR-long-mAP', 53.03),
                ('MR-middle-mAP', 51.31),
                ('MR-short-mAP', 13.35),
                ('HL-min-Fair-mAP', 77.48),
                ('HL-min-Fair-Hit1', 79.81),
                ('HL-min-Good-mAP', 66.55),
                ('HL-min-Good-Hit1', 78.06),
                ('HL-min-VeryGood-mAP', 41.03),
                ('HL-min-VeryGood-Hit1', 66.26)])
2026-08-28 21:53:49,225 INFO [Epoch 119]
2026-08-28 21:54:50,226 INFO Epoch[119] class_error 24.4072  class_error_0 30.7811  class_error_1 27.4139  class_error_2 25.3298  loss_giou 0.2614  loss_giou_0 0.3444  loss_giou_1 0.2863  loss_giou_2 0.2721  loss_iou_scores 0.0480  loss_iou_scores_0 0.0501  loss_iou_scores_1 0.0492  loss_iou_scores_2 0.0493  loss_label 0.0776  loss_label_0 0.0916  loss_label_1 0.0851  loss_label_2 0.0804  loss_mask_iou 0.0000  loss_mask_iou_0 1.4044  loss_mask_iou_1 1.3709  loss_mask_iou_2 1.3569  loss_overall 10.3026  loss_query_cgp_bind 0.0774  loss_query_cgp_route 0.0000  loss_saliency 2.8591  loss_span 0.1786  loss_span_0 0.2285  loss_span_1 0.1915  loss_span_2 0.1847
2026-08-28 21:54:50,230 INFO Generate submissions
2026-08-28 21:54:55,736 INFO Saving/Evaluating before nms results
2026-08-28 21:55:01,269 INFO metrics_no_nms OrderedDict([   ('MR-full-R1@0.5', 68.06),
                ('MR-full-R1@0.7', 53.48),
                ('MR-full-mAP', 48.26),
                ('MR-full-mAP@0.5', 68.41),
                ('MR-full-mAP@0.75', 49.27),
                ('MR-long-mAP', 52.85),
                ('MR-middle-mAP', 50.83),
                ('MR-short-mAP', 13.51),
                ('HL-min-Fair-mAP', 77.4),
                ('HL-min-Fair-Hit1', 79.74),
                ('HL-min-Good-mAP', 66.36),
                ('HL-min-Good-Hit1', 77.94),
                ('HL-min-VeryGood-mAP', 40.89),
                ('HL-min-VeryGood-Hit1', 66.06)])
2026-08-28 21:55:01,606 INFO [Epoch 120]
2026-08-28 21:56:02,993 INFO Epoch[120] class_error 24.3351  class_error_0 30.4076  class_error_1 27.2899  class_error_2 25.3562  loss_giou 0.2608  loss_giou_0 0.3435  loss_giou_1 0.2846  loss_giou_2 0.2710  loss_iou_scores 0.0479  loss_iou_scores_0 0.0499  loss_iou_scores_1 0.0489  loss_iou_scores_2 0.0492  loss_label 0.0768  loss_label_0 0.0906  loss_label_1 0.0839  loss_label_2 0.0800  loss_mask_iou 0.0000  loss_mask_iou_0 1.4002  loss_mask_iou_1 1.3674  loss_mask_iou_2 1.3547  loss_overall 10.2953  loss_query_cgp_bind 0.0778  loss_query_cgp_route 0.0000  loss_saliency 2.8601  loss_span 0.1825  loss_span_0 0.2306  loss_span_1 0.1940  loss_span_2 0.1875
2026-08-28 21:56:02,996 INFO Generate submissions
2026-08-28 21:56:07,879 INFO Saving/Evaluating before nms results
2026-08-28 21:56:13,092 INFO metrics_no_nms OrderedDict([   ('MR-full-R1@0.5', 67.94),
                ('MR-full-R1@0.7', 53.29),
                ('MR-full-mAP', 48.47),
                ('MR-full-mAP@0.5', 68.64),
                ('MR-full-mAP@0.75', 49.47),
                ('MR-long-mAP', 53.86),
                ('MR-middle-mAP', 50.76),
                ('MR-short-mAP', 13.42),
                ('HL-min-Fair-mAP', 77.48),
                ('HL-min-Fair-Hit1', 79.74),
                ('HL-min-Good-mAP', 66.45),
                ('HL-min-Good-Hit1', 78.0),
                ('HL-min-VeryGood-mAP', 40.95),
                ('HL-min-VeryGood-Hit1', 66.06)])
2026-08-28 21:56:13,435 INFO [Epoch 121]
2026-08-28 21:57:15,281 INFO Epoch[121] class_error 24.2105  class_error_0 30.2703  class_error_1 27.2032  class_error_2 25.2005  loss_giou 0.2592  loss_giou_0 0.3409  loss_giou_1 0.2820  loss_giou_2 0.2691  loss_iou_scores 0.0485  loss_iou_scores_0 0.0504  loss_iou_scores_1 0.0493  loss_iou_scores_2 0.0494  loss_label 0.0769  loss_label_0 0.0906  loss_label_1 0.0848  loss_label_2 0.0802  loss_mask_iou 0.0000  loss_mask_iou_0 1.3869  loss_mask_iou_1 1.3511  loss_mask_iou_2 1.3403  loss_overall 10.2244  loss_query_cgp_bind 0.0755  loss_query_cgp_route 0.0000  loss_saliency 2.8660  loss_span 0.1770  loss_span_0 0.2247  loss_span_1 0.1883  loss_span_2 0.1814
2026-08-28 21:57:15,285 INFO Generate submissions
2026-08-28 21:57:20,793 INFO Saving/Evaluating before nms results
2026-08-28 21:57:25,548 INFO metrics_no_nms OrderedDict([   ('MR-full-R1@0.5', 68.45),
                ('MR-full-R1@0.7', 53.29),
                ('MR-full-mAP', 48.62),
                ('MR-full-mAP@0.5', 68.88),
                ('MR-full-mAP@0.75', 49.73),
                ('MR-long-mAP', 53.91),
                ('MR-middle-mAP', 50.96),
                ('MR-short-mAP', 13.27),
                ('HL-min-Fair-mAP', 77.51),
                ('HL-min-Fair-Hit1', 79.74),
                ('HL-min-Good-mAP', 66.44),
                ('HL-min-Good-Hit1', 78.0),
                ('HL-min-VeryGood-mAP', 40.94),
                ('HL-min-VeryGood-Hit1', 66.32)])
2026-08-28 21:57:25,862 INFO [Epoch 122]
2026-08-28 21:58:28,051 INFO Epoch[122] class_error 24.3572  class_error_0 30.2195  class_error_1 26.9390  class_error_2 24.9474  loss_giou 0.2591  loss_giou_0 0.3402  loss_giou_1 0.2826  loss_giou_2 0.2691  loss_iou_scores 0.0472  loss_iou_scores_0 0.0501  loss_iou_scores_1 0.0483  loss_iou_scores_2 0.0485  loss_label 0.0764  loss_label_0 0.0905  loss_label_1 0.0843  loss_label_2 0.0798  loss_mask_iou 0.0000  loss_mask_iou_0 1.3982  loss_mask_iou_1 1.3607  loss_mask_iou_2 1.3529  loss_overall 10.2592  loss_query_cgp_bind 0.0756  loss_query_cgp_route 0.0000  loss_saliency 2.8602  loss_span 0.1797  loss_span_0 0.2267  loss_span_1 0.1912  loss_span_2 0.1848
2026-08-28 21:58:28,055 INFO Generate submissions
2026-08-28 21:58:32,900 INFO Saving/Evaluating before nms results
2026-08-28 21:58:37,684 INFO metrics_no_nms OrderedDict([   ('MR-full-R1@0.5', 68.06),
                ('MR-full-R1@0.7', 52.77),
                ('MR-full-mAP', 48.44),
                ('MR-full-mAP@0.5', 68.74),
                ('MR-full-mAP@0.75', 49.3),
                ('MR-long-mAP', 54.1),
                ('MR-middle-mAP', 50.33),
                ('MR-short-mAP', 13.46),
                ('HL-min-Fair-mAP', 77.59),
                ('HL-min-Fair-Hit1', 79.87),
                ('HL-min-Good-mAP', 66.59),
                ('HL-min-Good-Hit1', 78.19),
                ('HL-min-VeryGood-mAP', 41.07),
                ('HL-min-VeryGood-Hit1', 66.45)])
2026-08-28 21:58:38,020 INFO [Epoch 123]
2026-08-28 21:59:39,562 INFO Epoch[123] class_error 24.4881  class_error_0 29.7184  class_error_1 26.6926  class_error_2 25.0535  loss_giou 0.2590  loss_giou_0 0.3412  loss_giou_1 0.2828  loss_giou_2 0.2692  loss_iou_scores 0.0468  loss_iou_scores_0 0.0503  loss_iou_scores_1 0.0479  loss_iou_scores_2 0.0482  loss_label 0.0767  loss_label_0 0.0910  loss_label_1 0.0844  loss_label_2 0.0800  loss_mask_iou 0.0000  loss_mask_iou_0 1.4000  loss_mask_iou_1 1.3606  loss_mask_iou_2 1.3496  loss_overall 10.2455  loss_query_cgp_bind 0.0757  loss_query_cgp_route 0.0000  loss_saliency 2.8577  loss_span 0.1752  loss_span_0 0.2257  loss_span_1 0.1880  loss_span_2 0.1807
2026-08-28 21:59:39,564 INFO Generate submissions
2026-08-28 21:59:45,332 INFO Saving/Evaluating before nms results
2026-08-28 21:59:49,248 INFO metrics_no_nms OrderedDict([   ('MR-full-R1@0.5', 68.19),
                ('MR-full-R1@0.7', 53.35),
                ('MR-full-mAP', 48.6),
                ('MR-full-mAP@0.5', 68.42),
                ('MR-full-mAP@0.75', 49.7),
                ('MR-long-mAP', 53.87),
                ('MR-middle-mAP', 50.93),
                ('MR-short-mAP', 13.63),
                ('HL-min-Fair-mAP', 77.68),
                ('HL-min-Fair-Hit1', 80.52),
                ('HL-min-Good-mAP', 66.62),
                ('HL-min-Good-Hit1', 78.45),
                ('HL-min-VeryGood-mAP', 41.01),
                ('HL-min-VeryGood-Hit1', 66.77)])
2026-08-28 21:59:49,579 INFO [Epoch 124]
2026-08-28 22:00:52,025 INFO Epoch[124] class_error 24.4717  class_error_0 30.5185  class_error_1 27.1170  class_error_2 24.8476  loss_giou 0.2559  loss_giou_0 0.3399  loss_giou_1 0.2802  loss_giou_2 0.2656  loss_iou_scores 0.0475  loss_iou_scores_0 0.0504  loss_iou_scores_1 0.0489  loss_iou_scores_2 0.0489  loss_label 0.0756  loss_label_0 0.0911  loss_label_1 0.0845  loss_label_2 0.0787  loss_mask_iou 0.0000  loss_mask_iou_0 1.3762  loss_mask_iou_1 1.3404  loss_mask_iou_2 1.3293  loss_overall 10.1621  loss_query_cgp_bind 0.0750  loss_query_cgp_route 0.0000  loss_saliency 2.8575  loss_span 0.1757  loss_span_0 0.2243  loss_span_1 0.1873  loss_span_2 0.1801
2026-08-28 22:00:52,029 INFO Generate submissions
2026-08-28 22:00:57,627 INFO Saving/Evaluating before nms results
2026-08-28 22:01:01,319 INFO metrics_no_nms OrderedDict([   ('MR-full-R1@0.5', 67.61),
                ('MR-full-R1@0.7', 53.55),
                ('MR-full-mAP', 48.49),
                ('MR-full-mAP@0.5', 68.5),
                ('MR-full-mAP@0.75', 49.7),
                ('MR-long-mAP', 53.64),
                ('MR-middle-mAP', 50.79),
                ('MR-short-mAP', 13.74),
                ('HL-min-Fair-mAP', 77.44),
                ('HL-min-Fair-Hit1', 78.58),
                ('HL-min-Good-mAP', 66.38),
                ('HL-min-Good-Hit1', 76.52),
                ('HL-min-VeryGood-mAP', 40.86),
                ('HL-min-VeryGood-Hit1', 65.03)])
2026-08-28 22:01:01,602 INFO [Epoch 125]
2026-08-28 22:02:00,819 INFO Epoch[125] class_error 24.1997  class_error_0 29.8288  class_error_1 26.8394  class_error_2 25.4960  loss_giou 0.2570  loss_giou_0 0.3388  loss_giou_1 0.2801  loss_giou_2 0.2675  loss_iou_scores 0.0472  loss_iou_scores_0 0.0497  loss_iou_scores_1 0.0482  loss_iou_scores_2 0.0481  loss_label 0.0761  loss_label_0 0.0897  loss_label_1 0.0836  loss_label_2 0.0789  loss_mask_iou 0.0000  loss_mask_iou_0 1.3820  loss_mask_iou_1 1.3461  loss_mask_iou_2 1.3364  loss_overall 10.1678  loss_query_cgp_bind 0.0739  loss_query_cgp_route 0.0000  loss_saliency 2.8538  loss_span 0.1740  loss_span_0 0.2232  loss_span_1 0.1857  loss_span_2 0.1791
2026-08-28 22:02:00,823 INFO Generate submissions
2026-08-28 22:02:06,349 INFO Saving/Evaluating before nms results
2026-08-28 22:02:10,084 INFO metrics_no_nms OrderedDict([   ('MR-full-R1@0.5', 68.45),
                ('MR-full-R1@0.7', 53.42),
                ('MR-full-mAP', 48.46),
                ('MR-full-mAP@0.5', 68.8),
                ('MR-full-mAP@0.75', 49.76),
                ('MR-long-mAP', 53.24),
                ('MR-middle-mAP', 51.04),
                ('MR-short-mAP', 13.3),
                ('HL-min-Fair-mAP', 77.59),
                ('HL-min-Fair-Hit1', 80.06),
                ('HL-min-Good-mAP', 66.53),
                ('HL-min-Good-Hit1', 78.26),
                ('HL-min-VeryGood-mAP', 40.99),
                ('HL-min-VeryGood-Hit1', 66.65)])
2026-08-28 22:02:10,415 INFO [Epoch 126]
2026-08-28 22:03:10,405 INFO Epoch[126] class_error 23.9967  class_error_0 29.6437  class_error_1 26.6807  class_error_2 24.5256  loss_giou 0.2565  loss_giou_0 0.3376  loss_giou_1 0.2794  loss_giou_2 0.2664  loss_iou_scores 0.0474  loss_iou_scores_0 0.0507  loss_iou_scores_1 0.0486  loss_iou_scores_2 0.0484  loss_label 0.0752  loss_label_0 0.0890  loss_label_1 0.0826  loss_label_2 0.0781  loss_mask_iou 0.0000  loss_mask_iou_0 1.3826  loss_mask_iou_1 1.3459  loss_mask_iou_2 1.3341  loss_overall 10.1796  loss_query_cgp_bind 0.0750  loss_query_cgp_route 0.0000  loss_saliency 2.8554  loss_span 0.1761  loss_span_0 0.2261  loss_span_1 0.1886  loss_span_2 0.1812
2026-08-28 22:03:10,407 INFO Generate submissions
2026-08-28 22:03:16,204 INFO Saving/Evaluating before nms results
2026-08-28 22:03:19,835 INFO metrics_no_nms OrderedDict([   ('MR-full-R1@0.5', 68.9),
                ('MR-full-R1@0.7', 53.81),
                ('MR-full-mAP', 48.85),
                ('MR-full-mAP@0.5', 69.14),
                ('MR-full-mAP@0.75', 49.61),
                ('MR-long-mAP', 54.03),
                ('MR-middle-mAP', 51.54),
                ('MR-short-mAP', 13.1),
                ('HL-min-Fair-mAP', 77.84),
                ('HL-min-Fair-Hit1', 80.19),
                ('HL-min-Good-mAP', 66.76),
                ('HL-min-Good-Hit1', 78.39),
                ('HL-min-VeryGood-mAP', 41.12),
                ('HL-min-VeryGood-Hit1', 66.52)])
2026-08-28 22:03:20,143 INFO [Epoch 127]
2026-08-28 22:04:20,346 INFO Epoch[127] class_error 23.7983  class_error_0 28.7859  class_error_1 27.0308  class_error_2 24.6119  loss_giou 0.2578  loss_giou_0 0.3402  loss_giou_1 0.2827  loss_giou_2 0.2682  loss_iou_scores 0.0469  loss_iou_scores_0 0.0498  loss_iou_scores_1 0.0484  loss_iou_scores_2 0.0481  loss_label 0.0757  loss_label_0 0.0898  loss_label_1 0.0838  loss_label_2 0.0790  loss_mask_iou 0.0000  loss_mask_iou_0 1.3704  loss_mask_iou_1 1.3353  loss_mask_iou_2 1.3289  loss_overall 10.1611  loss_query_cgp_bind 0.0755  loss_query_cgp_route 0.0000  loss_saliency 2.8510  loss_span 0.1783  loss_span_0 0.2266  loss_span_1 0.1892  loss_span_2 0.1826
2026-08-28 22:04:20,350 INFO Generate submissions
2026-08-28 22:04:26,178 INFO Saving/Evaluating before nms results
2026-08-28 22:04:30,255 INFO metrics_no_nms OrderedDict([   ('MR-full-R1@0.5', 68.39),
                ('MR-full-R1@0.7', 52.77),
                ('MR-full-mAP', 48.5),
                ('MR-full-mAP@0.5', 68.81),
                ('MR-full-mAP@0.75', 49.54),
                ('MR-long-mAP', 53.41),
                ('MR-middle-mAP', 50.91),
                ('MR-short-mAP', 13.52),
                ('HL-min-Fair-mAP', 77.57),
                ('HL-min-Fair-Hit1', 79.35),
                ('HL-min-Good-mAP', 66.5),
                ('HL-min-Good-Hit1', 77.61),
                ('HL-min-VeryGood-mAP', 40.94),
                ('HL-min-VeryGood-Hit1', 65.29)])
2026-08-28 22:04:30,569 INFO [Epoch 128]
2026-08-28 22:05:30,781 INFO Epoch[128] class_error 24.0272  class_error_0 29.4904  class_error_1 27.0077  class_error_2 24.5644  loss_giou 0.2580  loss_giou_0 0.3397  loss_giou_1 0.2820  loss_giou_2 0.2681  loss_iou_scores 0.0470  loss_iou_scores_0 0.0510  loss_iou_scores_1 0.0482  loss_iou_scores_2 0.0483  loss_label 0.0762  loss_label_0 0.0908  loss_label_1 0.0844  loss_label_2 0.0796  loss_mask_iou 0.0000  loss_mask_iou_0 1.3860  loss_mask_iou_1 1.3500  loss_mask_iou_2 1.3350  loss_overall 10.1966  loss_query_cgp_bind 0.0757  loss_query_cgp_route 0.0000  loss_saliency 2.8551  loss_span 0.1760  loss_span_0 0.2249  loss_span_1 0.1883  loss_span_2 0.1815
2026-08-28 22:05:30,784 INFO Generate submissions
2026-08-28 22:05:36,006 INFO Saving/Evaluating before nms results
2026-08-28 22:05:40,699 INFO metrics_no_nms OrderedDict([   ('MR-full-R1@0.5', 68.32),
                ('MR-full-R1@0.7', 53.55),
                ('MR-full-mAP', 48.65),
                ('MR-full-mAP@0.5', 68.67),
                ('MR-full-mAP@0.75', 49.97),
                ('MR-long-mAP', 53.38),
                ('MR-middle-mAP', 51.32),
                ('MR-short-mAP', 13.4),
                ('HL-min-Fair-mAP', 77.59),
                ('HL-min-Fair-Hit1', 79.74),
                ('HL-min-Good-mAP', 66.6),
                ('HL-min-Good-Hit1', 78.0),
                ('HL-min-VeryGood-mAP', 41.11),
                ('HL-min-VeryGood-Hit1', 66.58)])
2026-08-28 22:05:41,030 INFO [Epoch 129]
2026-08-28 22:06:41,215 INFO Epoch[129] class_error 23.5415  class_error_0 29.5784  class_error_1 26.5417  class_error_2 24.8561  loss_giou 0.2571  loss_giou_0 0.3400  loss_giou_1 0.2801  loss_giou_2 0.2671  loss_iou_scores 0.0465  loss_iou_scores_0 0.0493  loss_iou_scores_1 0.0479  loss_iou_scores_2 0.0477  loss_label 0.0749  loss_label_0 0.0894  loss_label_1 0.0829  loss_label_2 0.0787  loss_mask_iou 0.0000  loss_mask_iou_0 1.3773  loss_mask_iou_1 1.3424  loss_mask_iou_2 1.3294  loss_overall 10.1572  loss_query_cgp_bind 0.0747  loss_query_cgp_route 0.0000  loss_saliency 2.8507  loss_span 0.1760  loss_span_0 0.2258  loss_span_1 0.1879  loss_span_2 0.1801
2026-08-28 22:06:41,217 INFO Generate submissions
2026-08-28 22:06:48,266 INFO Saving/Evaluating before nms results
2026-08-28 22:06:52,114 INFO metrics_no_nms OrderedDict([   ('MR-full-R1@0.5', 67.87),
                ('MR-full-R1@0.7', 53.81),
                ('MR-full-mAP', 48.91),
                ('MR-full-mAP@0.5', 68.54),
                ('MR-full-mAP@0.75', 50.07),
                ('MR-long-mAP', 54.34),
                ('MR-middle-mAP', 51.35),
                ('MR-short-mAP', 13.27),
                ('HL-min-Fair-mAP', 77.49),
                ('HL-min-Fair-Hit1', 80.26),
                ('HL-min-Good-mAP', 66.57),
                ('HL-min-Good-Hit1', 78.39),
                ('HL-min-VeryGood-mAP', 41.08),
                ('HL-min-VeryGood-Hit1', 66.97)])
2026-08-28 22:06:52,445 INFO [Best] epoch 129, MR-full-mAP 48.9100
2026-08-28 22:06:52,777 INFO [Epoch 130]
2026-08-28 22:07:53,685 INFO Epoch[130] class_error 23.6519  class_error_0 28.6615  class_error_1 26.1791  class_error_2 24.8442  loss_giou 0.2536  loss_giou_0 0.3379  loss_giou_1 0.2772  loss_giou_2 0.2636  loss_iou_scores 0.0468  loss_iou_scores_0 0.0495  loss_iou_scores_1 0.0482  loss_iou_scores_2 0.0483  loss_label 0.0754  loss_label_0 0.0895  loss_label_1 0.0832  loss_label_2 0.0792  loss_mask_iou 0.0000  loss_mask_iou_0 1.3635  loss_mask_iou_1 1.3285  loss_mask_iou_2 1.3168  loss_overall 10.1039  loss_query_cgp_bind 0.0729  loss_query_cgp_route 0.0000  loss_saliency 2.8514  loss_span 0.1756  loss_span_0 0.2247  loss_span_1 0.1863  loss_span_2 0.1796
2026-08-28 22:07:53,687 INFO Generate submissions
2026-08-28 22:07:59,463 INFO Saving/Evaluating before nms results
2026-08-28 22:08:03,779 INFO metrics_no_nms OrderedDict([   ('MR-full-R1@0.5', 67.68),
                ('MR-full-R1@0.7', 53.74),
                ('MR-full-mAP', 48.73),
                ('MR-full-mAP@0.5', 68.61),
                ('MR-full-mAP@0.75', 49.75),
                ('MR-long-mAP', 53.65),
                ('MR-middle-mAP', 51.23),
                ('MR-short-mAP', 13.66),
                ('HL-min-Fair-mAP', 77.54),
                ('HL-min-Fair-Hit1', 80.13),
                ('HL-min-Good-mAP', 66.56),
                ('HL-min-Good-Hit1', 78.13),
                ('HL-min-VeryGood-mAP', 41.04),
                ('HL-min-VeryGood-Hit1', 66.39)])
2026-08-28 22:08:04,175 INFO [Epoch 131]
2026-08-28 22:09:04,807 INFO Epoch[131] class_error 23.7507  class_error_0 29.5507  class_error_1 26.2507  class_error_2 24.4886  loss_giou 0.2575  loss_giou_0 0.3384  loss_giou_1 0.2803  loss_giou_2 0.2671  loss_iou_scores 0.0468  loss_iou_scores_0 0.0500  loss_iou_scores_1 0.0478  loss_iou_scores_2 0.0481  loss_label 0.0752  loss_label_0 0.0894  loss_label_1 0.0828  loss_label_2 0.0781  loss_mask_iou 0.0000  loss_mask_iou_0 1.3850  loss_mask_iou_1 1.3419  loss_mask_iou_2 1.3366  loss_overall 10.1726  loss_query_cgp_bind 0.0737  loss_query_cgp_route 0.0000  loss_saliency 2.8559  loss_span 0.1759  loss_span_0 0.2227  loss_span_1 0.1872  loss_span_2 0.1809
2026-08-28 22:09:04,810 INFO Generate submissions
2026-08-28 22:09:10,176 INFO Saving/Evaluating before nms results
2026-08-28 22:09:14,045 INFO metrics_no_nms OrderedDict([   ('MR-full-R1@0.5', 68.0),
                ('MR-full-R1@0.7', 53.16),
                ('MR-full-mAP', 48.37),
                ('MR-full-mAP@0.5', 68.71),
                ('MR-full-mAP@0.75', 49.23),
                ('MR-long-mAP', 53.84),
                ('MR-middle-mAP', 50.48),
                ('MR-short-mAP', 13.37),
                ('HL-min-Fair-mAP', 77.62),
                ('HL-min-Fair-Hit1', 80.19),
                ('HL-min-Good-mAP', 66.56),
                ('HL-min-Good-Hit1', 78.19),
                ('HL-min-VeryGood-mAP', 41.06),
                ('HL-min-VeryGood-Hit1', 66.19)])
2026-08-28 22:09:14,364 INFO [Epoch 132]
2026-08-28 22:10:13,992 INFO Epoch[132] class_error 24.3703  class_error_0 29.2621  class_error_1 26.6746  class_error_2 24.9725  loss_giou 0.2560  loss_giou_0 0.3390  loss_giou_1 0.2801  loss_giou_2 0.2661  loss_iou_scores 0.0471  loss_iou_scores_0 0.0497  loss_iou_scores_1 0.0487  loss_iou_scores_2 0.0487  loss_label 0.0763  loss_label_0 0.0894  loss_label_1 0.0832  loss_label_2 0.0795  loss_mask_iou 0.0000  loss_mask_iou_0 1.3835  loss_mask_iou_1 1.3439  loss_mask_iou_2 1.3300  loss_overall 10.1761  loss_query_cgp_bind 0.0736  loss_query_cgp_route 0.0000  loss_saliency 2.8593  loss_span 0.1765  loss_span_0 0.2245  loss_span_1 0.1894  loss_span_2 0.1814
2026-08-28 22:10:13,995 INFO Generate submissions
2026-08-28 22:10:20,456 INFO Saving/Evaluating before nms results
2026-08-28 22:10:24,395 INFO metrics_no_nms OrderedDict([   ('MR-full-R1@0.5', 68.06),
                ('MR-full-R1@0.7', 53.74),
                ('MR-full-mAP', 48.47),
                ('MR-full-mAP@0.5', 68.64),
                ('MR-full-mAP@0.75', 49.53),
                ('MR-long-mAP', 53.73),
                ('MR-middle-mAP', 51.01),
                ('MR-short-mAP', 13.0),
                ('HL-min-Fair-mAP', 77.5),
                ('HL-min-Fair-Hit1', 80.13),
                ('HL-min-Good-mAP', 66.49),
                ('HL-min-Good-Hit1', 78.0),
                ('HL-min-VeryGood-mAP', 41.01),
                ('HL-min-VeryGood-Hit1', 66.84)])
2026-08-28 22:10:24,703 INFO [Epoch 133]
2026-08-28 22:11:25,101 INFO Epoch[133] class_error 23.8383  class_error_0 29.4084  class_error_1 26.1438  class_error_2 24.6025  loss_giou 0.2555  loss_giou_0 0.3378  loss_giou_1 0.2796  loss_giou_2 0.2650  loss_iou_scores 0.0471  loss_iou_scores_0 0.0496  loss_iou_scores_1 0.0480  loss_iou_scores_2 0.0483  loss_label 0.0756  loss_label_0 0.0890  loss_label_1 0.0834  loss_label_2 0.0790  loss_mask_iou 0.0000  loss_mask_iou_0 1.3669  loss_mask_iou_1 1.3332  loss_mask_iou_2 1.3204  loss_overall 10.1129  loss_query_cgp_bind 0.0747  loss_query_cgp_route 0.0000  loss_saliency 2.8535  loss_span 0.1738  loss_span_0 0.2226  loss_span_1 0.1854  loss_span_2 0.1784
2026-08-28 22:11:25,104 INFO Generate submissions
2026-08-28 22:11:30,868 INFO Saving/Evaluating before nms results
2026-08-28 22:11:35,148 INFO metrics_no_nms OrderedDict([   ('MR-full-R1@0.5', 67.61),
                ('MR-full-R1@0.7', 52.65),
                ('MR-full-mAP', 48.06),
                ('MR-full-mAP@0.5', 68.49),
                ('MR-full-mAP@0.75', 49.1),
                ('MR-long-mAP', 52.81),
                ('MR-middle-mAP', 50.71),
                ('MR-short-mAP', 13.57),
                ('HL-min-Fair-mAP', 77.77),
                ('HL-min-Fair-Hit1', 80.58),
                ('HL-min-Good-mAP', 66.67),
                ('HL-min-Good-Hit1', 78.39),
                ('HL-min-VeryGood-mAP', 41.06),
                ('HL-min-VeryGood-Hit1', 66.13)])
2026-08-28 22:11:35,503 INFO [Epoch 134]
2026-08-28 22:12:37,195 INFO Epoch[134] class_error 23.6133  class_error_0 29.7077  class_error_1 26.3907  class_error_2 24.3506  loss_giou 0.2553  loss_giou_0 0.3369  loss_giou_1 0.2805  loss_giou_2 0.2665  loss_iou_scores 0.0475  loss_iou_scores_0 0.0495  loss_iou_scores_1 0.0480  loss_iou_scores_2 0.0481  loss_label 0.0744  loss_label_0 0.0889  loss_label_1 0.0822  loss_label_2 0.0779  loss_mask_iou 0.0000  loss_mask_iou_0 1.3708  loss_mask_iou_1 1.3310  loss_mask_iou_2 1.3135  loss_overall 10.1109  loss_query_cgp_bind 0.0745  loss_query_cgp_route 0.0000  loss_saliency 2.8506  loss_span 0.1750  loss_span_0 0.2224  loss_span_1 0.1877  loss_span_2 0.1808
2026-08-28 22:12:37,198 INFO Generate submissions
2026-08-28 22:12:43,300 INFO Saving/Evaluating before nms results
2026-08-28 22:12:47,344 INFO metrics_no_nms OrderedDict([   ('MR-full-R1@0.5', 67.48),
                ('MR-full-R1@0.7', 52.84),
                ('MR-full-mAP', 48.41),
                ('MR-full-mAP@0.5', 68.3),
                ('MR-full-mAP@0.75', 49.54),
                ('MR-long-mAP', 53.76),
                ('MR-middle-mAP', 50.66),
                ('MR-short-mAP', 13.27),
                ('HL-min-Fair-mAP', 77.45),
                ('HL-min-Fair-Hit1', 79.23),
                ('HL-min-Good-mAP', 66.38),
                ('HL-min-Good-Hit1', 77.29),
                ('HL-min-VeryGood-mAP', 40.93),
                ('HL-min-VeryGood-Hit1', 66.26)])
2026-08-28 22:12:47,685 INFO [Epoch 135]
2026-08-28 22:13:49,078 INFO Epoch[135] class_error 23.8850  class_error_0 28.5817  class_error_1 26.5595  class_error_2 24.1472  loss_giou 0.2569  loss_giou_0 0.3348  loss_giou_1 0.2784  loss_giou_2 0.2671  loss_iou_scores 0.0466  loss_iou_scores_0 0.0490  loss_iou_scores_1 0.0478  loss_iou_scores_2 0.0474  loss_label 0.0746  loss_label_0 0.0873  loss_label_1 0.0823  loss_label_2 0.0775  loss_mask_iou 0.0000  loss_mask_iou_0 1.3661  loss_mask_iou_1 1.3344  loss_mask_iou_2 1.3291  loss_overall 10.1178  loss_query_cgp_bind 0.0733  loss_query_cgp_route 0.0000  loss_saliency 2.8530  loss_span 0.1765  loss_span_0 0.2218  loss_span_1 0.1866  loss_span_2 0.1819
2026-08-28 22:13:49,080 INFO Generate submissions
2026-08-28 22:13:55,478 INFO Saving/Evaluating before nms results
2026-08-28 22:13:59,668 INFO metrics_no_nms OrderedDict([   ('MR-full-R1@0.5', 67.87),
                ('MR-full-R1@0.7', 52.84),
                ('MR-full-mAP', 48.78),
                ('MR-full-mAP@0.5', 68.63),
                ('MR-full-mAP@0.75', 49.51),
                ('MR-long-mAP', 54.72),
                ('MR-middle-mAP', 50.82),
                ('MR-short-mAP', 13.44),
                ('HL-min-Fair-mAP', 77.37),
                ('HL-min-Fair-Hit1', 80.0),
                ('HL-min-Good-mAP', 66.33),
                ('HL-min-Good-Hit1', 78.06),
                ('HL-min-VeryGood-mAP', 40.92),
                ('HL-min-VeryGood-Hit1', 67.42)])
2026-08-28 22:14:00,022 INFO [Epoch 136]
2026-08-28 22:14:59,912 INFO Epoch[136] class_error 23.6070  class_error_0 29.0136  class_error_1 26.2083  class_error_2 24.4959  loss_giou 0.2564  loss_giou_0 0.3372  loss_giou_1 0.2796  loss_giou_2 0.2667  loss_iou_scores 0.0464  loss_iou_scores_0 0.0495  loss_iou_scores_1 0.0480  loss_iou_scores_2 0.0477  loss_label 0.0749  loss_label_0 0.0886  loss_label_1 0.0819  loss_label_2 0.0778  loss_mask_iou 0.0000  loss_mask_iou_0 1.3725  loss_mask_iou_1 1.3295  loss_mask_iou_2 1.3203  loss_overall 10.1095  loss_query_cgp_bind 0.0738  loss_query_cgp_route 0.0000  loss_saliency 2.8527  loss_span 0.1733  loss_span_0 0.2198  loss_span_1 0.1849  loss_span_2 0.1786
2026-08-28 22:14:59,918 INFO Generate submissions
2026-08-28 22:15:05,863 INFO Saving/Evaluating before nms results
2026-08-28 22:15:10,252 INFO metrics_no_nms OrderedDict([   ('MR-full-R1@0.5', 67.94),
                ('MR-full-R1@0.7', 53.1),
                ('MR-full-mAP', 48.44),
                ('MR-full-mAP@0.5', 68.68),
                ('MR-full-mAP@0.75', 49.43),
                ('MR-long-mAP', 54.48),
                ('MR-middle-mAP', 50.66),
                ('MR-short-mAP', 12.98),
                ('HL-min-Fair-mAP', 77.48),
                ('HL-min-Fair-Hit1', 79.74),
                ('HL-min-Good-mAP', 66.47),
                ('HL-min-Good-Hit1', 78.0),
                ('HL-min-VeryGood-mAP', 41.02),
                ('HL-min-VeryGood-Hit1', 66.45)])
2026-08-28 22:15:10,594 INFO [Epoch 137]
2026-08-28 22:16:09,762 INFO Epoch[137] class_error 23.4677  class_error_0 29.5568  class_error_1 26.4265  class_error_2 24.3341  loss_giou 0.2557  loss_giou_0 0.3362  loss_giou_1 0.2798  loss_giou_2 0.2655  loss_iou_scores 0.0465  loss_iou_scores_0 0.0488  loss_iou_scores_1 0.0471  loss_iou_scores_2 0.0470  loss_label 0.0744  loss_label_0 0.0889  loss_label_1 0.0825  loss_label_2 0.0777  loss_mask_iou 0.0000  loss_mask_iou_0 1.3718  loss_mask_iou_1 1.3431  loss_mask_iou_2 1.3279  loss_overall 10.1300  loss_query_cgp_bind 0.0741  loss_query_cgp_route 0.0000  loss_saliency 2.8510  loss_span 0.1755  loss_span_0 0.2222  loss_span_1 0.1877  loss_span_2 0.1807
2026-08-28 22:16:09,766 INFO Generate submissions
2026-08-28 22:16:14,965 INFO Saving/Evaluating before nms results
2026-08-28 22:16:19,081 INFO metrics_no_nms OrderedDict([   ('MR-full-R1@0.5', 67.55),
                ('MR-full-R1@0.7', 53.1),
                ('MR-full-mAP', 48.64),
                ('MR-full-mAP@0.5', 68.43),
                ('MR-full-mAP@0.75', 49.34),
                ('MR-long-mAP', 53.81),
                ('MR-middle-mAP', 50.89),
                ('MR-short-mAP', 13.63),
                ('HL-min-Fair-mAP', 77.64),
                ('HL-min-Fair-Hit1', 80.26),
                ('HL-min-Good-mAP', 66.53),
                ('HL-min-Good-Hit1', 78.32),
                ('HL-min-VeryGood-mAP', 40.99),
                ('HL-min-VeryGood-Hit1', 66.58)])
2026-08-28 22:16:19,449 INFO [Epoch 138]
2026-08-28 22:17:19,306 INFO Epoch[138] class_error 23.0966  class_error_0 28.2485  class_error_1 25.2055  class_error_2 23.6231  loss_giou 0.2553  loss_giou_0 0.3374  loss_giou_1 0.2784  loss_giou_2 0.2653  loss_iou_scores 0.0452  loss_iou_scores_0 0.0489  loss_iou_scores_1 0.0468  loss_iou_scores_2 0.0466  loss_label 0.0731  loss_label_0 0.0878  loss_label_1 0.0804  loss_label_2 0.0757  loss_mask_iou 0.0000  loss_mask_iou_0 1.3623  loss_mask_iou_1 1.3278  loss_mask_iou_2 1.3200  loss_overall 10.0713  loss_query_cgp_bind 0.0737  loss_query_cgp_route 0.0000  loss_saliency 2.8474  loss_span 0.1715  loss_span_0 0.2209  loss_span_1 0.1828  loss_span_2 0.1767
2026-08-28 22:17:19,309 INFO Generate submissions
2026-08-28 22:17:25,475 INFO Saving/Evaluating before nms results
2026-08-28 22:17:29,487 INFO metrics_no_nms OrderedDict([   ('MR-full-R1@0.5', 67.16),
                ('MR-full-R1@0.7', 52.97),
                ('MR-full-mAP', 48.35),
                ('MR-full-mAP@0.5', 68.28),
                ('MR-full-mAP@0.75', 49.5),
                ('MR-long-mAP', 54.09),
                ('MR-middle-mAP', 50.56),
                ('MR-short-mAP', 12.97),
                ('HL-min-Fair-mAP', 77.49),
                ('HL-min-Fair-Hit1', 79.87),
                ('HL-min-Good-mAP', 66.45),
                ('HL-min-Good-Hit1', 77.81),
                ('HL-min-VeryGood-mAP', 40.95),
                ('HL-min-VeryGood-Hit1', 66.26)])
2026-08-28 22:17:29,792 INFO [Epoch 139]
2026-08-28 22:18:29,434 INFO Epoch[139] class_error 23.6327  class_error_0 29.3262  class_error_1 26.0367  class_error_2 23.7127  loss_giou 0.2555  loss_giou_0 0.3357  loss_giou_1 0.2776  loss_giou_2 0.2647  loss_iou_scores 0.0467  loss_iou_scores_0 0.0492  loss_iou_scores_1 0.0477  loss_iou_scores_2 0.0479  loss_label 0.0747  loss_label_0 0.0883  loss_label_1 0.0826  loss_label_2 0.0780  loss_mask_iou 0.0000  loss_mask_iou_0 1.3691  loss_mask_iou_1 1.3300  loss_mask_iou_2 1.3211  loss_overall 10.1082  loss_query_cgp_bind 0.0757  loss_query_cgp_route 0.0000  loss_saliency 2.8504  loss_span 0.1755  loss_span_0 0.2229  loss_span_1 0.1853  loss_span_2 0.1799
2026-08-28 22:18:29,436 INFO Generate submissions
2026-08-28 22:18:36,110 INFO Saving/Evaluating before nms results
2026-08-28 22:18:40,593 INFO metrics_no_nms OrderedDict([   ('MR-full-R1@0.5', 68.0),
                ('MR-full-R1@0.7', 53.74),
                ('MR-full-mAP', 48.58),
                ('MR-full-mAP@0.5', 68.72),
                ('MR-full-mAP@0.75', 49.81),
                ('MR-long-mAP', 53.9),
                ('MR-middle-mAP', 51.03),
                ('MR-short-mAP', 13.05),
                ('HL-min-Fair-mAP', 77.64),
                ('HL-min-Fair-Hit1', 79.94),
                ('HL-min-Good-mAP', 66.5),
                ('HL-min-Good-Hit1', 77.81),
                ('HL-min-VeryGood-mAP', 40.95),
                ('HL-min-VeryGood-Hit1', 65.74)])
2026-08-28 22:18:40,924 INFO [Epoch 140]
2026-08-28 22:19:41,703 INFO Epoch[140] class_error 23.4127  class_error_0 29.0758  class_error_1 25.9184  class_error_2 24.4407  loss_giou 0.2527  loss_giou_0 0.3344  loss_giou_1 0.2768  loss_giou_2 0.2636  loss_iou_scores 0.0456  loss_iou_scores_0 0.0492  loss_iou_scores_1 0.0467  loss_iou_scores_2 0.0468  loss_label 0.0747  loss_label_0 0.0892  loss_label_1 0.0819  loss_label_2 0.0777  loss_mask_iou 0.0000  loss_mask_iou_0 1.3609  loss_mask_iou_1 1.3308  loss_mask_iou_2 1.3224  loss_overall 10.0804  loss_query_cgp_bind 0.0742  loss_query_cgp_route 0.0000  loss_saliency 2.8495  loss_span 0.1720  loss_span_0 0.2193  loss_span_1 0.1840  loss_span_2 0.1777
2026-08-28 22:19:41,706 INFO Generate submissions
2026-08-28 22:19:47,437 INFO Saving/Evaluating before nms results
2026-08-28 22:19:51,682 INFO metrics_no_nms OrderedDict([   ('MR-full-R1@0.5', 68.26),
                ('MR-full-R1@0.7', 53.87),
                ('MR-full-mAP', 48.52),
                ('MR-full-mAP@0.5', 68.69),
                ('MR-full-mAP@0.75', 49.45),
                ('MR-long-mAP', 54.2),
                ('MR-middle-mAP', 50.59),
                ('MR-short-mAP', 13.69),
                ('HL-min-Fair-mAP', 77.49),
                ('HL-min-Fair-Hit1', 80.0),
                ('HL-min-Good-mAP', 66.46),
                ('HL-min-Good-Hit1', 78.26),
                ('HL-min-VeryGood-mAP', 40.93),
                ('HL-min-VeryGood-Hit1', 66.45)])
2026-08-28 22:19:51,964 INFO [Epoch 141]
2026-08-28 22:20:50,858 INFO Epoch[141] class_error 23.4477  class_error_0 29.0517  class_error_1 26.1311  class_error_2 24.2267  loss_giou 0.2527  loss_giou_0 0.3347  loss_giou_1 0.2761  loss_giou_2 0.2620  loss_iou_scores 0.0468  loss_iou_scores_0 0.0498  loss_iou_scores_1 0.0480  loss_iou_scores_2 0.0479  loss_label 0.0751  loss_label_0 0.0893  loss_label_1 0.0828  loss_label_2 0.0782  loss_mask_iou 0.0000  loss_mask_iou_0 1.3564  loss_mask_iou_1 1.3215  loss_mask_iou_2 1.3116  loss_overall 10.0577  loss_query_cgp_bind 0.0727  loss_query_cgp_route 0.0000  loss_saliency 2.8475  loss_span 0.1737  loss_span_0 0.2212  loss_span_1 0.1851  loss_span_2 0.1787
2026-08-28 22:20:50,861 INFO Generate submissions
2026-08-28 22:20:56,833 INFO Saving/Evaluating before nms results
2026-08-28 22:21:00,981 INFO metrics_no_nms OrderedDict([   ('MR-full-R1@0.5', 67.81),
                ('MR-full-R1@0.7', 53.74),
                ('MR-full-mAP', 48.62),
                ('MR-full-mAP@0.5', 68.59),
                ('MR-full-mAP@0.75', 49.45),
                ('MR-long-mAP', 54.59),
                ('MR-middle-mAP', 50.75),
                ('MR-short-mAP', 13.15),
                ('HL-min-Fair-mAP', 77.22),
                ('HL-min-Fair-Hit1', 79.61),
                ('HL-min-Good-mAP', 66.24),
                ('HL-min-Good-Hit1', 77.61),
                ('HL-min-VeryGood-mAP', 40.92),
                ('HL-min-VeryGood-Hit1', 66.26)])
2026-08-28 22:21:01,313 INFO [Epoch 142]
2026-08-28 22:22:01,590 INFO Epoch[142] class_error 23.4089  class_error_0 28.7503  class_error_1 25.5215  class_error_2 24.0821  loss_giou 0.2528  loss_giou_0 0.3337  loss_giou_1 0.2763  loss_giou_2 0.2634  loss_iou_scores 0.0467  loss_iou_scores_0 0.0490  loss_iou_scores_1 0.0475  loss_iou_scores_2 0.0476  loss_label 0.0739  loss_label_0 0.0883  loss_label_1 0.0813  loss_label_2 0.0769  loss_mask_iou 0.0000  loss_mask_iou_0 1.3478  loss_mask_iou_1 1.3218  loss_mask_iou_2 1.3109  loss_overall 10.0379  loss_query_cgp_bind 0.0736  loss_query_cgp_route 0.0000  loss_saliency 2.8470  loss_span 0.1726  loss_span_0 0.2186  loss_span_1 0.1837  loss_span_2 0.1780
2026-08-28 22:22:01,593 INFO Generate submissions
2026-08-28 22:22:07,702 INFO Saving/Evaluating before nms results
2026-08-28 22:22:12,034 INFO metrics_no_nms OrderedDict([   ('MR-full-R1@0.5', 67.29),
                ('MR-full-R1@0.7', 52.97),
                ('MR-full-mAP', 48.56),
                ('MR-full-mAP@0.5', 68.31),
                ('MR-full-mAP@0.75', 49.58),
                ('MR-long-mAP', 54.01),
                ('MR-middle-mAP', 50.88),
                ('MR-short-mAP', 13.23),
                ('HL-min-Fair-mAP', 77.61),
                ('HL-min-Fair-Hit1', 79.81),
                ('HL-min-Good-mAP', 66.49),
                ('HL-min-Good-Hit1', 77.55),
                ('HL-min-VeryGood-mAP', 40.95),
                ('HL-min-VeryGood-Hit1', 65.94)])
2026-08-28 22:22:12,371 INFO [Epoch 143]
2026-08-28 22:23:12,045 INFO Epoch[143] class_error 23.9672  class_error_0 28.4284  class_error_1 25.8454  class_error_2 24.7018  loss_giou 0.2530  loss_giou_0 0.3323  loss_giou_1 0.2769  loss_giou_2 0.2629  loss_iou_scores 0.0465  loss_iou_scores_0 0.0490  loss_iou_scores_1 0.0474  loss_iou_scores_2 0.0475  loss_label 0.0746  loss_label_0 0.0887  loss_label_1 0.0815  loss_label_2 0.0776  loss_mask_iou 0.0000  loss_mask_iou_0 1.3550  loss_mask_iou_1 1.3208  loss_mask_iou_2 1.3075  loss_overall 10.0464  loss_query_cgp_bind 0.0731  loss_query_cgp_route 0.0000  loss_saliency 2.8508  loss_span 0.1731  loss_span_0 0.2198  loss_span_1 0.1844  loss_span_2 0.1782
2026-08-28 22:23:12,049 INFO Generate submissions
2026-08-28 22:23:17,370 INFO Saving/Evaluating before nms results
2026-08-28 22:23:21,470 INFO metrics_no_nms OrderedDict([   ('MR-full-R1@0.5', 67.42),
                ('MR-full-R1@0.7', 53.42),
                ('MR-full-mAP', 48.71),
                ('MR-full-mAP@0.5', 68.3),
                ('MR-full-mAP@0.75', 49.74),
                ('MR-long-mAP', 54.07),
                ('MR-middle-mAP', 50.79),
                ('MR-short-mAP', 13.51),
                ('HL-min-Fair-mAP', 77.65),
                ('HL-min-Fair-Hit1', 80.0),
                ('HL-min-Good-mAP', 66.6),
                ('HL-min-Good-Hit1', 78.19),
                ('HL-min-VeryGood-mAP', 41.1),
                ('HL-min-VeryGood-Hit1', 66.32)])
2026-08-28 22:23:21,839 INFO [Epoch 144]
2026-08-28 22:24:20,851 INFO Epoch[144] class_error 23.4243  class_error_0 28.8460  class_error_1 25.7745  class_error_2 23.9359  loss_giou 0.2510  loss_giou_0 0.3326  loss_giou_1 0.2761  loss_giou_2 0.2619  loss_iou_scores 0.0466  loss_iou_scores_0 0.0488  loss_iou_scores_1 0.0473  loss_iou_scores_2 0.0475  loss_label 0.0736  loss_label_0 0.0884  loss_label_1 0.0812  loss_label_2 0.0763  loss_mask_iou 0.0000  loss_mask_iou_0 1.3442  loss_mask_iou_1 1.3102  loss_mask_iou_2 1.3008  loss_overall 10.0047  loss_query_cgp_bind 0.0732  loss_query_cgp_route 0.0000  loss_saliency 2.8474  loss_span 0.1712  loss_span_0 0.2186  loss_span_1 0.1828  loss_span_2 0.1773
2026-08-28 22:24:20,854 INFO Generate submissions
2026-08-28 22:24:27,161 INFO Saving/Evaluating before nms results
2026-08-28 22:24:31,243 INFO metrics_no_nms OrderedDict([   ('MR-full-R1@0.5', 67.55),
                ('MR-full-R1@0.7', 53.16),
                ('MR-full-mAP', 48.62),
                ('MR-full-mAP@0.5', 68.71),
                ('MR-full-mAP@0.75', 49.58),
                ('MR-long-mAP', 54.46),
                ('MR-middle-mAP', 50.69),
                ('MR-short-mAP', 12.88),
                ('HL-min-Fair-mAP', 77.67),
                ('HL-min-Fair-Hit1', 80.13),
                ('HL-min-Good-mAP', 66.53),
                ('HL-min-Good-Hit1', 78.0),
                ('HL-min-VeryGood-mAP', 40.99),
                ('HL-min-VeryGood-Hit1', 65.81)])
2026-08-28 22:24:31,595 INFO [Epoch 145]
2026-08-28 22:25:31,117 INFO Epoch[145] class_error 23.3687  class_error_0 28.7000  class_error_1 25.9422  class_error_2 24.0202  loss_giou 0.2535  loss_giou_0 0.3364  loss_giou_1 0.2777  loss_giou_2 0.2628  loss_iou_scores 0.0473  loss_iou_scores_0 0.0491  loss_iou_scores_1 0.0482  loss_iou_scores_2 0.0481  loss_label 0.0745  loss_label_0 0.0878  loss_label_1 0.0816  loss_label_2 0.0772  loss_mask_iou 0.0000  loss_mask_iou_0 1.3654  loss_mask_iou_1 1.3245  loss_mask_iou_2 1.3066  loss_overall 10.0630  loss_query_cgp_bind 0.0731  loss_query_cgp_route 0.0000  loss_saliency 2.8460  loss_span 0.1730  loss_span_0 0.2211  loss_span_1 0.1849  loss_span_2 0.1785
2026-08-28 22:25:31,119 INFO Generate submissions
2026-08-28 22:25:36,748 INFO Saving/Evaluating before nms results
2026-08-28 22:25:40,875 INFO metrics_no_nms OrderedDict([   ('MR-full-R1@0.5', 68.06),
                ('MR-full-R1@0.7', 53.68),
                ('MR-full-mAP', 48.59),
                ('MR-full-mAP@0.5', 68.35),
                ('MR-full-mAP@0.75', 49.7),
                ('MR-long-mAP', 54.11),
                ('MR-middle-mAP', 50.91),
                ('MR-short-mAP', 13.27),
                ('HL-min-Fair-mAP', 77.52),
                ('HL-min-Fair-Hit1', 79.68),
                ('HL-min-Good-mAP', 66.45),
                ('HL-min-Good-Hit1', 77.74),
                ('HL-min-VeryGood-mAP', 41.0),
                ('HL-min-VeryGood-Hit1', 66.19)])
2026-08-28 22:25:41,234 INFO [Epoch 146]
2026-08-28 22:26:40,186 INFO Epoch[146] class_error 23.5726  class_error_0 29.0731  class_error_1 26.1557  class_error_2 24.6991  loss_giou 0.2516  loss_giou_0 0.3318  loss_giou_1 0.2754  loss_giou_2 0.2614  loss_iou_scores 0.0452  loss_iou_scores_0 0.0492  loss_iou_scores_1 0.0465  loss_iou_scores_2 0.0468  loss_label 0.0726  loss_label_0 0.0874  loss_label_1 0.0804  loss_label_2 0.0760  loss_mask_iou 0.0000  loss_mask_iou_0 1.3420  loss_mask_iou_1 1.3058  loss_mask_iou_2 1.2984  loss_overall 9.9767  loss_query_cgp_bind 0.0708  loss_query_cgp_route 0.0000  loss_saliency 2.8456  loss_span 0.1707  loss_span_0 0.2178  loss_span_1 0.1820  loss_span_2 0.1758
2026-08-28 22:26:40,188 INFO Generate submissions
2026-08-28 22:26:46,507 INFO Saving/Evaluating before nms results
2026-08-28 22:26:51,041 INFO metrics_no_nms OrderedDict([   ('MR-full-R1@0.5', 68.52),
                ('MR-full-R1@0.7', 53.55),
                ('MR-full-mAP', 48.7),
                ('MR-full-mAP@0.5', 68.63),
                ('MR-full-mAP@0.75', 49.83),
                ('MR-long-mAP', 53.93),
                ('MR-middle-mAP', 51.11),
                ('MR-short-mAP', 13.27),
                ('HL-min-Fair-mAP', 77.43),
                ('HL-min-Fair-Hit1', 79.87),
                ('HL-min-Good-mAP', 66.35),
                ('HL-min-Good-Hit1', 77.94),
                ('HL-min-VeryGood-mAP', 40.95),
                ('HL-min-VeryGood-Hit1', 66.06)])
2026-08-28 22:26:51,325 INFO [Epoch 147]
2026-08-28 22:27:49,627 INFO Epoch[147] class_error 22.9029  class_error_0 28.4616  class_error_1 25.2992  class_error_2 24.1375  loss_giou 0.2527  loss_giou_0 0.3351  loss_giou_1 0.2770  loss_giou_2 0.2625  loss_iou_scores 0.0454  loss_iou_scores_0 0.0494  loss_iou_scores_1 0.0467  loss_iou_scores_2 0.0468  loss_label 0.0740  loss_label_0 0.0884  loss_label_1 0.0817  loss_label_2 0.0772  loss_mask_iou 0.0000  loss_mask_iou_0 1.3471  loss_mask_iou_1 1.3140  loss_mask_iou_2 1.3014  loss_overall 10.0114  loss_query_cgp_bind 0.0721  loss_query_cgp_route 0.0000  loss_saliency 2.8405  loss_span 0.1718  loss_span_0 0.2201  loss_span_1 0.1835  loss_span_2 0.1767
2026-08-28 22:27:49,631 INFO Generate submissions
2026-08-28 22:27:56,655 INFO Saving/Evaluating before nms results
2026-08-28 22:28:00,416 INFO metrics_no_nms OrderedDict([   ('MR-full-R1@0.5', 68.19),
                ('MR-full-R1@0.7', 53.48),
                ('MR-full-mAP', 48.77),
                ('MR-full-mAP@0.5', 68.72),
                ('MR-full-mAP@0.75', 50.08),
                ('MR-long-mAP', 54.45),
                ('MR-middle-mAP', 51.05),
                ('MR-short-mAP', 12.91),
                ('HL-min-Fair-mAP', 77.53),
                ('HL-min-Fair-Hit1', 80.06),
                ('HL-min-Good-mAP', 66.41),
                ('HL-min-Good-Hit1', 78.06),
                ('HL-min-VeryGood-mAP', 41.0),
                ('HL-min-VeryGood-Hit1', 66.32)])
2026-08-28 22:28:00,822 INFO [Epoch 148]
2026-08-28 22:29:00,774 INFO Epoch[148] class_error 23.2491  class_error_0 28.3996  class_error_1 25.2658  class_error_2 24.1863  loss_giou 0.2524  loss_giou_0 0.3347  loss_giou_1 0.2771  loss_giou_2 0.2621  loss_iou_scores 0.0457  loss_iou_scores_0 0.0482  loss_iou_scores_1 0.0470  loss_iou_scores_2 0.0475  loss_label 0.0732  loss_label_0 0.0872  loss_label_1 0.0806  loss_label_2 0.0764  loss_mask_iou 0.0000  loss_mask_iou_0 1.3676  loss_mask_iou_1 1.3253  loss_mask_iou_2 1.3147  loss_overall 10.0480  loss_query_cgp_bind 0.0731  loss_query_cgp_route 0.0000  loss_saliency 2.8396  loss_span 0.1721  loss_span_0 0.2198  loss_span_1 0.1845  loss_span_2 0.1767
2026-08-28 22:29:00,776 INFO Generate submissions
2026-08-28 22:29:06,883 INFO Saving/Evaluating before nms results
2026-08-28 22:29:11,353 INFO metrics_no_nms OrderedDict([   ('MR-full-R1@0.5', 68.26),
                ('MR-full-R1@0.7', 53.68),
                ('MR-full-mAP', 48.68),
                ('MR-full-mAP@0.5', 68.63),
                ('MR-full-mAP@0.75', 49.51),
                ('MR-long-mAP', 53.54),
                ('MR-middle-mAP', 51.21),
                ('MR-short-mAP', 13.84),
                ('HL-min-Fair-mAP', 77.76),
                ('HL-min-Fair-Hit1', 80.32),
                ('HL-min-Good-mAP', 66.68),
                ('HL-min-Good-Hit1', 78.32),
                ('HL-min-VeryGood-mAP', 41.13),
                ('HL-min-VeryGood-Hit1', 66.58)])
2026-08-28 22:29:11,633 INFO [Epoch 149]
2026-08-28 22:30:11,094 INFO Epoch[149] class_error 23.1336  class_error_0 29.1982  class_error_1 25.9559  class_error_2 24.2080  loss_giou 0.2530  loss_giou_0 0.3369  loss_giou_1 0.2765  loss_giou_2 0.2625  loss_iou_scores 0.0461  loss_iou_scores_0 0.0488  loss_iou_scores_1 0.0473  loss_iou_scores_2 0.0476  loss_label 0.0736  loss_label_0 0.0875  loss_label_1 0.0817  loss_label_2 0.0768  loss_mask_iou 0.0000  loss_mask_iou_0 1.3518  loss_mask_iou_1 1.3170  loss_mask_iou_2 1.3071  loss_overall 10.0240  loss_query_cgp_bind 0.0724  loss_query_cgp_route 0.0000  loss_saliency 2.8468  loss_span 0.1706  loss_span_0 0.2191  loss_span_1 0.1813  loss_span_2 0.1754
2026-08-28 22:30:11,097 INFO Generate submissions
2026-08-28 22:30:16,110 INFO Saving/Evaluating before nms results
2026-08-28 22:30:20,922 INFO metrics_no_nms OrderedDict([   ('MR-full-R1@0.5', 68.39),
                ('MR-full-R1@0.7', 54.06),
                ('MR-full-mAP', 48.71),
                ('MR-full-mAP@0.5', 68.7),
                ('MR-full-mAP@0.75', 50.01),
                ('MR-long-mAP', 54.89),
                ('MR-middle-mAP', 50.98),
                ('MR-short-mAP', 12.81),
                ('HL-min-Fair-mAP', 77.52),
                ('HL-min-Fair-Hit1', 79.87),
                ('HL-min-Good-mAP', 66.5),
                ('HL-min-Good-Hit1', 77.81),
                ('HL-min-VeryGood-mAP', 41.06),
                ('HL-min-VeryGood-Hit1', 66.19)])
2026-08-28 22:30:21,273 INFO [Epoch 150]
2026-08-28 22:31:21,362 INFO Epoch[150] class_error 23.0526  class_error_0 28.5491  class_error_1 25.4462  class_error_2 23.9569  loss_giou 0.2513  loss_giou_0 0.3330  loss_giou_1 0.2745  loss_giou_2 0.2613  loss_iou_scores 0.0461  loss_iou_scores_0 0.0487  loss_iou_scores_1 0.0479  loss_iou_scores_2 0.0476  loss_label 0.0736  loss_label_0 0.0873  loss_label_1 0.0816  loss_label_2 0.0764  loss_mask_iou 0.0000  loss_mask_iou_0 1.3534  loss_mask_iou_1 1.3106  loss_mask_iou_2 1.3038  loss_overall 10.0098  loss_query_cgp_bind 0.0735  loss_query_cgp_route 0.0000  loss_saliency 2.8459  loss_span 0.1703  loss_span_0 0.2183  loss_span_1 0.1816  loss_span_2 0.1754
2026-08-28 22:31:21,366 INFO Generate submissions
2026-08-28 22:31:27,893 INFO Saving/Evaluating before nms results
2026-08-28 22:31:33,038 INFO metrics_no_nms OrderedDict([   ('MR-full-R1@0.5', 68.13),
                ('MR-full-R1@0.7', 53.61),
                ('MR-full-mAP', 48.7),
                ('MR-full-mAP@0.5', 68.47),
                ('MR-full-mAP@0.75', 49.76),
                ('MR-long-mAP', 53.59),
                ('MR-middle-mAP', 51.41),
                ('MR-short-mAP', 13.25),
                ('HL-min-Fair-mAP', 77.53),
                ('HL-min-Fair-Hit1', 79.42),
                ('HL-min-Good-mAP', 66.44),
                ('HL-min-Good-Hit1', 77.23),
                ('HL-min-VeryGood-mAP', 40.99),
                ('HL-min-VeryGood-Hit1', 65.81)])
2026-08-28 22:31:33,669 INFO [Epoch 151]
2026-08-28 22:32:33,927 INFO Epoch[151] class_error 23.8545  class_error_0 28.8020  class_error_1 26.4915  class_error_2 24.3355  loss_giou 0.2508  loss_giou_0 0.3350  loss_giou_1 0.2756  loss_giou_2 0.2612  loss_iou_scores 0.0462  loss_iou_scores_0 0.0483  loss_iou_scores_1 0.0475  loss_iou_scores_2 0.0477  loss_label 0.0743  loss_label_0 0.0877  loss_label_1 0.0818  loss_label_2 0.0773  loss_mask_iou 0.0000  loss_mask_iou_0 1.3427  loss_mask_iou_1 1.3021  loss_mask_iou_2 1.2917  loss_overall 9.9894  loss_query_cgp_bind 0.0740  loss_query_cgp_route 0.0000  loss_saliency 2.8490  loss_span 0.1712  loss_span_0 0.2193  loss_span_1 0.1825  loss_span_2 0.1763
2026-08-28 22:32:33,929 INFO Generate submissions
2026-08-28 22:32:39,625 INFO Saving/Evaluating before nms results
2026-08-28 22:32:44,599 INFO metrics_no_nms OrderedDict([   ('MR-full-R1@0.5', 67.55),
                ('MR-full-R1@0.7', 52.97),
                ('MR-full-mAP', 48.34),
                ('MR-full-mAP@0.5', 68.58),
                ('MR-full-mAP@0.75', 49.62),
                ('MR-long-mAP', 53.86),
                ('MR-middle-mAP', 50.69),
                ('MR-short-mAP', 12.76),
                ('HL-min-Fair-mAP', 77.34),
                ('HL-min-Fair-Hit1', 80.0),
                ('HL-min-Good-mAP', 66.34),
                ('HL-min-Good-Hit1', 78.06),
                ('HL-min-VeryGood-mAP', 40.91),
                ('HL-min-VeryGood-Hit1', 66.26)])
2026-08-28 22:32:45,013 INFO [Epoch 152]
2026-08-28 22:33:44,321 INFO Epoch[152] class_error 23.4042  class_error_0 29.2740  class_error_1 25.7934  class_error_2 23.8937  loss_giou 0.2534  loss_giou_0 0.3362  loss_giou_1 0.2779  loss_giou_2 0.2630  loss_iou_scores 0.0458  loss_iou_scores_0 0.0488  loss_iou_scores_1 0.0472  loss_iou_scores_2 0.0471  loss_label 0.0738  loss_label_0 0.0878  loss_label_1 0.0814  loss_label_2 0.0769  loss_mask_iou 0.0000  loss_mask_iou_0 1.3526  loss_mask_iou_1 1.3241  loss_mask_iou_2 1.3117  loss_overall 10.0462  loss_query_cgp_bind 0.0738  loss_query_cgp_route 0.0000  loss_saliency 2.8477  loss_span 0.1709  loss_span_0 0.2200  loss_span_1 0.1827  loss_span_2 0.1753
2026-08-28 22:33:44,323 INFO Generate submissions
2026-08-28 22:33:49,930 INFO Saving/Evaluating before nms results
2026-08-28 22:33:54,217 INFO metrics_no_nms OrderedDict([   ('MR-full-R1@0.5', 68.06),
                ('MR-full-R1@0.7', 53.68),
                ('MR-full-mAP', 48.4),
                ('MR-full-mAP@0.5', 68.58),
                ('MR-full-mAP@0.75', 49.39),
                ('MR-long-mAP', 53.54),
                ('MR-middle-mAP', 51.03),
                ('MR-short-mAP', 13.07),
                ('HL-min-Fair-mAP', 77.47),
                ('HL-min-Fair-Hit1', 79.29),
                ('HL-min-Good-mAP', 66.34),
                ('HL-min-Good-Hit1', 77.03),
                ('HL-min-VeryGood-mAP', 40.86),
                ('HL-min-VeryGood-Hit1', 64.84)])
2026-08-28 22:33:54,648 INFO [Epoch 153]
2026-08-28 22:34:55,679 INFO Epoch[153] class_error 22.7334  class_error_0 27.8416  class_error_1 25.0167  class_error_2 22.9898  loss_giou 0.2499  loss_giou_0 0.3334  loss_giou_1 0.2755  loss_giou_2 0.2603  loss_iou_scores 0.0450  loss_iou_scores_0 0.0487  loss_iou_scores_1 0.0463  loss_iou_scores_2 0.0464  loss_label 0.0726  loss_label_0 0.0864  loss_label_1 0.0805  loss_label_2 0.0759  loss_mask_iou 0.0000  loss_mask_iou_0 1.3428  loss_mask_iou_1 1.3084  loss_mask_iou_2 1.2905  loss_overall 9.9602  loss_query_cgp_bind 0.0720  loss_query_cgp_route 0.0000  loss_saliency 2.8390  loss_span 0.1683  loss_span_0 0.2170  loss_span_1 0.1804  loss_span_2 0.1728
2026-08-28 22:34:55,682 INFO Generate submissions
2026-08-28 22:35:01,645 INFO Saving/Evaluating before nms results
2026-08-28 22:35:05,766 INFO metrics_no_nms OrderedDict([   ('MR-full-R1@0.5', 68.06),
                ('MR-full-R1@0.7', 53.35),
                ('MR-full-mAP', 48.36),
                ('MR-full-mAP@0.5', 68.57),
                ('MR-full-mAP@0.75', 49.4),
                ('MR-long-mAP', 53.77),
                ('MR-middle-mAP', 50.54),
                ('MR-short-mAP', 13.39),
                ('HL-min-Fair-mAP', 77.26),
                ('HL-min-Fair-Hit1', 79.1),
                ('HL-min-Good-mAP', 66.15),
                ('HL-min-Good-Hit1', 76.84),
                ('HL-min-VeryGood-mAP', 40.77),
                ('HL-min-VeryGood-Hit1', 65.1)])
2026-08-28 22:35:06,129 INFO [Epoch 154]
2026-08-28 22:36:05,284 INFO Epoch[154] class_error 22.7498  class_error_0 27.5793  class_error_1 25.3417  class_error_2 23.5286  loss_giou 0.2520  loss_giou_0 0.3328  loss_giou_1 0.2765  loss_giou_2 0.2618  loss_iou_scores 0.0460  loss_iou_scores_0 0.0482  loss_iou_scores_1 0.0470  loss_iou_scores_2 0.0473  loss_label 0.0730  loss_label_0 0.0860  loss_label_1 0.0802  loss_label_2 0.0757  loss_mask_iou 0.0000  loss_mask_iou_0 1.3571  loss_mask_iou_1 1.3126  loss_mask_iou_2 1.3057  loss_overall 10.0020  loss_query_cgp_bind 0.0726  loss_query_cgp_route 0.0000  loss_saliency 2.8418  loss_span 0.1695  loss_span_0 0.2167  loss_span_1 0.1806  loss_span_2 0.1742
2026-08-28 22:36:05,289 INFO Generate submissions
2026-08-28 22:36:10,744 INFO Saving/Evaluating before nms results
2026-08-28 22:36:15,030 INFO metrics_no_nms OrderedDict([   ('MR-full-R1@0.5', 68.06),
                ('MR-full-R1@0.7', 53.35),
                ('MR-full-mAP', 48.45),
                ('MR-full-mAP@0.5', 68.63),
                ('MR-full-mAP@0.75', 49.39),
                ('MR-long-mAP', 54.1),
                ('MR-middle-mAP', 50.57),
                ('MR-short-mAP', 13.12),
                ('HL-min-Fair-mAP', 77.4),
                ('HL-min-Fair-Hit1', 79.55),
                ('HL-min-Good-mAP', 66.36),
                ('HL-min-Good-Hit1', 77.74),
                ('HL-min-VeryGood-mAP', 40.89),
                ('HL-min-VeryGood-Hit1', 65.81)])
2026-08-28 22:36:15,346 INFO [Epoch 155]
2026-08-28 22:37:16,007 INFO Epoch[155] class_error 22.8844  class_error_0 28.8453  class_error_1 25.6915  class_error_2 23.9643  loss_giou 0.2495  loss_giou_0 0.3308  loss_giou_1 0.2728  loss_giou_2 0.2593  loss_iou_scores 0.0460  loss_iou_scores_0 0.0488  loss_iou_scores_1 0.0467  loss_iou_scores_2 0.0472  loss_label 0.0734  loss_label_0 0.0882  loss_label_1 0.0812  loss_label_2 0.0768  loss_mask_iou 0.0000  loss_mask_iou_0 1.3279  loss_mask_iou_1 1.3039  loss_mask_iou_2 1.2902  loss_overall 9.9345  loss_query_cgp_bind 0.0711  loss_query_cgp_route 0.0000  loss_saliency 2.8408  loss_span 0.1676  loss_span_0 0.2147  loss_span_1 0.1796  loss_span_2 0.1721
2026-08-28 22:37:16,009 INFO Generate submissions
2026-08-28 22:37:21,894 INFO Saving/Evaluating before nms results
2026-08-28 22:37:26,034 INFO metrics_no_nms OrderedDict([   ('MR-full-R1@0.5', 67.68),
                ('MR-full-R1@0.7', 53.16),
                ('MR-full-mAP', 48.39),
                ('MR-full-mAP@0.5', 68.58),
                ('MR-full-mAP@0.75', 49.44),
                ('MR-long-mAP', 53.83),
                ('MR-middle-mAP', 50.69),
                ('MR-short-mAP', 13.03),
                ('HL-min-Fair-mAP', 77.55),
                ('HL-min-Fair-Hit1', 79.87),
                ('HL-min-Good-mAP', 66.49),
                ('HL-min-Good-Hit1', 77.74),
                ('HL-min-VeryGood-mAP', 40.92),
                ('HL-min-VeryGood-Hit1', 66.32)])
2026-08-28 22:37:26,339 INFO [Epoch 156]
2026-08-28 22:38:26,003 INFO Epoch[156] class_error 23.1570  class_error_0 28.2993  class_error_1 25.5575  class_error_2 23.9139  loss_giou 0.2490  loss_giou_0 0.3285  loss_giou_1 0.2721  loss_giou_2 0.2580  loss_iou_scores 0.0457  loss_iou_scores_0 0.0493  loss_iou_scores_1 0.0469  loss_iou_scores_2 0.0470  loss_label 0.0731  loss_label_0 0.0872  loss_label_1 0.0807  loss_label_2 0.0764  loss_mask_iou 0.0000  loss_mask_iou_0 1.3292  loss_mask_iou_1 1.3032  loss_mask_iou_2 1.2915  loss_overall 9.9193  loss_query_cgp_bind 0.0696  loss_query_cgp_route 0.0000  loss_saliency 2.8378  loss_span 0.1666  loss_span_0 0.2131  loss_span_1 0.1781  loss_span_2 0.1712
2026-08-28 22:38:26,007 INFO Generate submissions
2026-08-28 22:38:31,814 INFO Saving/Evaluating before nms results
2026-08-28 22:38:36,047 INFO metrics_no_nms OrderedDict([   ('MR-full-R1@0.5', 67.55),
                ('MR-full-R1@0.7', 53.03),
                ('MR-full-mAP', 48.32),
                ('MR-full-mAP@0.5', 68.28),
                ('MR-full-mAP@0.75', 49.39),
                ('MR-long-mAP', 53.7),
                ('MR-middle-mAP', 50.46),
                ('MR-short-mAP', 13.18),
                ('HL-min-Fair-mAP', 77.39),
                ('HL-min-Fair-Hit1', 79.87),
                ('HL-min-Good-mAP', 66.35),
                ('HL-min-Good-Hit1', 77.94),
                ('HL-min-VeryGood-mAP', 40.88),
                ('HL-min-VeryGood-Hit1', 66.58)])
2026-08-28 22:38:36,347 INFO [Epoch 157]
2026-08-28 22:39:37,346 INFO Epoch[157] class_error 22.4622  class_error_0 27.9802  class_error_1 25.3173  class_error_2 23.7520  loss_giou 0.2490  loss_giou_0 0.3314  loss_giou_1 0.2736  loss_giou_2 0.2590  loss_iou_scores 0.0454  loss_iou_scores_0 0.0479  loss_iou_scores_1 0.0464  loss_iou_scores_2 0.0467  loss_label 0.0726  loss_label_0 0.0875  loss_label_1 0.0806  loss_label_2 0.0761  loss_mask_iou 0.0000  loss_mask_iou_0 1.3355  loss_mask_iou_1 1.3018  loss_mask_iou_2 1.2866  loss_overall 9.9377  loss_query_cgp_bind 0.0716  loss_query_cgp_route 0.0000  loss_saliency 2.8392  loss_span 0.1702  loss_span_0 0.2163  loss_span_1 0.1814  loss_span_2 0.1750
2026-08-28 22:39:37,350 INFO Generate submissions
2026-08-28 22:39:43,354 INFO Saving/Evaluating before nms results
2026-08-28 22:39:47,487 INFO metrics_no_nms OrderedDict([   ('MR-full-R1@0.5', 67.81),
                ('MR-full-R1@0.7', 52.84),
                ('MR-full-mAP', 48.12),
                ('MR-full-mAP@0.5', 68.37),
                ('MR-full-mAP@0.75', 48.94),
                ('MR-long-mAP', 52.87),
                ('MR-middle-mAP', 50.55),
                ('MR-short-mAP', 13.57),
                ('HL-min-Fair-mAP', 77.46),
                ('HL-min-Fair-Hit1', 79.61),
                ('HL-min-Good-mAP', 66.43),
                ('HL-min-Good-Hit1', 77.68),
                ('HL-min-VeryGood-mAP', 40.88),
                ('HL-min-VeryGood-Hit1', 66.45)])
2026-08-28 22:39:47,809 INFO [Epoch 158]
2026-08-28 22:40:48,342 INFO Epoch[158] class_error 22.7495  class_error_0 28.0060  class_error_1 25.0600  class_error_2 23.1481  loss_giou 0.2509  loss_giou_0 0.3314  loss_giou_1 0.2727  loss_giou_2 0.2605  loss_iou_scores 0.0459  loss_iou_scores_0 0.0478  loss_iou_scores_1 0.0469  loss_iou_scores_2 0.0472  loss_label 0.0730  loss_label_0 0.0868  loss_label_1 0.0800  loss_label_2 0.0759  loss_mask_iou 0.0000  loss_mask_iou_0 1.3348  loss_mask_iou_1 1.3061  loss_mask_iou_2 1.2979  loss_overall 9.9532  loss_query_cgp_bind 0.0725  loss_query_cgp_route 0.0000  loss_saliency 2.8416  loss_span 0.1693  loss_span_0 0.2146  loss_span_1 0.1801  loss_span_2 0.1744
2026-08-28 22:40:48,346 INFO Generate submissions
2026-08-28 22:40:54,345 INFO Saving/Evaluating before nms results
2026-08-28 22:40:58,385 INFO metrics_no_nms OrderedDict([   ('MR-full-R1@0.5', 68.0),
                ('MR-full-R1@0.7', 53.23),
                ('MR-full-mAP', 48.48),
                ('MR-full-mAP@0.5', 68.51),
                ('MR-full-mAP@0.75', 49.16),
                ('MR-long-mAP', 53.97),
                ('MR-middle-mAP', 50.82),
                ('MR-short-mAP', 13.7),
                ('HL-min-Fair-mAP', 77.49),
                ('HL-min-Fair-Hit1', 79.87),
                ('HL-min-Good-mAP', 66.47),
                ('HL-min-Good-Hit1', 78.06),
                ('HL-min-VeryGood-mAP', 40.84),
                ('HL-min-VeryGood-Hit1', 66.39)])
2026-08-28 22:40:58,730 INFO [Epoch 159]
2026-08-28 22:41:58,699 INFO Epoch[159] class_error 22.7056  class_error_0 28.2941  class_error_1 25.7111  class_error_2 23.6283  loss_giou 0.2493  loss_giou_0 0.3305  loss_giou_1 0.2731  loss_giou_2 0.2595  loss_iou_scores 0.0457  loss_iou_scores_0 0.0486  loss_iou_scores_1 0.0472  loss_iou_scores_2 0.0474  loss_label 0.0727  loss_label_0 0.0872  loss_label_1 0.0810  loss_label_2 0.0757  loss_mask_iou 0.0000  loss_mask_iou_0 1.3242  loss_mask_iou_1 1.2853  loss_mask_iou_2 1.2793  loss_overall 9.9032  loss_query_cgp_bind 0.0710  loss_query_cgp_route 0.0000  loss_saliency 2.8386  loss_span 0.1697  loss_span_0 0.2154  loss_span_1 0.1803  loss_span_2 0.1741
2026-08-28 22:41:58,702 INFO Generate submissions
2026-08-28 22:42:04,627 INFO Saving/Evaluating before nms results
2026-08-28 22:42:08,658 INFO metrics_no_nms OrderedDict([   ('MR-full-R1@0.5', 68.26),
                ('MR-full-R1@0.7', 53.55),
                ('MR-full-mAP', 48.55),
                ('MR-full-mAP@0.5', 68.54),
                ('MR-full-mAP@0.75', 49.56),
                ('MR-long-mAP', 53.81),
                ('MR-middle-mAP', 51.01),
                ('MR-short-mAP', 13.41),
                ('HL-min-Fair-mAP', 77.48),
                ('HL-min-Fair-Hit1', 79.74),
                ('HL-min-Good-mAP', 66.37),
                ('HL-min-Good-Hit1', 77.87),
                ('HL-min-VeryGood-mAP', 40.78),
                ('HL-min-VeryGood-Hit1', 65.48)])
2026-08-28 22:42:08,971 INFO [Epoch 160]
2026-08-28 22:43:09,391 INFO Epoch[160] class_error 23.2662  class_error_0 27.9114  class_error_1 25.6868  class_error_2 24.4618  loss_giou 0.2486  loss_giou_0 0.3292  loss_giou_1 0.2704  loss_giou_2 0.2577  loss_iou_scores 0.0462  loss_iou_scores_0 0.0487  loss_iou_scores_1 0.0471  loss_iou_scores_2 0.0473  loss_label 0.0724  loss_label_0 0.0871  loss_label_1 0.0807  loss_label_2 0.0758  loss_mask_iou 0.0000  loss_mask_iou_0 1.3282  loss_mask_iou_1 1.2939  loss_mask_iou_2 1.2805  loss_overall 9.9093  loss_query_cgp_bind 0.0717  loss_query_cgp_route 0.0000  loss_saliency 2.8402  loss_span 0.1695  loss_span_0 0.2149  loss_span_1 0.1804  loss_span_2 0.1736
2026-08-28 22:43:09,397 INFO Generate submissions
2026-08-28 22:43:15,502 INFO Saving/Evaluating before nms results
2026-08-28 22:43:19,698 INFO metrics_no_nms OrderedDict([   ('MR-full-R1@0.5', 68.71),
                ('MR-full-R1@0.7', 53.87),
                ('MR-full-mAP', 48.51),
                ('MR-full-mAP@0.5', 68.88),
                ('MR-full-mAP@0.75', 49.69),
                ('MR-long-mAP', 54.02),
                ('MR-middle-mAP', 50.63),
                ('MR-short-mAP', 13.59),
                ('HL-min-Fair-mAP', 77.63),
                ('HL-min-Fair-Hit1', 79.81),
                ('HL-min-Good-mAP', 66.6),
                ('HL-min-Good-Hit1', 77.81),
                ('HL-min-VeryGood-mAP', 41.07),
                ('HL-min-VeryGood-Hit1', 66.58)])
2026-08-28 22:43:20,038 INFO [Epoch 161]
2026-08-28 22:44:20,278 INFO Epoch[161] class_error 22.8058  class_error_0 28.1252  class_error_1 24.8240  class_error_2 23.5175  loss_giou 0.2485  loss_giou_0 0.3303  loss_giou_1 0.2712  loss_giou_2 0.2584  loss_iou_scores 0.0454  loss_iou_scores_0 0.0486  loss_iou_scores_1 0.0471  loss_iou_scores_2 0.0470  loss_label 0.0727  loss_label_0 0.0869  loss_label_1 0.0798  loss_label_2 0.0757  loss_mask_iou 0.0000  loss_mask_iou_0 1.3172  loss_mask_iou_1 1.2934  loss_mask_iou_2 1.2778  loss_overall 9.8921  loss_query_cgp_bind 0.0728  loss_query_cgp_route 0.0000  loss_saliency 2.8445  loss_span 0.1668  loss_span_0 0.2138  loss_span_1 0.1775  loss_span_2 0.1719
2026-08-28 22:44:20,282 INFO Generate submissions
2026-08-28 22:44:26,315 INFO Saving/Evaluating before nms results
2026-08-28 22:44:30,366 INFO metrics_no_nms OrderedDict([   ('MR-full-R1@0.5', 68.26),
                ('MR-full-R1@0.7', 53.74),
                ('MR-full-mAP', 48.54),
                ('MR-full-mAP@0.5', 68.38),
                ('MR-full-mAP@0.75', 49.62),
                ('MR-long-mAP', 53.81),
                ('MR-middle-mAP', 50.94),
                ('MR-short-mAP', 13.37),
                ('HL-min-Fair-mAP', 77.56),
                ('HL-min-Fair-Hit1', 79.81),
                ('HL-min-Good-mAP', 66.47),
                ('HL-min-Good-Hit1', 77.81),
                ('HL-min-VeryGood-mAP', 40.92),
                ('HL-min-VeryGood-Hit1', 66.26)])
2026-08-28 22:44:30,673 INFO [Epoch 162]
2026-08-28 22:45:30,248 INFO Epoch[162] class_error 22.7663  class_error_0 28.4371  class_error_1 25.3020  class_error_2 23.2307  loss_giou 0.2479  loss_giou_0 0.3274  loss_giou_1 0.2721  loss_giou_2 0.2576  loss_iou_scores 0.0449  loss_iou_scores_0 0.0484  loss_iou_scores_1 0.0464  loss_iou_scores_2 0.0464  loss_label 0.0724  loss_label_0 0.0860  loss_label_1 0.0799  loss_label_2 0.0755  loss_mask_iou 0.0000  loss_mask_iou_0 1.3151  loss_mask_iou_1 1.2884  loss_mask_iou_2 1.2760  loss_overall 9.8628  loss_query_cgp_bind 0.0720  loss_query_cgp_route 0.0000  loss_saliency 2.8372  loss_span 0.1660  loss_span_0 0.2113  loss_span_1 0.1764  loss_span_2 0.1707
2026-08-28 22:45:30,251 INFO Generate submissions
2026-08-28 22:45:36,137 INFO Saving/Evaluating before nms results
2026-08-28 22:45:40,375 INFO metrics_no_nms OrderedDict([   ('MR-full-R1@0.5', 68.32),
                ('MR-full-R1@0.7', 53.48),
                ('MR-full-mAP', 48.38),
                ('MR-full-mAP@0.5', 68.62),
                ('MR-full-mAP@0.75', 49.28),
                ('MR-long-mAP', 54.07),
                ('MR-middle-mAP', 50.56),
                ('MR-short-mAP', 13.05),
                ('HL-min-Fair-mAP', 77.51),
                ('HL-min-Fair-Hit1', 79.81),
                ('HL-min-Good-mAP', 66.42),
                ('HL-min-Good-Hit1', 78.0),
                ('HL-min-VeryGood-mAP', 40.9),
                ('HL-min-VeryGood-Hit1', 66.45)])
2026-08-28 22:45:40,751 INFO [Epoch 163]
2026-08-28 22:46:41,165 INFO Epoch[163] class_error 22.8547  class_error_0 27.8569  class_error_1 25.2600  class_error_2 23.4885  loss_giou 0.2471  loss_giou_0 0.3315  loss_giou_1 0.2711  loss_giou_2 0.2575  loss_iou_scores 0.0458  loss_iou_scores_0 0.0483  loss_iou_scores_1 0.0466  loss_iou_scores_2 0.0470  loss_label 0.0727  loss_label_0 0.0864  loss_label_1 0.0801  loss_label_2 0.0761  loss_mask_iou 0.0000  loss_mask_iou_0 1.3211  loss_mask_iou_1 1.2834  loss_mask_iou_2 1.2711  loss_overall 9.8769  loss_query_cgp_bind 0.0718  loss_query_cgp_route 0.0000  loss_saliency 2.8404  loss_span 0.1676  loss_span_0 0.2158  loss_span_1 0.1797  loss_span_2 0.1723
2026-08-28 22:46:41,168 INFO Generate submissions
2026-08-28 22:46:46,838 INFO Saving/Evaluating before nms results
2026-08-28 22:46:51,073 INFO metrics_no_nms OrderedDict([   ('MR-full-R1@0.5', 67.74),
                ('MR-full-R1@0.7', 53.87),
                ('MR-full-mAP', 48.66),
                ('MR-full-mAP@0.5', 68.49),
                ('MR-full-mAP@0.75', 49.75),
                ('MR-long-mAP', 54.62),
                ('MR-middle-mAP', 50.76),
                ('MR-short-mAP', 13.32),
                ('HL-min-Fair-mAP', 77.45),
                ('HL-min-Fair-Hit1', 79.74),
                ('HL-min-Good-mAP', 66.42),
                ('HL-min-Good-Hit1', 78.06),
                ('HL-min-VeryGood-mAP', 40.9),
                ('HL-min-VeryGood-Hit1', 66.58)])
2026-08-28 22:46:51,408 INFO [Epoch 164]
2026-08-28 22:47:51,105 INFO Epoch[164] class_error 22.9081  class_error_0 28.4885  class_error_1 25.7566  class_error_2 23.2840  loss_giou 0.2481  loss_giou_0 0.3324  loss_giou_1 0.2720  loss_giou_2 0.2588  loss_iou_scores 0.0459  loss_iou_scores_0 0.0486  loss_iou_scores_1 0.0472  loss_iou_scores_2 0.0469  loss_label 0.0727  loss_label_0 0.0864  loss_label_1 0.0800  loss_label_2 0.0755  loss_mask_iou 0.0000  loss_mask_iou_0 1.3258  loss_mask_iou_1 1.2877  loss_mask_iou_2 1.2755  loss_overall 9.9057  loss_query_cgp_bind 0.0713  loss_query_cgp_route 0.0000  loss_saliency 2.8434  loss_span 0.1684  loss_span_0 0.2190  loss_span_1 0.1805  loss_span_2 0.1742
2026-08-28 22:47:51,108 INFO Generate submissions
2026-08-28 22:47:57,031 INFO Saving/Evaluating before nms results
2026-08-28 22:48:01,096 INFO metrics_no_nms OrderedDict([   ('MR-full-R1@0.5', 67.94),
                ('MR-full-R1@0.7', 53.74),
                ('MR-full-mAP', 48.65),
                ('MR-full-mAP@0.5', 68.48),
                ('MR-full-mAP@0.75', 49.75),
                ('MR-long-mAP', 54.77),
                ('MR-middle-mAP', 50.87),
                ('MR-short-mAP', 12.54),
                ('HL-min-Fair-mAP', 77.5),
                ('HL-min-Fair-Hit1', 79.55),
                ('HL-min-Good-mAP', 66.44),
                ('HL-min-Good-Hit1', 77.74),
                ('HL-min-VeryGood-mAP', 40.94),
                ('HL-min-VeryGood-Hit1', 66.0)])
2026-08-28 22:48:01,453 INFO [Epoch 165]
2026-08-28 22:49:01,743 INFO Epoch[165] class_error 22.7542  class_error_0 28.3931  class_error_1 25.8251  class_error_2 23.3733  loss_giou 0.2502  loss_giou_0 0.3291  loss_giou_1 0.2727  loss_giou_2 0.2593  loss_iou_scores 0.0455  loss_iou_scores_0 0.0483  loss_iou_scores_1 0.0469  loss_iou_scores_2 0.0467  loss_label 0.0726  loss_label_0 0.0864  loss_label_1 0.0798  loss_label_2 0.0754  loss_mask_iou 0.0000  loss_mask_iou_0 1.3254  loss_mask_iou_1 1.2958  loss_mask_iou_2 1.2883  loss_overall 9.9242  loss_query_cgp_bind 0.0736  loss_query_cgp_route 0.0000  loss_saliency 2.8429  loss_span 0.1692  loss_span_0 0.2152  loss_span_1 0.1801  loss_span_2 0.1744
2026-08-28 22:49:01,745 INFO Generate submissions
2026-08-28 22:49:07,655 INFO Saving/Evaluating before nms results
2026-08-28 22:49:12,056 INFO metrics_no_nms OrderedDict([   ('MR-full-R1@0.5', 67.55),
                ('MR-full-R1@0.7', 53.74),
                ('MR-full-mAP', 48.46),
                ('MR-full-mAP@0.5', 68.34),
                ('MR-full-mAP@0.75', 49.43),
                ('MR-long-mAP', 53.8),
                ('MR-middle-mAP', 51.07),
                ('MR-short-mAP', 12.69),
                ('HL-min-Fair-mAP', 77.64),
                ('HL-min-Fair-Hit1', 80.26),
                ('HL-min-Good-mAP', 66.56),
                ('HL-min-Good-Hit1', 78.19),
                ('HL-min-VeryGood-mAP', 40.99),
                ('HL-min-VeryGood-Hit1', 66.45)])
2026-08-28 22:49:12,365 INFO [Epoch 166]
2026-08-28 22:50:12,207 INFO Epoch[166] class_error 22.4856  class_error_0 28.0681  class_error_1 25.4186  class_error_2 23.4006  loss_giou 0.2471  loss_giou_0 0.3282  loss_giou_1 0.2699  loss_giou_2 0.2567  loss_iou_scores 0.0453  loss_iou_scores_0 0.0489  loss_iou_scores_1 0.0464  loss_iou_scores_2 0.0465  loss_label 0.0718  loss_label_0 0.0864  loss_label_1 0.0800  loss_label_2 0.0753  loss_mask_iou 0.0000  loss_mask_iou_0 1.3183  loss_mask_iou_1 1.2820  loss_mask_iou_2 1.2718  loss_overall 9.8514  loss_query_cgp_bind 0.0715  loss_query_cgp_route 0.0000  loss_saliency 2.8386  loss_span 0.1655  loss_span_0 0.2125  loss_span_1 0.1764  loss_span_2 0.1701
2026-08-28 22:50:12,211 INFO Generate submissions
2026-08-28 22:50:17,413 INFO Saving/Evaluating before nms results
2026-08-28 22:50:21,263 INFO metrics_no_nms OrderedDict([   ('MR-full-R1@0.5', 68.58),
                ('MR-full-R1@0.7', 53.74),
                ('MR-full-mAP', 48.77),
                ('MR-full-mAP@0.5', 68.6),
                ('MR-full-mAP@0.75', 49.74),
                ('MR-long-mAP', 54.11),
                ('MR-middle-mAP', 51.44),
                ('MR-short-mAP', 13.04),
                ('HL-min-Fair-mAP', 77.67),
                ('HL-min-Fair-Hit1', 80.39),
                ('HL-min-Good-mAP', 66.6),
                ('HL-min-Good-Hit1', 78.32),
                ('HL-min-VeryGood-mAP', 41.07),
                ('HL-min-VeryGood-Hit1', 66.71)])
2026-08-28 22:50:21,589 INFO [Epoch 167]
2026-08-28 22:51:20,782 INFO Epoch[167] class_error 22.6950  class_error_0 28.2168  class_error_1 25.5628  class_error_2 23.6896  loss_giou 0.2476  loss_giou_0 0.3294  loss_giou_1 0.2702  loss_giou_2 0.2573  loss_iou_scores 0.0461  loss_iou_scores_0 0.0492  loss_iou_scores_1 0.0471  loss_iou_scores_2 0.0471  loss_label 0.0726  loss_label_0 0.0867  loss_label_1 0.0796  loss_label_2 0.0758  loss_mask_iou 0.0000  loss_mask_iou_0 1.3217  loss_mask_iou_1 1.2821  loss_mask_iou_2 1.2694  loss_overall 9.8638  loss_query_cgp_bind 0.0706  loss_query_cgp_route 0.0000  loss_saliency 2.8421  loss_span 0.1663  loss_span_0 0.2131  loss_span_1 0.1779  loss_span_2 0.1716
2026-08-28 22:51:20,785 INFO Generate submissions
2026-08-28 22:51:26,592 INFO Saving/Evaluating before nms results
2026-08-28 22:51:30,490 INFO metrics_no_nms OrderedDict([   ('MR-full-R1@0.5', 68.52),
                ('MR-full-R1@0.7', 54.06),
                ('MR-full-mAP', 48.75),
                ('MR-full-mAP@0.5', 68.54),
                ('MR-full-mAP@0.75', 49.84),
                ('MR-long-mAP', 54.34),
                ('MR-middle-mAP', 51.17),
                ('MR-short-mAP', 12.96),
                ('HL-min-Fair-mAP', 77.48),
                ('HL-min-Fair-Hit1', 79.55),
                ('HL-min-Good-mAP', 66.43),
                ('HL-min-Good-Hit1', 77.55),
                ('HL-min-VeryGood-mAP', 40.94),
                ('HL-min-VeryGood-Hit1', 66.06)])
2026-08-28 22:51:30,803 INFO [Epoch 168]
2026-08-28 22:52:30,706 INFO Epoch[168] class_error 22.8517  class_error_0 27.7977  class_error_1 24.5842  class_error_2 23.5708  loss_giou 0.2462  loss_giou_0 0.3275  loss_giou_1 0.2706  loss_giou_2 0.2560  loss_iou_scores 0.0460  loss_iou_scores_0 0.0491  loss_iou_scores_1 0.0475  loss_iou_scores_2 0.0472  loss_label 0.0716  loss_label_0 0.0864  loss_label_1 0.0797  loss_label_2 0.0749  loss_mask_iou 0.0000  loss_mask_iou_0 1.3111  loss_mask_iou_1 1.2774  loss_mask_iou_2 1.2672  loss_overall 9.8409  loss_query_cgp_bind 0.0708  loss_query_cgp_route 0.0000  loss_saliency 2.8377  loss_span 0.1668  loss_span_0 0.2148  loss_span_1 0.1784  loss_span_2 0.1718
2026-08-28 22:52:30,709 INFO Generate submissions
2026-08-28 22:52:36,831 INFO Saving/Evaluating before nms results
2026-08-28 22:52:40,974 INFO metrics_no_nms OrderedDict([   ('MR-full-R1@0.5', 68.06),
                ('MR-full-R1@0.7', 53.55),
                ('MR-full-mAP', 48.43),
                ('MR-full-mAP@0.5', 68.28),
                ('MR-full-mAP@0.75', 49.02),
                ('MR-long-mAP', 53.97),
                ('MR-middle-mAP', 50.6),
                ('MR-short-mAP', 12.85),
                ('HL-min-Fair-mAP', 77.63),
                ('HL-min-Fair-Hit1', 80.13),
                ('HL-min-Good-mAP', 66.58),
                ('HL-min-Good-Hit1', 78.06),
                ('HL-min-VeryGood-mAP', 41.06),
                ('HL-min-VeryGood-Hit1', 66.58)])
2026-08-28 22:52:41,323 INFO [Epoch 169]
2026-08-28 22:53:42,411 INFO Epoch[169] class_error 22.1410  class_error_0 28.1734  class_error_1 24.6644  class_error_2 22.9550  loss_giou 0.2476  loss_giou_0 0.3294  loss_giou_1 0.2713  loss_giou_2 0.2574  loss_iou_scores 0.0446  loss_iou_scores_0 0.0483  loss_iou_scores_1 0.0462  loss_iou_scores_2 0.0458  loss_label 0.0709  loss_label_0 0.0858  loss_label_1 0.0783  loss_label_2 0.0742  loss_mask_iou 0.0000  loss_mask_iou_0 1.3212  loss_mask_iou_1 1.2964  loss_mask_iou_2 1.2775  loss_overall 9.8731  loss_query_cgp_bind 0.0700  loss_query_cgp_route 0.0000  loss_saliency 2.8376  loss_span 0.1666  loss_span_0 0.2122  loss_span_1 0.1778  loss_span_2 0.1707
2026-08-28 22:53:42,417 INFO Generate submissions
2026-08-28 22:53:48,774 INFO Saving/Evaluating before nms results
2026-08-28 22:53:53,272 INFO metrics_no_nms OrderedDict([   ('MR-full-R1@0.5', 68.58),
                ('MR-full-R1@0.7', 54.26),
                ('MR-full-mAP', 48.74),
                ('MR-full-mAP@0.5', 68.78),
                ('MR-full-mAP@0.75', 49.8),
                ('MR-long-mAP', 54.74),
                ('MR-middle-mAP', 50.98),
                ('MR-short-mAP', 12.87),
                ('HL-min-Fair-mAP', 77.31),
                ('HL-min-Fair-Hit1', 79.03),
                ('HL-min-Good-mAP', 66.24),
                ('HL-min-Good-Hit1', 77.23),
                ('HL-min-VeryGood-mAP', 40.84),
                ('HL-min-VeryGood-Hit1', 66.71)])
2026-08-28 22:53:53,645 INFO [Epoch 170]
2026-08-28 22:54:53,683 INFO Epoch[170] class_error 23.0504  class_error_0 28.4303  class_error_1 24.8914  class_error_2 23.8407  loss_giou 0.2441  loss_giou_0 0.3275  loss_giou_1 0.2682  loss_giou_2 0.2545  loss_iou_scores 0.0469  loss_iou_scores_0 0.0486  loss_iou_scores_1 0.0478  loss_iou_scores_2 0.0478  loss_label 0.0728  loss_label_0 0.0859  loss_label_1 0.0795  loss_label_2 0.0753  loss_mask_iou 0.0000  loss_mask_iou_0 1.3084  loss_mask_iou_1 1.2708  loss_mask_iou_2 1.2547  loss_overall 9.8068  loss_query_cgp_bind 0.0692  loss_query_cgp_route 0.0000  loss_saliency 2.8408  loss_span 0.1646  loss_span_0 0.2120  loss_span_1 0.1767  loss_span_2 0.1700
2026-08-28 22:54:53,685 INFO Generate submissions
2026-08-28 22:54:59,232 INFO Saving/Evaluating before nms results
2026-08-28 22:55:03,269 INFO metrics_no_nms OrderedDict([   ('MR-full-R1@0.5', 68.19),
                ('MR-full-R1@0.7', 53.81),
                ('MR-full-mAP', 48.92),
                ('MR-full-mAP@0.5', 68.65),
                ('MR-full-mAP@0.75', 50.02),
                ('MR-long-mAP', 54.33),
                ('MR-middle-mAP', 51.2),
                ('MR-short-mAP', 13.08),
                ('HL-min-Fair-mAP', 77.46),
                ('HL-min-Fair-Hit1', 79.48),
                ('HL-min-Good-mAP', 66.39),
                ('HL-min-Good-Hit1', 77.55),
                ('HL-min-VeryGood-mAP', 40.89),
                ('HL-min-VeryGood-Hit1', 66.52)])
2026-08-28 22:55:03,630 INFO [Best] epoch 170, MR-full-mAP 48.9200
2026-08-28 22:55:03,956 INFO [Epoch 171]
2026-08-28 22:56:03,787 INFO Epoch[171] class_error 23.1131  class_error_0 28.2536  class_error_1 25.4921  class_error_2 23.8415  loss_giou 0.2458  loss_giou_0 0.3288  loss_giou_1 0.2692  loss_giou_2 0.2560  loss_iou_scores 0.0462  loss_iou_scores_0 0.0491  loss_iou_scores_1 0.0477  loss_iou_scores_2 0.0476  loss_label 0.0735  loss_label_0 0.0880  loss_label_1 0.0807  loss_label_2 0.0767  loss_mask_iou 0.0000  loss_mask_iou_0 1.3145  loss_mask_iou_1 1.2773  loss_mask_iou_2 1.2659  loss_overall 9.8528  loss_query_cgp_bind 0.0709  loss_query_cgp_route 0.0000  loss_saliency 2.8463  loss_span 0.1660  loss_span_0 0.2137  loss_span_1 0.1778  loss_span_2 0.1712
2026-08-28 22:56:03,789 INFO Generate submissions
2026-08-28 22:56:09,494 INFO Saving/Evaluating before nms results
2026-08-28 22:56:13,876 INFO metrics_no_nms OrderedDict([   ('MR-full-R1@0.5', 68.06),
                ('MR-full-R1@0.7', 53.29),
                ('MR-full-mAP', 48.49),
                ('MR-full-mAP@0.5', 68.67),
                ('MR-full-mAP@0.75', 49.44),
                ('MR-long-mAP', 53.81),
                ('MR-middle-mAP', 50.81),
                ('MR-short-mAP', 13.08),
                ('HL-min-Fair-mAP', 77.6),
                ('HL-min-Fair-Hit1', 79.68),
                ('HL-min-Good-mAP', 66.48),
                ('HL-min-Good-Hit1', 77.61),
                ('HL-min-VeryGood-mAP', 40.93),
                ('HL-min-VeryGood-Hit1', 66.13)])
2026-08-28 22:56:14,212 INFO [Epoch 172]
2026-08-28 22:57:15,010 INFO Epoch[172] class_error 22.6739  class_error_0 27.7488  class_error_1 24.6272  class_error_2 23.4451  loss_giou 0.2470  loss_giou_0 0.3297  loss_giou_1 0.2716  loss_giou_2 0.2581  loss_iou_scores 0.0459  loss_iou_scores_0 0.0482  loss_iou_scores_1 0.0468  loss_iou_scores_2 0.0469  loss_label 0.0717  loss_label_0 0.0854  loss_label_1 0.0789  loss_label_2 0.0745  loss_mask_iou 0.0000  loss_mask_iou_0 1.3145  loss_mask_iou_1 1.2816  loss_mask_iou_2 1.2733  loss_overall 9.8491  loss_query_cgp_bind 0.0715  loss_query_cgp_route 0.0000  loss_saliency 2.8335  loss_span 0.1651  loss_span_0 0.2133  loss_span_1 0.1771  loss_span_2 0.1697
2026-08-28 22:57:15,013 INFO Generate submissions
2026-08-28 22:57:19,863 INFO Saving/Evaluating before nms results
2026-08-28 22:57:23,949 INFO metrics_no_nms OrderedDict([   ('MR-full-R1@0.5', 68.39),
                ('MR-full-R1@0.7', 54.06),
                ('MR-full-mAP', 48.55),
                ('MR-full-mAP@0.5', 68.49),
                ('MR-full-mAP@0.75', 49.79),
                ('MR-long-mAP', 53.98),
                ('MR-middle-mAP', 50.91),
                ('MR-short-mAP', 13.63),
                ('HL-min-Fair-mAP', 77.53),
                ('HL-min-Fair-Hit1', 79.81),
                ('HL-min-Good-mAP', 66.54),
                ('HL-min-Good-Hit1', 78.06),
                ('HL-min-VeryGood-mAP', 40.97),
                ('HL-min-VeryGood-Hit1', 66.39)])
2026-08-28 22:57:24,259 INFO [Epoch 173]
2026-08-28 22:58:26,170 INFO Epoch[173] class_error 22.3603  class_error_0 28.0031  class_error_1 24.6385  class_error_2 23.1787  loss_giou 0.2464  loss_giou_0 0.3285  loss_giou_1 0.2698  loss_giou_2 0.2558  loss_iou_scores 0.0452  loss_iou_scores_0 0.0480  loss_iou_scores_1 0.0466  loss_iou_scores_2 0.0463  loss_label 0.0724  loss_label_0 0.0855  loss_label_1 0.0791  loss_label_2 0.0753  loss_mask_iou 0.0000  loss_mask_iou_0 1.3231  loss_mask_iou_1 1.2897  loss_mask_iou_2 1.2769  loss_overall 9.8644  loss_query_cgp_bind 0.0693  loss_query_cgp_route 0.0000  loss_saliency 2.8393  loss_span 0.1663  loss_span_0 0.2130  loss_span_1 0.1768  loss_span_2 0.1701
2026-08-28 22:58:26,173 INFO Generate submissions
2026-08-28 22:58:31,394 INFO Saving/Evaluating before nms results
2026-08-28 22:58:35,385 INFO metrics_no_nms OrderedDict([   ('MR-full-R1@0.5', 68.65),
                ('MR-full-R1@0.7', 54.39),
                ('MR-full-mAP', 49.06),
                ('MR-full-mAP@0.5', 69.01),
                ('MR-full-mAP@0.75', 50.43),
                ('MR-long-mAP', 54.78),
                ('MR-middle-mAP', 51.41),
                ('MR-short-mAP', 13.03),
                ('HL-min-Fair-mAP', 77.69),
                ('HL-min-Fair-Hit1', 79.94),
                ('HL-min-Good-mAP', 66.6),
                ('HL-min-Good-Hit1', 77.87),
                ('HL-min-VeryGood-mAP', 40.94),
                ('HL-min-VeryGood-Hit1', 66.13)])
2026-08-28 22:58:35,754 INFO [Best] epoch 173, MR-full-mAP 49.0600
2026-08-28 22:58:36,145 INFO [Epoch 174]
2026-08-28 22:59:37,074 INFO Epoch[174] class_error 22.8656  class_error_0 28.3460  class_error_1 25.1402  class_error_2 23.5055  loss_giou 0.2468  loss_giou_0 0.3304  loss_giou_1 0.2709  loss_giou_2 0.2563  loss_iou_scores 0.0458  loss_iou_scores_0 0.0489  loss_iou_scores_1 0.0471  loss_iou_scores_2 0.0467  loss_label 0.0722  loss_label_0 0.0870  loss_label_1 0.0799  loss_label_2 0.0756  loss_mask_iou 0.0000  loss_mask_iou_0 1.3211  loss_mask_iou_1 1.2855  loss_mask_iou_2 1.2682  loss_overall 9.8579  loss_query_cgp_bind 0.0713  loss_query_cgp_route 0.0000  loss_saliency 2.8391  loss_span 0.1646  loss_span_0 0.2123  loss_span_1 0.1757  loss_span_2 0.1693
2026-08-28 22:59:37,078 INFO Generate submissions
2026-08-28 22:59:42,260 INFO Saving/Evaluating before nms results
2026-08-28 22:59:46,808 INFO metrics_no_nms OrderedDict([   ('MR-full-R1@0.5', 68.26),
                ('MR-full-R1@0.7', 53.74),
                ('MR-full-mAP', 48.71),
                ('MR-full-mAP@0.5', 68.5),
                ('MR-full-mAP@0.75', 49.66),
                ('MR-long-mAP', 54.09),
                ('MR-middle-mAP', 51.16),
                ('MR-short-mAP', 13.35),
                ('HL-min-Fair-mAP', 77.52),
                ('HL-min-Fair-Hit1', 79.94),
                ('HL-min-Good-mAP', 66.45),
                ('HL-min-Good-Hit1', 77.87),
                ('HL-min-VeryGood-mAP', 40.82),
                ('HL-min-VeryGood-Hit1', 65.94)])
2026-08-28 22:59:47,156 INFO [Epoch 175]
2026-08-28 23:00:47,462 INFO Epoch[175] class_error 22.7392  class_error_0 28.3419  class_error_1 25.2650  class_error_2 23.3490  loss_giou 0.2454  loss_giou_0 0.3276  loss_giou_1 0.2674  loss_giou_2 0.2543  loss_iou_scores 0.0454  loss_iou_scores_0 0.0482  loss_iou_scores_1 0.0469  loss_iou_scores_2 0.0470  loss_label 0.0725  loss_label_0 0.0871  loss_label_1 0.0804  loss_label_2 0.0756  loss_mask_iou 0.0000  loss_mask_iou_0 1.3081  loss_mask_iou_1 1.2710  loss_mask_iou_2 1.2620  loss_overall 9.8074  loss_query_cgp_bind 0.0698  loss_query_cgp_route 0.0000  loss_saliency 2.8370  loss_span 0.1643  loss_span_0 0.2098  loss_span_1 0.1743  loss_span_2 0.1686
2026-08-28 23:00:47,464 INFO Generate submissions
2026-08-28 23:00:52,562 INFO Saving/Evaluating before nms results
2026-08-28 23:00:57,135 INFO metrics_no_nms OrderedDict([   ('MR-full-R1@0.5', 67.81),
                ('MR-full-R1@0.7', 53.1),
                ('MR-full-mAP', 48.72),
                ('MR-full-mAP@0.5', 68.33),
                ('MR-full-mAP@0.75', 49.74),
                ('MR-long-mAP', 55.32),
                ('MR-middle-mAP', 50.27),
                ('MR-short-mAP', 13.34),
                ('HL-min-Fair-mAP', 77.45),
                ('HL-min-Fair-Hit1', 79.16),
                ('HL-min-Good-mAP', 66.38),
                ('HL-min-Good-Hit1', 77.29),
                ('HL-min-VeryGood-mAP', 40.89),
                ('HL-min-VeryGood-Hit1', 65.61)])
2026-08-28 23:00:57,481 INFO [Epoch 176]
2026-08-28 23:01:58,814 INFO Epoch[176] class_error 22.6592  class_error_0 28.4744  class_error_1 25.3154  class_error_2 23.2957  loss_giou 0.2446  loss_giou_0 0.3281  loss_giou_1 0.2682  loss_giou_2 0.2545  loss_iou_scores 0.0452  loss_iou_scores_0 0.0480  loss_iou_scores_1 0.0466  loss_iou_scores_2 0.0467  loss_label 0.0716  loss_label_0 0.0858  loss_label_1 0.0798  loss_label_2 0.0751  loss_mask_iou 0.0000  loss_mask_iou_0 1.3100  loss_mask_iou_1 1.2742  loss_mask_iou_2 1.2590  loss_overall 9.8045  loss_query_cgp_bind 0.0701  loss_query_cgp_route 0.0000  loss_saliency 2.8404  loss_span 0.1634  loss_span_0 0.2116  loss_span_1 0.1747  loss_span_2 0.1681
2026-08-28 23:01:58,817 INFO Generate submissions
2026-08-28 23:02:04,228 INFO Saving/Evaluating before nms results
2026-08-28 23:02:08,562 INFO metrics_no_nms OrderedDict([   ('MR-full-R1@0.5', 68.58),
                ('MR-full-R1@0.7', 53.68),
                ('MR-full-mAP', 48.78),
                ('MR-full-mAP@0.5', 68.83),
                ('MR-full-mAP@0.75', 50.19),
                ('MR-long-mAP', 54.47),
                ('MR-middle-mAP', 50.86),
                ('MR-short-mAP', 13.21),
                ('HL-min-Fair-mAP', 77.43),
                ('HL-min-Fair-Hit1', 79.61),
                ('HL-min-Good-mAP', 66.47),
                ('HL-min-Good-Hit1', 77.61),
                ('HL-min-VeryGood-mAP', 41.02),
                ('HL-min-VeryGood-Hit1', 66.71)])
2026-08-28 23:02:08,924 INFO [Epoch 177]
2026-08-28 23:03:10,339 INFO Epoch[177] class_error 22.4845  class_error_0 27.7946  class_error_1 24.6998  class_error_2 23.0232  loss_giou 0.2446  loss_giou_0 0.3291  loss_giou_1 0.2676  loss_giou_2 0.2546  loss_iou_scores 0.0446  loss_iou_scores_0 0.0476  loss_iou_scores_1 0.0456  loss_iou_scores_2 0.0455  loss_label 0.0721  loss_label_0 0.0871  loss_label_1 0.0794  loss_label_2 0.0754  loss_mask_iou 0.0000  loss_mask_iou_0 1.3122  loss_mask_iou_1 1.2785  loss_mask_iou_2 1.2686  loss_overall 9.8325  loss_query_cgp_bind 0.0697  loss_query_cgp_route 0.0000  loss_saliency 2.8416  loss_span 0.1656  loss_span_0 0.2117  loss_span_1 0.1763  loss_span_2 0.1707
2026-08-28 23:03:10,343 INFO Generate submissions
2026-08-28 23:03:15,432 INFO Saving/Evaluating before nms results
2026-08-28 23:03:19,744 INFO metrics_no_nms OrderedDict([   ('MR-full-R1@0.5', 68.84),
                ('MR-full-R1@0.7', 54.0),
                ('MR-full-mAP', 48.88),
                ('MR-full-mAP@0.5', 69.04),
                ('MR-full-mAP@0.75', 49.76),
                ('MR-long-mAP', 54.36),
                ('MR-middle-mAP', 50.98),
                ('MR-short-mAP', 13.49),
                ('HL-min-Fair-mAP', 77.49),
                ('HL-min-Fair-Hit1', 79.29),
                ('HL-min-Good-mAP', 66.51),
                ('HL-min-Good-Hit1', 77.29),
                ('HL-min-VeryGood-mAP', 41.0),
                ('HL-min-VeryGood-Hit1', 66.06)])
2026-08-28 23:03:20,076 INFO [Epoch 178]
2026-08-28 23:04:20,755 INFO Epoch[178] class_error 22.6028  class_error_0 27.5440  class_error_1 24.9329  class_error_2 23.3279  loss_giou 0.2453  loss_giou_0 0.3268  loss_giou_1 0.2687  loss_giou_2 0.2552  loss_iou_scores 0.0443  loss_iou_scores_0 0.0482  loss_iou_scores_1 0.0461  loss_iou_scores_2 0.0456  loss_label 0.0721  loss_label_0 0.0857  loss_label_1 0.0795  loss_label_2 0.0753  loss_mask_iou 0.0000  loss_mask_iou_0 1.3180  loss_mask_iou_1 1.2800  loss_mask_iou_2 1.2694  loss_overall 9.8280  loss_query_cgp_bind 0.0698  loss_query_cgp_route 0.0000  loss_saliency 2.8351  loss_span 0.1647  loss_span_0 0.2131  loss_span_1 0.1765  loss_span_2 0.1695
2026-08-28 23:04:20,757 INFO Generate submissions
2026-08-28 23:04:25,937 INFO Saving/Evaluating before nms results
2026-08-28 23:04:30,283 INFO metrics_no_nms OrderedDict([   ('MR-full-R1@0.5', 68.45),
                ('MR-full-R1@0.7', 53.23),
                ('MR-full-mAP', 48.45),
                ('MR-full-mAP@0.5', 68.74),
                ('MR-full-mAP@0.75', 49.55),
                ('MR-long-mAP', 53.45),
                ('MR-middle-mAP', 51.13),
                ('MR-short-mAP', 12.97),
                ('HL-min-Fair-mAP', 77.42),
                ('HL-min-Fair-Hit1', 78.9),
                ('HL-min-Good-mAP', 66.49),
                ('HL-min-Good-Hit1', 77.16),
                ('HL-min-VeryGood-mAP', 40.98),
                ('HL-min-VeryGood-Hit1', 65.61)])
2026-08-28 23:04:30,597 INFO [Epoch 179]
2026-08-28 23:05:32,392 INFO Epoch[179] class_error 22.7865  class_error_0 28.0957  class_error_1 24.7812  class_error_2 23.4787  loss_giou 0.2476  loss_giou_0 0.3285  loss_giou_1 0.2695  loss_giou_2 0.2568  loss_iou_scores 0.0459  loss_iou_scores_0 0.0481  loss_iou_scores_1 0.0477  loss_iou_scores_2 0.0473  loss_label 0.0720  loss_label_0 0.0863  loss_label_1 0.0797  loss_label_2 0.0755  loss_mask_iou 0.0000  loss_mask_iou_0 1.3174  loss_mask_iou_1 1.2759  loss_mask_iou_2 1.2651  loss_overall 9.8366  loss_query_cgp_bind 0.0706  loss_query_cgp_route 0.0000  loss_saliency 2.8390  loss_span 0.1656  loss_span_0 0.2113  loss_span_1 0.1768  loss_span_2 0.1696
2026-08-28 23:05:32,395 INFO Generate submissions
2026-08-28 23:05:37,756 INFO Saving/Evaluating before nms results
2026-08-28 23:05:42,109 INFO metrics_no_nms OrderedDict([   ('MR-full-R1@0.5', 68.39),
                ('MR-full-R1@0.7', 53.68),
                ('MR-full-mAP', 48.71),
                ('MR-full-mAP@0.5', 68.92),
                ('MR-full-mAP@0.75', 49.47),
                ('MR-long-mAP', 54.13),
                ('MR-middle-mAP', 51.11),
                ('MR-short-mAP', 12.83),
                ('HL-min-Fair-mAP', 77.52),
                ('HL-min-Fair-Hit1', 79.42),
                ('HL-min-Good-mAP', 66.51),
                ('HL-min-Good-Hit1', 77.55),
                ('HL-min-VeryGood-mAP', 40.98),
                ('HL-min-VeryGood-Hit1', 66.26)])
2026-08-28 23:05:42,413 INFO [Epoch 180]
2026-08-28 23:06:44,203 INFO Epoch[180] class_error 22.1923  class_error_0 27.3803  class_error_1 24.7035  class_error_2 22.8713  loss_giou 0.2449  loss_giou_0 0.3262  loss_giou_1 0.2679  loss_giou_2 0.2546  loss_iou_scores 0.0452  loss_iou_scores_0 0.0475  loss_iou_scores_1 0.0462  loss_iou_scores_2 0.0463  loss_label 0.0712  loss_label_0 0.0850  loss_label_1 0.0789  loss_label_2 0.0745  loss_mask_iou 0.0000  loss_mask_iou_0 1.3117  loss_mask_iou_1 1.2766  loss_mask_iou_2 1.2681  loss_overall 9.8184  loss_query_cgp_bind 0.0691  loss_query_cgp_route 0.0000  loss_saliency 2.8393  loss_span 0.1640  loss_span_0 0.2102  loss_span_1 0.1757  loss_span_2 0.1688
2026-08-28 23:06:44,207 INFO Generate submissions
2026-08-28 23:06:49,094 INFO Saving/Evaluating before nms results
2026-08-28 23:06:53,605 INFO metrics_no_nms OrderedDict([   ('MR-full-R1@0.5', 68.32),
                ('MR-full-R1@0.7', 53.35),
                ('MR-full-mAP', 48.47),
                ('MR-full-mAP@0.5', 68.65),
                ('MR-full-mAP@0.75', 49.25),
                ('MR-long-mAP', 53.48),
                ('MR-middle-mAP', 50.97),
                ('MR-short-mAP', 13.18),
                ('HL-min-Fair-mAP', 77.52),
                ('HL-min-Fair-Hit1', 79.81),
                ('HL-min-Good-mAP', 66.59),
                ('HL-min-Good-Hit1', 78.19),
                ('HL-min-VeryGood-mAP', 41.07),
                ('HL-min-VeryGood-Hit1', 66.58)])
2026-08-28 23:06:53,918 INFO [Epoch 181]
2026-08-28 23:07:56,196 INFO Epoch[181] class_error 22.7090  class_error_0 27.9600  class_error_1 25.1780  class_error_2 23.1950  loss_giou 0.2426  loss_giou_0 0.3254  loss_giou_1 0.2662  loss_giou_2 0.2524  loss_iou_scores 0.0457  loss_iou_scores_0 0.0484  loss_iou_scores_1 0.0469  loss_iou_scores_2 0.0468  loss_label 0.0721  loss_label_0 0.0860  loss_label_1 0.0794  loss_label_2 0.0755  loss_mask_iou 0.0000  loss_mask_iou_0 1.2929  loss_mask_iou_1 1.2571  loss_mask_iou_2 1.2434  loss_overall 9.7355  loss_query_cgp_bind 0.0683  loss_query_cgp_route 0.0000  loss_saliency 2.8387  loss_span 0.1613  loss_span_0 0.2086  loss_span_1 0.1721  loss_span_2 0.1661
2026-08-28 23:07:56,200 INFO Generate submissions
2026-08-28 23:08:00,823 INFO Saving/Evaluating before nms results
2026-08-28 23:08:05,149 INFO metrics_no_nms OrderedDict([   ('MR-full-R1@0.5', 68.26),
                ('MR-full-R1@0.7', 53.94),
                ('MR-full-mAP', 48.57),
                ('MR-full-mAP@0.5', 68.7),
                ('MR-full-mAP@0.75', 49.61),
                ('MR-long-mAP', 53.44),
                ('MR-middle-mAP', 50.96),
                ('MR-short-mAP', 13.79),
                ('HL-min-Fair-mAP', 77.47),
                ('HL-min-Fair-Hit1', 79.87),
                ('HL-min-Good-mAP', 66.52),
                ('HL-min-Good-Hit1', 78.13),
                ('HL-min-VeryGood-mAP', 41.0),
                ('HL-min-VeryGood-Hit1', 66.32)])
2026-08-28 23:08:05,504 INFO [Epoch 182]
2026-08-28 23:09:06,283 INFO Epoch[182] class_error 21.9540  class_error_0 27.9711  class_error_1 24.8559  class_error_2 22.8736  loss_giou 0.2462  loss_giou_0 0.3272  loss_giou_1 0.2684  loss_giou_2 0.2552  loss_iou_scores 0.0452  loss_iou_scores_0 0.0480  loss_iou_scores_1 0.0465  loss_iou_scores_2 0.0466  loss_label 0.0711  loss_label_0 0.0860  loss_label_1 0.0792  loss_label_2 0.0745  loss_mask_iou 0.0000  loss_mask_iou_0 1.3104  loss_mask_iou_1 1.2739  loss_mask_iou_2 1.2641  loss_overall 9.8013  loss_query_cgp_bind 0.0692  loss_query_cgp_route 0.0000  loss_saliency 2.8346  loss_span 0.1637  loss_span_0 0.2094  loss_span_1 0.1749  loss_span_2 0.1680
2026-08-28 23:09:06,288 INFO Generate submissions
2026-08-28 23:09:11,565 INFO Saving/Evaluating before nms results
2026-08-28 23:09:15,514 INFO metrics_no_nms OrderedDict([   ('MR-full-R1@0.5', 68.26),
                ('MR-full-R1@0.7', 53.94),
                ('MR-full-mAP', 48.51),
                ('MR-full-mAP@0.5', 68.6),
                ('MR-full-mAP@0.75', 49.38),
                ('MR-long-mAP', 54.32),
                ('MR-middle-mAP', 50.44),
                ('MR-short-mAP', 13.32),
                ('HL-min-Fair-mAP', 77.32),
                ('HL-min-Fair-Hit1', 79.29),
                ('HL-min-Good-mAP', 66.36),
                ('HL-min-Good-Hit1', 77.68),
                ('HL-min-VeryGood-mAP', 40.91),
                ('HL-min-VeryGood-Hit1', 66.19)])
2026-08-28 23:09:15,837 INFO [Epoch 183]
2026-08-28 23:10:17,319 INFO Epoch[183] class_error 22.9933  class_error_0 28.2238  class_error_1 25.4083  class_error_2 23.7381  loss_giou 0.2422  loss_giou_0 0.3255  loss_giou_1 0.2672  loss_giou_2 0.2521  loss_iou_scores 0.0451  loss_iou_scores_0 0.0484  loss_iou_scores_1 0.0463  loss_iou_scores_2 0.0464  loss_label 0.0722  loss_label_0 0.0861  loss_label_1 0.0795  loss_label_2 0.0753  loss_mask_iou 0.0000  loss_mask_iou_0 1.3043  loss_mask_iou_1 1.2741  loss_mask_iou_2 1.2556  loss_overall 9.7700  loss_query_cgp_bind 0.0678  loss_query_cgp_route 0.0000  loss_saliency 2.8345  loss_span 0.1607  loss_span_0 0.2090  loss_span_1 0.1727  loss_span_2 0.1657
2026-08-28 23:10:17,327 INFO Generate submissions
2026-08-28 23:10:22,823 INFO Saving/Evaluating before nms results
2026-08-28 23:10:26,965 INFO metrics_no_nms OrderedDict([   ('MR-full-R1@0.5', 68.19),
                ('MR-full-R1@0.7', 53.48),
                ('MR-full-mAP', 48.5),
                ('MR-full-mAP@0.5', 68.46),
                ('MR-full-mAP@0.75', 49.62),
                ('MR-long-mAP', 53.82),
                ('MR-middle-mAP', 50.76),
                ('MR-short-mAP', 12.98),
                ('HL-min-Fair-mAP', 77.63),
                ('HL-min-Fair-Hit1', 80.13),
                ('HL-min-Good-mAP', 66.64),
                ('HL-min-Good-Hit1', 78.26),
                ('HL-min-VeryGood-mAP', 41.14),
                ('HL-min-VeryGood-Hit1', 66.71)])
2026-08-28 23:10:27,336 INFO [Epoch 184]
2026-08-28 23:11:28,652 INFO Epoch[184] class_error 22.1146  class_error_0 27.7268  class_error_1 25.0672  class_error_2 22.9588  loss_giou 0.2430  loss_giou_0 0.3273  loss_giou_1 0.2672  loss_giou_2 0.2520  loss_iou_scores 0.0459  loss_iou_scores_0 0.0480  loss_iou_scores_1 0.0467  loss_iou_scores_2 0.0470  loss_label 0.0715  loss_label_0 0.0857  loss_label_1 0.0792  loss_label_2 0.0750  loss_mask_iou 0.0000  loss_mask_iou_0 1.3018  loss_mask_iou_1 1.2662  loss_mask_iou_2 1.2542  loss_overall 9.7741  loss_query_cgp_bind 0.0690  loss_query_cgp_route 0.0000  loss_saliency 2.8360  loss_span 0.1635  loss_span_0 0.2113  loss_span_1 0.1744  loss_span_2 0.1678
2026-08-28 23:11:28,660 INFO Generate submissions
2026-08-28 23:11:36,227 INFO Saving/Evaluating before nms results
2026-08-28 23:11:39,948 INFO metrics_no_nms OrderedDict([   ('MR-full-R1@0.5', 68.71),
                ('MR-full-R1@0.7', 53.55),
                ('MR-full-mAP', 48.7),
                ('MR-full-mAP@0.5', 68.56),
                ('MR-full-mAP@0.75', 50.12),
                ('MR-long-mAP', 54.34),
                ('MR-middle-mAP', 51.0),
                ('MR-short-mAP', 12.98),
                ('HL-min-Fair-mAP', 77.52),
                ('HL-min-Fair-Hit1', 79.29),
                ('HL-min-Good-mAP', 66.42),
                ('HL-min-Good-Hit1', 77.42),
                ('HL-min-VeryGood-mAP', 40.94),
                ('HL-min-VeryGood-Hit1', 65.55)])
2026-08-28 23:11:40,374 INFO [Epoch 185]
2026-08-28 23:12:40,579 INFO Epoch[185] class_error 22.5345  class_error_0 27.3075  class_error_1 24.5372  class_error_2 23.3915  loss_giou 0.2443  loss_giou_0 0.3278  loss_giou_1 0.2687  loss_giou_2 0.2552  loss_iou_scores 0.0453  loss_iou_scores_0 0.0478  loss_iou_scores_1 0.0461  loss_iou_scores_2 0.0458  loss_label 0.0717  loss_label_0 0.0853  loss_label_1 0.0795  loss_label_2 0.0745  loss_mask_iou 0.0000  loss_mask_iou_0 1.3021  loss_mask_iou_1 1.2614  loss_mask_iou_2 1.2580  loss_overall 9.7830  loss_query_cgp_bind 0.0683  loss_query_cgp_route 0.0000  loss_saliency 2.8360  loss_span 0.1645  loss_span_0 0.2120  loss_span_1 0.1768  loss_span_2 0.1696
2026-08-28 23:12:40,582 INFO Generate submissions
2026-08-28 23:12:48,178 INFO Saving/Evaluating before nms results
2026-08-28 23:12:51,849 INFO metrics_no_nms OrderedDict([   ('MR-full-R1@0.5', 68.26),
                ('MR-full-R1@0.7', 53.42),
                ('MR-full-mAP', 48.63),
                ('MR-full-mAP@0.5', 68.51),
                ('MR-full-mAP@0.75', 49.57),
                ('MR-long-mAP', 53.69),
                ('MR-middle-mAP', 51.11),
                ('MR-short-mAP', 13.53),
                ('HL-min-Fair-mAP', 77.36),
                ('HL-min-Fair-Hit1', 79.35),
                ('HL-min-Good-mAP', 66.4),
                ('HL-min-Good-Hit1', 77.61),
                ('HL-min-VeryGood-mAP', 40.93),
                ('HL-min-VeryGood-Hit1', 65.81)])
2026-08-28 23:12:52,147 INFO [Epoch 186]
2026-08-28 23:13:52,586 INFO Epoch[186] class_error 22.0176  class_error_0 27.5459  class_error_1 24.0399  class_error_2 23.3319  loss_giou 0.2447  loss_giou_0 0.3269  loss_giou_1 0.2691  loss_giou_2 0.2542  loss_iou_scores 0.0454  loss_iou_scores_0 0.0478  loss_iou_scores_1 0.0464  loss_iou_scores_2 0.0464  loss_label 0.0711  loss_label_0 0.0857  loss_label_1 0.0790  loss_label_2 0.0747  loss_mask_iou 0.0000  loss_mask_iou_0 1.3054  loss_mask_iou_1 1.2699  loss_mask_iou_2 1.2595  loss_overall 9.7924  loss_query_cgp_bind 0.0707  loss_query_cgp_route 0.0000  loss_saliency 2.8391  loss_span 0.1638  loss_span_0 0.2099  loss_span_1 0.1754  loss_span_2 0.1679
2026-08-28 23:13:52,588 INFO Generate submissions
2026-08-28 23:13:58,506 INFO Saving/Evaluating before nms results
2026-08-28 23:14:02,338 INFO metrics_no_nms OrderedDict([   ('MR-full-R1@0.5', 68.52),
                ('MR-full-R1@0.7', 53.61),
                ('MR-full-mAP', 48.72),
                ('MR-full-mAP@0.5', 68.82),
                ('MR-full-mAP@0.75', 49.48),
                ('MR-long-mAP', 53.93),
                ('MR-middle-mAP', 51.11),
                ('MR-short-mAP', 13.23),
                ('HL-min-Fair-mAP', 77.65),
                ('HL-min-Fair-Hit1', 80.0),
                ('HL-min-Good-mAP', 66.71),
                ('HL-min-Good-Hit1', 78.13),
                ('HL-min-VeryGood-mAP', 41.15),
                ('HL-min-VeryGood-Hit1', 66.97)])
2026-08-28 23:14:02,670 INFO [Epoch 187]
2026-08-28 23:15:03,204 INFO Epoch[187] class_error 22.5979  class_error_0 28.0141  class_error_1 25.0667  class_error_2 23.3658  loss_giou 0.2448  loss_giou_0 0.3298  loss_giou_1 0.2676  loss_giou_2 0.2540  loss_iou_scores 0.0450  loss_iou_scores_0 0.0471  loss_iou_scores_1 0.0459  loss_iou_scores_2 0.0459  loss_label 0.0719  loss_label_0 0.0851  loss_label_1 0.0797  loss_label_2 0.0748  loss_mask_iou 0.0000  loss_mask_iou_0 1.3107  loss_mask_iou_1 1.2715  loss_mask_iou_2 1.2578  loss_overall 9.8075  loss_query_cgp_bind 0.0705  loss_query_cgp_route 0.0000  loss_saliency 2.8379  loss_span 0.1660  loss_span_0 0.2135  loss_span_1 0.1774  loss_span_2 0.1713
2026-08-28 23:15:03,207 INFO Generate submissions
2026-08-28 23:15:09,066 INFO Saving/Evaluating before nms results
2026-08-28 23:15:13,633 INFO metrics_no_nms OrderedDict([   ('MR-full-R1@0.5', 68.71),
                ('MR-full-R1@0.7', 53.42),
                ('MR-full-mAP', 48.72),
                ('MR-full-mAP@0.5', 68.63),
                ('MR-full-mAP@0.75', 49.95),
                ('MR-long-mAP', 54.09),
                ('MR-middle-mAP', 51.24),
                ('MR-short-mAP', 12.79),
                ('HL-min-Fair-mAP', 77.53),
                ('HL-min-Fair-Hit1', 79.74),
                ('HL-min-Good-mAP', 66.53),
                ('HL-min-Good-Hit1', 77.94),
                ('HL-min-VeryGood-mAP', 41.04),
                ('HL-min-VeryGood-Hit1', 66.06)])
2026-08-28 23:15:13,980 INFO [Epoch 188]
2026-08-28 23:16:13,524 INFO Epoch[188] class_error 22.5399  class_error_0 26.9910  class_error_1 24.6290  class_error_2 22.7360  loss_giou 0.2441  loss_giou_0 0.3274  loss_giou_1 0.2678  loss_giou_2 0.2532  loss_iou_scores 0.0450  loss_iou_scores_0 0.0477  loss_iou_scores_1 0.0463  loss_iou_scores_2 0.0462  loss_label 0.0707  loss_label_0 0.0848  loss_label_1 0.0780  loss_label_2 0.0743  loss_mask_iou 0.0000  loss_mask_iou_0 1.2919  loss_mask_iou_1 1.2571  loss_mask_iou_2 1.2504  loss_overall 9.7425  loss_query_cgp_bind 0.0702  loss_query_cgp_route 0.0000  loss_saliency 2.8306  loss_span 0.1609  loss_span_0 0.2102  loss_span_1 0.1730  loss_span_2 0.1656
2026-08-28 23:16:13,527 INFO Generate submissions
2026-08-28 23:16:19,185 INFO Saving/Evaluating before nms results
2026-08-28 23:16:23,781 INFO metrics_no_nms OrderedDict([   ('MR-full-R1@0.5', 68.06),
                ('MR-full-R1@0.7', 53.68),
                ('MR-full-mAP', 48.4),
                ('MR-full-mAP@0.5', 68.31),
                ('MR-full-mAP@0.75', 49.7),
                ('MR-long-mAP', 53.64),
                ('MR-middle-mAP', 50.75),
                ('MR-short-mAP', 13.28),
                ('HL-min-Fair-mAP', 77.48),
                ('HL-min-Fair-Hit1', 79.42),
                ('HL-min-Good-mAP', 66.44),
                ('HL-min-Good-Hit1', 77.55),
                ('HL-min-VeryGood-mAP', 40.93),
                ('HL-min-VeryGood-Hit1', 65.55)])
2026-08-28 23:16:24,109 INFO [Epoch 189]
2026-08-28 23:17:24,158 INFO Epoch[189] class_error 22.3381  class_error_0 27.3863  class_error_1 24.9339  class_error_2 22.8952  loss_giou 0.2434  loss_giou_0 0.3230  loss_giou_1 0.2684  loss_giou_2 0.2531  loss_iou_scores 0.0446  loss_iou_scores_0 0.0470  loss_iou_scores_1 0.0455  loss_iou_scores_2 0.0455  loss_label 0.0699  loss_label_0 0.0844  loss_label_1 0.0770  loss_label_2 0.0733  loss_mask_iou 0.0000  loss_mask_iou_0 1.2999  loss_mask_iou_1 1.2631  loss_mask_iou_2 1.2458  loss_overall 9.7472  loss_query_cgp_bind 0.0694  loss_query_cgp_route 0.0000  loss_saliency 2.8335  loss_span 0.1637  loss_span_0 0.2103  loss_span_1 0.1753  loss_span_2 0.1681
2026-08-28 23:17:24,161 INFO Generate submissions
2026-08-28 23:17:28,968 INFO Saving/Evaluating before nms results
2026-08-28 23:17:34,371 INFO metrics_no_nms OrderedDict([   ('MR-full-R1@0.5', 67.87),
                ('MR-full-R1@0.7', 53.48),
                ('MR-full-mAP', 48.76),
                ('MR-full-mAP@0.5', 68.56),
                ('MR-full-mAP@0.75', 49.75),
                ('MR-long-mAP', 53.62),
                ('MR-middle-mAP', 51.44),
                ('MR-short-mAP', 13.37),
                ('HL-min-Fair-mAP', 77.39),
                ('HL-min-Fair-Hit1', 79.03),
                ('HL-min-Good-mAP', 66.31),
                ('HL-min-Good-Hit1', 77.23),
                ('HL-min-VeryGood-mAP', 40.86),
                ('HL-min-VeryGood-Hit1', 66.0)])
2026-08-28 23:17:34,711 INFO [Epoch 190]
2026-08-28 23:18:34,143 INFO Epoch[190] class_error 22.0412  class_error_0 27.1219  class_error_1 24.3365  class_error_2 22.6815  loss_giou 0.2408  loss_giou_0 0.3261  loss_giou_1 0.2658  loss_giou_2 0.2511  loss_iou_scores 0.0455  loss_iou_scores_0 0.0475  loss_iou_scores_1 0.0468  loss_iou_scores_2 0.0467  loss_label 0.0707  loss_label_0 0.0856  loss_label_1 0.0780  loss_label_2 0.0741  loss_mask_iou 0.0000  loss_mask_iou_0 1.2985  loss_mask_iou_1 1.2571  loss_mask_iou_2 1.2430  loss_overall 9.7215  loss_query_cgp_bind 0.0672  loss_query_cgp_route 0.0000  loss_saliency 2.8346  loss_span 0.1593  loss_span_0 0.2078  loss_span_1 0.1716  loss_span_2 0.1635
2026-08-28 23:18:34,146 INFO Generate submissions
2026-08-28 23:18:39,381 INFO Saving/Evaluating before nms results
2026-08-28 23:18:45,037 INFO metrics_no_nms OrderedDict([   ('MR-full-R1@0.5', 67.87),
                ('MR-full-R1@0.7', 53.29),
                ('MR-full-mAP', 48.45),
                ('MR-full-mAP@0.5', 68.46),
                ('MR-full-mAP@0.75', 49.39),
                ('MR-long-mAP', 53.38),
                ('MR-middle-mAP', 51.2),
                ('MR-short-mAP', 13.29),
                ('HL-min-Fair-mAP', 77.49),
                ('HL-min-Fair-Hit1', 79.48),
                ('HL-min-Good-mAP', 66.41),
                ('HL-min-Good-Hit1', 77.55),
                ('HL-min-VeryGood-mAP', 40.88),
                ('HL-min-VeryGood-Hit1', 65.87)])
2026-08-28 23:18:45,339 INFO [Epoch 191]
2026-08-28 23:19:44,381 INFO Epoch[191] class_error 21.9832  class_error_0 27.1085  class_error_1 24.4839  class_error_2 22.7137  loss_giou 0.2422  loss_giou_0 0.3256  loss_giou_1 0.2656  loss_giou_2 0.2522  loss_iou_scores 0.0456  loss_iou_scores_0 0.0482  loss_iou_scores_1 0.0476  loss_iou_scores_2 0.0471  loss_label 0.0710  loss_label_0 0.0849  loss_label_1 0.0788  loss_label_2 0.0744  loss_mask_iou 0.0000  loss_mask_iou_0 1.2967  loss_mask_iou_1 1.2610  loss_mask_iou_2 1.2459  loss_overall 9.7464  loss_query_cgp_bind 0.0668  loss_query_cgp_route 0.0000  loss_saliency 2.8399  loss_span 0.1628  loss_span_0 0.2104  loss_span_1 0.1737  loss_span_2 0.1669
2026-08-28 23:19:44,384 INFO Generate submissions
2026-08-28 23:19:50,487 INFO Saving/Evaluating before nms results
2026-08-28 23:19:55,304 INFO metrics_no_nms OrderedDict([   ('MR-full-R1@0.5', 68.19),
                ('MR-full-R1@0.7', 52.97),
                ('MR-full-mAP', 48.35),
                ('MR-full-mAP@0.5', 68.58),
                ('MR-full-mAP@0.75', 49.05),
                ('MR-long-mAP', 53.6),
                ('MR-middle-mAP', 50.77),
                ('MR-short-mAP', 13.04),
                ('HL-min-Fair-mAP', 77.51),
                ('HL-min-Fair-Hit1', 79.29),
                ('HL-min-Good-mAP', 66.6),
                ('HL-min-Good-Hit1', 77.29),
                ('HL-min-VeryGood-mAP', 41.05),
                ('HL-min-VeryGood-Hit1', 65.81)])
2026-08-28 23:19:55,610 INFO [Epoch 192]
2026-08-28 23:20:55,614 INFO Epoch[192] class_error 22.4768  class_error_0 27.5005  class_error_1 24.8115  class_error_2 23.2460  loss_giou 0.2389  loss_giou_0 0.3218  loss_giou_1 0.2631  loss_giou_2 0.2481  loss_iou_scores 0.0454  loss_iou_scores_0 0.0478  loss_iou_scores_1 0.0465  loss_iou_scores_2 0.0466  loss_label 0.0713  loss_label_0 0.0848  loss_label_1 0.0788  loss_label_2 0.0743  loss_mask_iou 0.0000  loss_mask_iou_0 1.2803  loss_mask_iou_1 1.2502  loss_mask_iou_2 1.2358  loss_overall 9.6726  loss_query_cgp_bind 0.0671  loss_query_cgp_route 0.0000  loss_saliency 2.8363  loss_span 0.1587  loss_span_0 0.2066  loss_span_1 0.1697  loss_span_2 0.1629
2026-08-28 23:20:55,618 INFO Generate submissions
2026-08-28 23:21:00,815 INFO Saving/Evaluating before nms results
2026-08-28 23:21:05,432 INFO metrics_no_nms OrderedDict([   ('MR-full-R1@0.5', 68.06),
                ('MR-full-R1@0.7', 53.35),
                ('MR-full-mAP', 48.55),
                ('MR-full-mAP@0.5', 68.17),
                ('MR-full-mAP@0.75', 49.85),
                ('MR-long-mAP', 53.74),
                ('MR-middle-mAP', 51.27),
                ('MR-short-mAP', 12.68),
                ('HL-min-Fair-mAP', 77.35),
                ('HL-min-Fair-Hit1', 78.65),
                ('HL-min-Good-mAP', 66.3),
                ('HL-min-Good-Hit1', 76.32),
                ('HL-min-VeryGood-mAP', 40.7),
                ('HL-min-VeryGood-Hit1', 64.52)])
2026-08-28 23:21:05,887 INFO [Epoch 193]
2026-08-28 23:22:06,083 INFO Epoch[193] class_error 22.2881  class_error_0 27.1560  class_error_1 24.6374  class_error_2 23.1093  loss_giou 0.2441  loss_giou_0 0.3267  loss_giou_1 0.2662  loss_giou_2 0.2542  loss_iou_scores 0.0445  loss_iou_scores_0 0.0476  loss_iou_scores_1 0.0465  loss_iou_scores_2 0.0460  loss_label 0.0712  loss_label_0 0.0851  loss_label_1 0.0794  loss_label_2 0.0744  loss_mask_iou 0.0000  loss_mask_iou_0 1.3027  loss_mask_iou_1 1.2669  loss_mask_iou_2 1.2593  loss_overall 9.7748  loss_query_cgp_bind 0.0686  loss_query_cgp_route 0.0000  loss_saliency 2.8357  loss_span 0.1632  loss_span_0 0.2093  loss_span_1 0.1739  loss_span_2 0.1680
2026-08-28 23:22:06,087 INFO Generate submissions
2026-08-28 23:22:11,509 INFO Saving/Evaluating before nms results
2026-08-28 23:22:16,466 INFO metrics_no_nms OrderedDict([   ('MR-full-R1@0.5', 68.45),
                ('MR-full-R1@0.7', 53.48),
                ('MR-full-mAP', 48.73),
                ('MR-full-mAP@0.5', 68.54),
                ('MR-full-mAP@0.75', 49.55),
                ('MR-long-mAP', 54.41),
                ('MR-middle-mAP', 50.87),
                ('MR-short-mAP', 13.34),
                ('HL-min-Fair-mAP', 77.44),
                ('HL-min-Fair-Hit1', 79.29),
                ('HL-min-Good-mAP', 66.45),
                ('HL-min-Good-Hit1', 77.35),
                ('HL-min-VeryGood-mAP', 40.97),
                ('HL-min-VeryGood-Hit1', 65.23)])
2026-08-28 23:22:17,052 INFO [Epoch 194]
2026-08-28 23:23:16,263 INFO Epoch[194] class_error 22.3304  class_error_0 27.8611  class_error_1 25.0833  class_error_2 23.0203  loss_giou 0.2427  loss_giou_0 0.3221  loss_giou_1 0.2648  loss_giou_2 0.2521  loss_iou_scores 0.0440  loss_iou_scores_0 0.0474  loss_iou_scores_1 0.0456  loss_iou_scores_2 0.0451  loss_label 0.0710  loss_label_0 0.0845  loss_label_1 0.0788  loss_label_2 0.0739  loss_mask_iou 0.0000  loss_mask_iou_0 1.2989  loss_mask_iou_1 1.2567  loss_mask_iou_2 1.2475  loss_overall 9.7251  loss_query_cgp_bind 0.0682  loss_query_cgp_route 0.0000  loss_saliency 2.8347  loss_span 0.1611  loss_span_0 0.2083  loss_span_1 0.1724  loss_span_2 0.1661
2026-08-28 23:23:16,266 INFO Generate submissions
2026-08-28 23:23:22,059 INFO Saving/Evaluating before nms results
2026-08-28 23:23:26,629 INFO metrics_no_nms OrderedDict([   ('MR-full-R1@0.5', 68.39),
                ('MR-full-R1@0.7', 53.55),
                ('MR-full-mAP', 48.47),
                ('MR-full-mAP@0.5', 68.44),
                ('MR-full-mAP@0.75', 49.61),
                ('MR-long-mAP', 53.87),
                ('MR-middle-mAP', 50.69),
                ('MR-short-mAP', 13.43),
                ('HL-min-Fair-mAP', 77.38),
                ('HL-min-Fair-Hit1', 78.9),
                ('HL-min-Good-mAP', 66.41),
                ('HL-min-Good-Hit1', 77.03),
                ('HL-min-VeryGood-mAP', 40.88),
                ('HL-min-VeryGood-Hit1', 65.74)])
2026-08-28 23:23:27,108 INFO [Epoch 195]
2026-08-28 23:24:16,281 INFO Epoch[195] class_error 21.4114  class_error_0 27.0641  class_error_1 23.6248  class_error_2 22.3408  loss_giou 0.2431  loss_giou_0 0.3246  loss_giou_1 0.2674  loss_giou_2 0.2531  loss_iou_scores 0.0438  loss_iou_scores_0 0.0462  loss_iou_scores_1 0.0453  loss_iou_scores_2 0.0448  loss_label 0.0697  loss_label_0 0.0834  loss_label_1 0.0767  loss_label_2 0.0723  loss_mask_iou 0.0000  loss_mask_iou_0 1.3012  loss_mask_iou_1 1.2685  loss_mask_iou_2 1.2503  loss_overall 9.7375  loss_query_cgp_bind 0.0688  loss_query_cgp_route 0.0000  loss_saliency 2.8346  loss_span 0.1612  loss_span_0 0.2075  loss_span_1 0.1723  loss_span_2 0.1660
2026-08-28 23:24:16,283 INFO Generate submissions
2026-08-28 23:24:21,794 INFO Saving/Evaluating before nms results
2026-08-28 23:24:25,301 INFO metrics_no_nms OrderedDict([   ('MR-full-R1@0.5', 68.13),
                ('MR-full-R1@0.7', 53.68),
                ('MR-full-mAP', 48.63),
                ('MR-full-mAP@0.5', 68.34),
                ('MR-full-mAP@0.75', 50.04),
                ('MR-long-mAP', 53.96),
                ('MR-middle-mAP', 50.85),
                ('MR-short-mAP', 13.91),
                ('HL-min-Fair-mAP', 77.37),
                ('HL-min-Fair-Hit1', 79.23),
                ('HL-min-Good-mAP', 66.33),
                ('HL-min-Good-Hit1', 77.16),
                ('HL-min-VeryGood-mAP', 40.82),
                ('HL-min-VeryGood-Hit1', 65.87)])
2026-08-28 23:24:25,561 INFO [Epoch 196]
2026-08-28 23:25:12,835 INFO Epoch[196] class_error 21.5299  class_error_0 26.7735  class_error_1 24.1577  class_error_2 21.9921  loss_giou 0.2412  loss_giou_0 0.3249  loss_giou_1 0.2638  loss_giou_2 0.2503  loss_iou_scores 0.0447  loss_iou_scores_0 0.0472  loss_iou_scores_1 0.0458  loss_iou_scores_2 0.0459  loss_label 0.0699  loss_label_0 0.0844  loss_label_1 0.0776  loss_label_2 0.0731  loss_mask_iou 0.0000  loss_mask_iou_0 1.2835  loss_mask_iou_1 1.2485  loss_mask_iou_2 1.2355  loss_overall 9.6808  loss_query_cgp_bind 0.0682  loss_query_cgp_route 0.0000  loss_saliency 2.8307  loss_span 0.1618  loss_span_0 0.2089  loss_span_1 0.1730  loss_span_2 0.1665
2026-08-28 23:25:12,838 INFO Generate submissions
2026-08-28 23:25:17,798 INFO Saving/Evaluating before nms results
2026-08-28 23:25:21,452 INFO metrics_no_nms OrderedDict([   ('MR-full-R1@0.5', 68.13),
                ('MR-full-R1@0.7', 53.74),
                ('MR-full-mAP', 48.73),
                ('MR-full-mAP@0.5', 68.66),
                ('MR-full-mAP@0.75', 49.54),
                ('MR-long-mAP', 54.57),
                ('MR-middle-mAP', 50.79),
                ('MR-short-mAP', 13.2),
                ('HL-min-Fair-mAP', 77.3),
                ('HL-min-Fair-Hit1', 78.65),
                ('HL-min-Good-mAP', 66.23),
                ('HL-min-Good-Hit1', 77.1),
                ('HL-min-VeryGood-mAP', 40.77),
                ('HL-min-VeryGood-Hit1', 65.94)])
2026-08-28 23:25:21,782 INFO [Epoch 197]
2026-08-28 23:26:09,086 INFO Epoch[197] class_error 21.7279  class_error_0 27.1420  class_error_1 24.1812  class_error_2 22.4125  loss_giou 0.2396  loss_giou_0 0.3221  loss_giou_1 0.2633  loss_giou_2 0.2494  loss_iou_scores 0.0450  loss_iou_scores_0 0.0477  loss_iou_scores_1 0.0460  loss_iou_scores_2 0.0458  loss_label 0.0704  loss_label_0 0.0854  loss_label_1 0.0786  loss_label_2 0.0738  loss_mask_iou 0.0000  loss_mask_iou_0 1.2729  loss_mask_iou_1 1.2359  loss_mask_iou_2 1.2299  loss_overall 9.6500  loss_query_cgp_bind 0.0675  loss_query_cgp_route 0.0000  loss_saliency 2.8302  loss_span 0.1615  loss_span_0 0.2089  loss_span_1 0.1726  loss_span_2 0.1662
2026-08-28 23:26:09,088 INFO Generate submissions
2026-08-28 23:26:13,661 INFO Saving/Evaluating before nms results
2026-08-28 23:26:18,061 INFO metrics_no_nms OrderedDict([   ('MR-full-R1@0.5', 68.58),
                ('MR-full-R1@0.7', 54.58),
                ('MR-full-mAP', 48.8),
                ('MR-full-mAP@0.5', 68.45),
                ('MR-full-mAP@0.75', 50.04),
                ('MR-long-mAP', 54.04),
                ('MR-middle-mAP', 50.98),
                ('MR-short-mAP', 13.69),
                ('HL-min-Fair-mAP', 77.5),
                ('HL-min-Fair-Hit1', 79.35),
                ('HL-min-Good-mAP', 66.46),
                ('HL-min-Good-Hit1', 77.61),
                ('HL-min-VeryGood-mAP', 40.97),
                ('HL-min-VeryGood-Hit1', 65.87)])
2026-08-28 23:26:18,377 INFO [Epoch 198]
2026-08-28 23:27:07,352 INFO Epoch[198] class_error 22.1381  class_error_0 27.6495  class_error_1 24.4345  class_error_2 22.8799  loss_giou 0.2407  loss_giou_0 0.3232  loss_giou_1 0.2647  loss_giou_2 0.2502  loss_iou_scores 0.0449  loss_iou_scores_0 0.0479  loss_iou_scores_1 0.0460  loss_iou_scores_2 0.0464  loss_label 0.0706  loss_label_0 0.0850  loss_label_1 0.0783  loss_label_2 0.0735  loss_mask_iou 0.0000  loss_mask_iou_0 1.2857  loss_mask_iou_1 1.2494  loss_mask_iou_2 1.2352  loss_overall 9.6838  loss_query_cgp_bind 0.0668  loss_query_cgp_route 0.0000  loss_saliency 2.8346  loss_span 0.1599  loss_span_0 0.2082  loss_span_1 0.1717  loss_span_2 0.1646
2026-08-28 23:27:07,355 INFO Generate submissions
2026-08-28 23:27:12,131 INFO Saving/Evaluating before nms results
2026-08-28 23:27:16,532 INFO metrics_no_nms OrderedDict([   ('MR-full-R1@0.5', 67.74),
                ('MR-full-R1@0.7', 53.1),
                ('MR-full-mAP', 48.61),
                ('MR-full-mAP@0.5', 68.42),
                ('MR-full-mAP@0.75', 49.43),
                ('MR-long-mAP', 54.98),
                ('MR-middle-mAP', 50.4),
                ('MR-short-mAP', 13.15),
                ('HL-min-Fair-mAP', 77.45),
                ('HL-min-Fair-Hit1', 79.35),
                ('HL-min-Good-mAP', 66.51),
                ('HL-min-Good-Hit1', 77.48),
                ('HL-min-VeryGood-mAP', 40.96),
                ('HL-min-VeryGood-Hit1', 66.0)])
2026-08-28 23:27:16,991 INFO [Epoch 199]
2026-08-28 23:28:06,827 INFO Epoch[199] class_error 21.6182  class_error_0 26.6072  class_error_1 24.1708  class_error_2 22.1959  loss_giou 0.2434  loss_giou_0 0.3233  loss_giou_1 0.2672  loss_giou_2 0.2532  loss_iou_scores 0.0443  loss_iou_scores_0 0.0474  loss_iou_scores_1 0.0455  loss_iou_scores_2 0.0456  loss_label 0.0705  loss_label_0 0.0846  loss_label_1 0.0779  loss_label_2 0.0734  loss_mask_iou 0.0000  loss_mask_iou_0 1.2960  loss_mask_iou_1 1.2576  loss_mask_iou_2 1.2517  loss_overall 9.7346  loss_query_cgp_bind 0.0702  loss_query_cgp_route 0.0000  loss_saliency 2.8334  loss_span 0.1637  loss_span_0 0.2096  loss_span_1 0.1733  loss_span_2 0.1678
2026-08-28 23:28:06,830 INFO Generate submissions
2026-08-28 23:28:12,296 INFO Saving/Evaluating before nms results
2026-08-28 23:28:15,955 INFO metrics_no_nms OrderedDict([   ('MR-full-R1@0.5', 68.58),
                ('MR-full-R1@0.7', 54.26),
                ('MR-full-mAP', 48.41),
                ('MR-full-mAP@0.5', 68.71),
                ('MR-full-mAP@0.75', 49.42),
                ('MR-long-mAP', 54.26),
                ('MR-middle-mAP', 50.57),
                ('MR-short-mAP', 13.1),
                ('HL-min-Fair-mAP', 77.71),
                ('HL-min-Fair-Hit1', 79.35),
                ('HL-min-Good-mAP', 66.65),
                ('HL-min-Good-Hit1', 77.61),
                ('HL-min-VeryGood-mAP', 40.93),
                ('HL-min-VeryGood-Hit1', 65.48)])
2026-08-28 23:28:16,262 INFO [Epoch 200]
2026-08-28 23:29:04,132 INFO Epoch[200] class_error 21.6875  class_error_0 26.9196  class_error_1 24.1717  class_error_2 22.2271  loss_giou 0.2419  loss_giou_0 0.3252  loss_giou_1 0.2667  loss_giou_2 0.2508  loss_iou_scores 0.0445  loss_iou_scores_0 0.0471  loss_iou_scores_1 0.0453  loss_iou_scores_2 0.0459  loss_label 0.0704  loss_label_0 0.0846  loss_label_1 0.0776  loss_label_2 0.0733  loss_mask_iou 0.0000  loss_mask_iou_0 1.2885  loss_mask_iou_1 1.2554  loss_mask_iou_2 1.2404  loss_overall 9.7005  loss_query_cgp_bind 0.0681  loss_query_cgp_route 0.0000  loss_saliency 2.8300  loss_span 0.1614  loss_span_0 0.2070  loss_span_1 0.1726  loss_span_2 0.1655
2026-08-28 23:29:04,135 INFO Generate submissions
2026-08-28 23:29:08,962 INFO Saving/Evaluating before nms results
2026-08-28 23:29:12,373 INFO metrics_no_nms OrderedDict([   ('MR-full-R1@0.5', 67.94),
                ('MR-full-R1@0.7', 53.16),
                ('MR-full-mAP', 48.63),
                ('MR-full-mAP@0.5', 68.75),
                ('MR-full-mAP@0.75', 49.62),
                ('MR-long-mAP', 54.22),
                ('MR-middle-mAP', 50.62),
                ('MR-short-mAP', 13.29),
                ('HL-min-Fair-mAP', 77.57),
                ('HL-min-Fair-Hit1', 80.0),
                ('HL-min-Good-mAP', 66.57),
                ('HL-min-Good-Hit1', 78.26),
                ('HL-min-VeryGood-mAP', 40.94),
                ('HL-min-VeryGood-Hit1', 66.65)])
2026-08-28 23:29:12,896 INFO Finished variant supervision_only, best validation MR-full-mAP=49.0600
