2026-08-30 13:27:52,883 INFO Starting LCB training variant lcb_full with options {'dset_name': 'hl', 'dset_domain': None, 'eval_split_name': 'val', 'debug': False, 'data_ratio': 1.0, 'results_root': 'results', 'exp_id': 'lcb_full', 'seed': 2017, 'device': device(type='cuda'), 'gpu_id': 1, 'num_workers': 4, 'no_pin_memory': False, 'lr': 0.0001, 'lr_drop': 100, 'wd': 0.0001, 'n_epoch': 200, 'max_es_cnt': 200, 'bsz': 32, 'eval_bsz': 32, 'grad_clip': 0.1, 'eval_untrained': False, 'resume': None, 'resume_all': False, 'start_epoch': None, 'max_q_l': 32, 'max_v_l': 75, 'clip_length': 2, 'max_windows': 10, 'train_path': '/home/guoxiangyu/VLMbasedIter_momentretrival/Sim-DETR/data/highlight_train_release.jsonl', 'eval_path': '/home/guoxiangyu/VLMbasedIter_momentretrival/Sim-DETR/data/highlight_val_release.jsonl', 'no_norm_vfeat': False, 'no_norm_tfeat': False, 'v_feat_dirs': ['/home/guoxiangyu/VLMbasedIter_momentretrival/Sim-DETR/data/slowfast_features', '/home/guoxiangyu/VLMbasedIter_momentretrival/Sim-DETR/data/clip_b32_vid_k4'], 't_feat_dir': '/home/guoxiangyu/VLMbasedIter_momentretrival/Sim-DETR/data/clip_b32_txt_k4', 'a_feat_dir': None, 'v_feat_dim': 5378, 't_feat_dim': 2048, 'a_feat_dim': None, 'ctx_mode': 'video_tef', 'position_embedding': 'sine', 'enc_layers': 2, 'dec_layers': 4, 'dim_feedforward': 1024, 'hidden_dim': 256, 'input_dropout': 0.5, 'dropout': 0.1, 'txt_drop_ratio': 0, 'use_txt_pos': False, 'nheads': 8, 'num_queries': 10, 'pre_norm': False, 'n_input_proj': 2, 'contrastive_hdim': 64, 'temperature': 0.07, 'lw_saliency': 1.0, 'saliency_margin': 0.2, 'aux_loss': True, 'span_loss_type': 'l1', 'contrastive_align_loss': False, 'set_cost_span': 10, 'set_cost_giou': 1, 'set_cost_class': 4, 'set_cost_mask': 6, 'span_loss_coef': 10, 'giou_loss_coef': 1, 'label_loss_coef': 4, 'eos_coef': 0.1, 'contrastive_align_loss_coef': 0.0, 'mask_loss_coef': 6, 'iou_scores_loss_coef': 2, 'no_sort_results': False, 'max_before_nms': 10, 'max_after_nms': 10, 'conf_thd': 0.0, 'nms_thd': -1, 'VTC_loss_coef': 0.3, 'CTC_loss_coef': 0.5, 'use_query_cgp': False, 'query_cgp_num_basis': 16, 'query_cgp_prompt_length': 6, 'query_cgp_router_hidden_dim': 256, 'query_cgp_frf_hidden_dim': 512, 'query_cgp_temperature': 1.0, 'query_cgp_beta': 0.05, 'query_cgp_after_layer': 0, 'query_cgp_binding_loss_coef': 0.2, 'query_cgp_route_loss_coef': 0.01, 'init_from': None, 'variant': 'lcb_full', 'output_dir': '/home/guoxiangyu/VLMbasedIter_momentretrival/Sim-DETR/Layeerconsistentbinding/outputs/lcb_full_seed2017', 'causal_dec_layers': 4, 'lcb_d1_bind_coef': 0.5, 'lcb_late_bind_coef': 0.1, 'lcb_owner_cons_coef': 0.1, 'lcb_drop_coef': 0.1, 'lcb_drop_margin': 0.05, 'pin_memory': True, 'use_tef': True, 'use_video': True, 'results_dir': '/home/guoxiangyu/VLMbasedIter_momentretrival/Sim-DETR/Layeerconsistentbinding/outputs/lcb_full_seed2017', 'ckpt_filepath': '/home/guoxiangyu/VLMbasedIter_momentretrival/Sim-DETR/Layeerconsistentbinding/outputs/lcb_full_seed2017/model.ckpt', 'train_log_filepath': '/home/guoxiangyu/VLMbasedIter_momentretrival/Sim-DETR/Layeerconsistentbinding/outputs/lcb_full_seed2017/train.log.txt', 'eval_log_filepath': '/home/guoxiangyu/VLMbasedIter_momentretrival/Sim-DETR/Layeerconsistentbinding/outputs/lcb_full_seed2017/eval.log.txt', 'tensorboard_log_dir': '/home/guoxiangyu/VLMbasedIter_momentretrival/Sim-DETR/Layeerconsistentbinding/outputs/lcb_full_seed2017/tensorboard_log'}
2026-08-30 13:27:55,062 INFO [Epoch 1]
2026-08-30 13:29:02,733 INFO Epoch[1] class_error 99.5318  class_error_0 99.5787  class_error_1 99.7831  class_error_2 99.8249  loss_giou 0.7784  loss_giou_0 0.6964  loss_giou_1 0.7225  loss_giou_2 0.7428  loss_iou_scores 0.0837  loss_iou_scores_0 0.0893  loss_iou_scores_1 0.0862  loss_iou_scores_2 0.0855  loss_label 0.2104  loss_label_0 0.2148  loss_label_1 0.2115  loss_label_2 0.2104  loss_lcb_d1_bind 0.9578  loss_lcb_drop 0.0001  loss_lcb_late_bind 0.1889  loss_lcb_owner_cons 0.0009  loss_mask_iou 0.0000  loss_mask_iou_0 4.9536  loss_mask_iou_1 4.9532  loss_mask_iou_2 4.9516  loss_overall 29.4808  loss_saliency 4.1099  loss_span 1.0550  loss_span_0 0.9683  loss_span_1 0.9399  loss_span_2 0.9933
2026-08-30 13:29:02,736 INFO Generate submissions
2026-08-30 13:29:07,367 INFO Saving/Evaluating before nms results
2026-08-30 13:29:10,791 INFO metrics_no_nms OrderedDict([   ('MR-full-R1@0.5', 14.77),
                ('MR-full-R1@0.7', 4.9),
                ('MR-full-mAP', 8.23),
                ('MR-full-mAP@0.5', 20.55),
                ('MR-full-mAP@0.75', 5.99),
                ('MR-long-mAP', 8.03),
                ('MR-middle-mAP', 10.54),
                ('MR-short-mAP', 0.9),
                ('HL-min-Fair-mAP', 47.65),
                ('HL-min-Fair-Hit1', 38.84),
                ('HL-min-Good-mAP', 40.65),
                ('HL-min-Good-Hit1', 37.55),
                ('HL-min-VeryGood-mAP', 24.95),
                ('HL-min-VeryGood-Hit1', 30.9)])
2026-08-30 13:29:11,065 INFO [Best] epoch 1, MR-full-mAP 8.2300
2026-08-30 13:29:11,243 INFO [Epoch 2]
2026-08-30 13:30:16,448 INFO Epoch[2] class_error 99.8853  class_error_0 99.9329  class_error_1 99.9933  class_error_2 99.9691  loss_giou 0.6953  loss_giou_0 0.6842  loss_giou_1 0.6831  loss_giou_2 0.6873  loss_iou_scores 0.0852  loss_iou_scores_0 0.0861  loss_iou_scores_1 0.0853  loss_iou_scores_2 0.0859  loss_label 0.2007  loss_label_0 0.2056  loss_label_1 0.2030  loss_label_2 0.2028  loss_lcb_d1_bind 0.7679  loss_lcb_drop 0.0002  loss_lcb_late_bind 0.1392  loss_lcb_owner_cons 0.0020  loss_mask_iou 0.0000  loss_mask_iou_0 4.7630  loss_mask_iou_1 4.7617  loss_mask_iou_2 4.7651  loss_overall 27.6150  loss_saliency 3.9238  loss_span 0.8811  loss_span_0 0.8796  loss_span_1 0.8574  loss_span_2 0.8653
2026-08-30 13:30:16,455 INFO Generate submissions
2026-08-30 13:30:21,958 INFO Saving/Evaluating before nms results
2026-08-30 13:30:25,880 INFO metrics_no_nms OrderedDict([   ('MR-full-R1@0.5', 23.42),
                ('MR-full-R1@0.7', 7.87),
                ('MR-full-mAP', 11.87),
                ('MR-full-mAP@0.5', 31.38),
                ('MR-full-mAP@0.75', 8.14),
                ('MR-long-mAP', 10.21),
                ('MR-middle-mAP', 15.51),
                ('MR-short-mAP', 1.85),
                ('HL-min-Fair-mAP', 61.38),
                ('HL-min-Fair-Hit1', 60.77),
                ('HL-min-Good-mAP', 52.65),
                ('HL-min-Good-Hit1', 59.29),
                ('HL-min-VeryGood-mAP', 32.51),
                ('HL-min-VeryGood-Hit1', 49.55)])
2026-08-30 13:30:26,197 INFO [Best] epoch 2, MR-full-mAP 11.8700
2026-08-30 13:30:26,485 INFO [Epoch 3]
2026-08-30 13:31:35,852 INFO Epoch[3] class_error 99.1751  class_error_0 99.7128  class_error_1 99.5203  class_error_2 99.6910  loss_giou 0.5990  loss_giou_0 0.5948  loss_giou_1 0.5894  loss_giou_2 0.5985  loss_iou_scores 0.0780  loss_iou_scores_0 0.0908  loss_iou_scores_1 0.0859  loss_iou_scores_2 0.0825  loss_label 0.1905  loss_label_0 0.2012  loss_label_1 0.1939  loss_label_2 0.1926  loss_lcb_d1_bind 0.6441  loss_lcb_drop 0.0001  loss_lcb_late_bind 0.1128  loss_lcb_owner_cons 0.0024  loss_mask_iou 0.0000  loss_mask_iou_0 4.1130  loss_mask_iou_1 4.1096  loss_mask_iou_2 4.1232  loss_overall 24.3534  loss_saliency 3.7603  loss_span 0.7317  loss_span_0 0.7541  loss_span_1 0.7251  loss_span_2 0.7287
2026-08-30 13:31:35,856 INFO Generate submissions
2026-08-30 13:31:40,352 INFO Saving/Evaluating before nms results
2026-08-30 13:31:44,043 INFO metrics_no_nms OrderedDict([   ('MR-full-R1@0.5', 39.16),
                ('MR-full-R1@0.7', 16.13),
                ('MR-full-mAP', 21.27),
                ('MR-full-mAP@0.5', 45.63),
                ('MR-full-mAP@0.75', 16.78),
                ('MR-long-mAP', 28.28),
                ('MR-middle-mAP', 21.48),
                ('MR-short-mAP', 1.27),
                ('HL-min-Fair-mAP', 65.08),
                ('HL-min-Fair-Hit1', 65.29),
                ('HL-min-Good-mAP', 55.9),
                ('HL-min-Good-Hit1', 63.48),
                ('HL-min-VeryGood-mAP', 34.61),
                ('HL-min-VeryGood-Hit1', 52.9)])
2026-08-30 13:31:44,339 INFO [Best] epoch 3, MR-full-mAP 21.2700
2026-08-30 13:31:44,602 INFO [Epoch 4]
2026-08-30 13:32:46,973 INFO Epoch[4] class_error 99.1609  class_error_0 99.1382  class_error_1 98.1243  class_error_2 99.0195  loss_giou 0.5592  loss_giou_0 0.5608  loss_giou_1 0.5506  loss_giou_2 0.5566  loss_iou_scores 0.0806  loss_iou_scores_0 0.0877  loss_iou_scores_1 0.0837  loss_iou_scores_2 0.0829  loss_label 0.1882  loss_label_0 0.1932  loss_label_1 0.1890  loss_label_2 0.1877  loss_lcb_d1_bind 0.5695  loss_lcb_drop 0.0002  loss_lcb_late_bind 0.1054  loss_lcb_owner_cons 0.0023  loss_mask_iou 0.0000  loss_mask_iou_0 3.5851  loss_mask_iou_1 3.5577  loss_mask_iou_2 3.5668  loss_overall 22.0660  loss_saliency 3.6710  loss_span 0.6562  loss_span_0 0.6982  loss_span_1 0.6611  loss_span_2 0.6566
2026-08-30 13:32:46,976 INFO Generate submissions
2026-08-30 13:32:51,510 INFO Saving/Evaluating before nms results
2026-08-30 13:32:55,146 INFO metrics_no_nms OrderedDict([   ('MR-full-R1@0.5', 45.94),
                ('MR-full-R1@0.7', 21.48),
                ('MR-full-mAP', 23.83),
                ('MR-full-mAP@0.5', 49.39),
                ('MR-full-mAP@0.75', 20.51),
                ('MR-long-mAP', 30.02),
                ('MR-middle-mAP', 25.65),
                ('MR-short-mAP', 1.78),
                ('HL-min-Fair-mAP', 65.34),
                ('HL-min-Fair-Hit1', 61.16),
                ('HL-min-Good-mAP', 55.27),
                ('HL-min-Good-Hit1', 58.77),
                ('HL-min-VeryGood-mAP', 33.55),
                ('HL-min-VeryGood-Hit1', 48.13)])
2026-08-30 13:32:55,559 INFO [Best] epoch 4, MR-full-mAP 23.8300
2026-08-30 13:32:55,874 INFO [Epoch 5]
2026-08-30 13:33:59,329 INFO Epoch[5] class_error 96.8956  class_error_0 98.1027  class_error_1 95.4542  class_error_2 96.6263  loss_giou 0.5377  loss_giou_0 0.5482  loss_giou_1 0.5345  loss_giou_2 0.5350  loss_iou_scores 0.0781  loss_iou_scores_0 0.0837  loss_iou_scores_1 0.0809  loss_iou_scores_2 0.0828  loss_label 0.1835  loss_label_0 0.1906  loss_label_1 0.1853  loss_label_2 0.1851  loss_lcb_d1_bind 0.5364  loss_lcb_drop 0.0004  loss_lcb_late_bind 0.1029  loss_lcb_owner_cons 0.0025  loss_mask_iou 0.0000  loss_mask_iou_0 3.2559  loss_mask_iou_1 3.2267  loss_mask_iou_2 3.2380  loss_overall 20.6318  loss_saliency 3.5866  loss_span 0.6022  loss_span_0 0.6545  loss_span_1 0.6080  loss_span_2 0.6038
2026-08-30 13:33:59,332 INFO Generate submissions
2026-08-30 13:34:04,169 INFO Saving/Evaluating before nms results
2026-08-30 13:34:07,888 INFO metrics_no_nms OrderedDict([   ('MR-full-R1@0.5', 53.16),
                ('MR-full-R1@0.7', 26.58),
                ('MR-full-mAP', 26.15),
                ('MR-full-mAP@0.5', 53.22),
                ('MR-full-mAP@0.75', 22.54),
                ('MR-long-mAP', 28.29),
                ('MR-middle-mAP', 30.61),
                ('MR-short-mAP', 3.43),
                ('HL-min-Fair-mAP', 68.73),
                ('HL-min-Fair-Hit1', 67.35),
                ('HL-min-Good-mAP', 58.48),
                ('HL-min-Good-Hit1', 65.1),
                ('HL-min-VeryGood-mAP', 35.63),
                ('HL-min-VeryGood-Hit1', 53.68)])
2026-08-30 13:34:08,193 INFO [Best] epoch 5, MR-full-mAP 26.1500
2026-08-30 13:34:08,671 INFO [Epoch 6]
2026-08-30 13:35:13,351 INFO Epoch[6] class_error 95.3561  class_error_0 97.4149  class_error_1 92.9755  class_error_2 93.8989  loss_giou 0.5111  loss_giou_0 0.5400  loss_giou_1 0.5179  loss_giou_2 0.5162  loss_iou_scores 0.0779  loss_iou_scores_0 0.0806  loss_iou_scores_1 0.0777  loss_iou_scores_2 0.0796  loss_label 0.1780  loss_label_0 0.1877  loss_label_1 0.1813  loss_label_2 0.1800  loss_lcb_d1_bind 0.5075  loss_lcb_drop 0.0004  loss_lcb_late_bind 0.0990  loss_lcb_owner_cons 0.0026  loss_mask_iou 0.0000  loss_mask_iou_0 3.0956  loss_mask_iou_1 3.0595  loss_mask_iou_2 3.0708  loss_overall 19.7425  loss_saliency 3.5300  loss_span 0.5583  loss_span_0 0.6031  loss_span_1 0.5602  loss_span_2 0.5583
2026-08-30 13:35:13,353 INFO Generate submissions
2026-08-30 13:35:17,964 INFO Saving/Evaluating before nms results
2026-08-30 13:35:21,464 INFO metrics_no_nms OrderedDict([   ('MR-full-R1@0.5', 56.9),
                ('MR-full-R1@0.7', 33.87),
                ('MR-full-mAP', 32.13),
                ('MR-full-mAP@0.5', 57.6),
                ('MR-full-mAP@0.75', 30.86),
                ('MR-long-mAP', 38.77),
                ('MR-middle-mAP', 35.13),
                ('MR-short-mAP', 2.49),
                ('HL-min-Fair-mAP', 70.95),
                ('HL-min-Fair-Hit1', 71.81),
                ('HL-min-Good-mAP', 60.54),
                ('HL-min-Good-Hit1', 69.42),
                ('HL-min-VeryGood-mAP', 37.11),
                ('HL-min-VeryGood-Hit1', 59.42)])
2026-08-30 13:35:21,860 INFO [Best] epoch 6, MR-full-mAP 32.1300
2026-08-30 13:35:22,331 INFO [Epoch 7]
2026-08-30 13:36:27,597 INFO Epoch[7] class_error 95.1226  class_error_0 96.4404  class_error_1 93.1421  class_error_2 94.6891  loss_giou 0.4954  loss_giou_0 0.5275  loss_giou_1 0.5040  loss_giou_2 0.4996  loss_iou_scores 0.0772  loss_iou_scores_0 0.0792  loss_iou_scores_1 0.0776  loss_iou_scores_2 0.0793  loss_label 0.1771  loss_label_0 0.1850  loss_label_1 0.1778  loss_label_2 0.1789  loss_lcb_d1_bind 0.4829  loss_lcb_drop 0.0005  loss_lcb_late_bind 0.0964  loss_lcb_owner_cons 0.0025  loss_mask_iou 0.0000  loss_mask_iou_0 2.9595  loss_mask_iou_1 2.9237  loss_mask_iou_2 2.9217  loss_overall 19.0208  loss_saliency 3.4800  loss_span 0.5219  loss_span_0 0.5680  loss_span_1 0.5301  loss_span_2 0.5234
2026-08-30 13:36:27,601 INFO Generate submissions
2026-08-30 13:36:32,288 INFO Saving/Evaluating before nms results
2026-08-30 13:36:36,023 INFO metrics_no_nms OrderedDict([   ('MR-full-R1@0.5', 62.13),
                ('MR-full-R1@0.7', 41.87),
                ('MR-full-mAP', 37.66),
                ('MR-full-mAP@0.5', 60.7),
                ('MR-full-mAP@0.75', 38.05),
                ('MR-long-mAP', 44.97),
                ('MR-middle-mAP', 41.26),
                ('MR-short-mAP', 2.84),
                ('HL-min-Fair-mAP', 71.95),
                ('HL-min-Fair-Hit1', 70.77),
                ('HL-min-Good-mAP', 60.92),
                ('HL-min-Good-Hit1', 68.19),
                ('HL-min-VeryGood-mAP', 37.13),
                ('HL-min-VeryGood-Hit1', 56.97)])
2026-08-30 13:36:36,774 INFO [Best] epoch 7, MR-full-mAP 37.6600
2026-08-30 13:36:37,326 INFO [Epoch 8]
2026-08-30 13:37:42,432 INFO Epoch[8] class_error 93.5166  class_error_0 97.0485  class_error_1 92.7550  class_error_2 94.6945  loss_giou 0.4841  loss_giou_0 0.5212  loss_giou_1 0.4928  loss_giou_2 0.4876  loss_iou_scores 0.0760  loss_iou_scores_0 0.0781  loss_iou_scores_1 0.0763  loss_iou_scores_2 0.0770  loss_label 0.1755  loss_label_0 0.1839  loss_label_1 0.1760  loss_label_2 0.1773  loss_lcb_d1_bind 0.4742  loss_lcb_drop 0.0005  loss_lcb_late_bind 0.0972  loss_lcb_owner_cons 0.0025  loss_mask_iou 0.0000  loss_mask_iou_0 2.8359  loss_mask_iou_1 2.8081  loss_mask_iou_2 2.8018  loss_overall 18.4152  loss_saliency 3.4179  loss_span 0.4937  loss_span_0 0.5408  loss_span_1 0.5007  loss_span_2 0.4945
2026-08-30 13:37:42,435 INFO Generate submissions
2026-08-30 13:37:47,101 INFO Saving/Evaluating before nms results
2026-08-30 13:37:50,695 INFO metrics_no_nms OrderedDict([   ('MR-full-R1@0.5', 61.35),
                ('MR-full-R1@0.7', 39.48),
                ('MR-full-mAP', 35.55),
                ('MR-full-mAP@0.5', 61.02),
                ('MR-full-mAP@0.75', 35.32),
                ('MR-long-mAP', 42.45),
                ('MR-middle-mAP', 38.49),
                ('MR-short-mAP', 3.34),
                ('HL-min-Fair-mAP', 72.04),
                ('HL-min-Fair-Hit1', 72.19),
                ('HL-min-Good-mAP', 61.34),
                ('HL-min-Good-Hit1', 69.48),
                ('HL-min-VeryGood-mAP', 37.27),
                ('HL-min-VeryGood-Hit1', 57.61)])
2026-08-30 13:37:50,983 INFO [Epoch 9]
2026-08-30 13:38:55,963 INFO Epoch[9] class_error 92.9552  class_error_0 96.6727  class_error_1 91.4504  class_error_2 94.6717  loss_giou 0.4713  loss_giou_0 0.5129  loss_giou_1 0.4823  loss_giou_2 0.4767  loss_iou_scores 0.0763  loss_iou_scores_0 0.0775  loss_iou_scores_1 0.0759  loss_iou_scores_2 0.0764  loss_label 0.1745  loss_label_0 0.1832  loss_label_1 0.1760  loss_label_2 0.1769  loss_lcb_d1_bind 0.4583  loss_lcb_drop 0.0005  loss_lcb_late_bind 0.0930  loss_lcb_owner_cons 0.0024  loss_mask_iou 0.0000  loss_mask_iou_0 2.7334  loss_mask_iou_1 2.7018  loss_mask_iou_2 2.6944  loss_overall 17.9169  loss_saliency 3.3823  loss_span 0.4740  loss_span_0 0.5262  loss_span_1 0.4838  loss_span_2 0.4742
2026-08-30 13:38:55,968 INFO Generate submissions
2026-08-30 13:39:00,529 INFO Saving/Evaluating before nms results
2026-08-30 13:39:04,101 INFO metrics_no_nms OrderedDict([   ('MR-full-R1@0.5', 61.23),
                ('MR-full-R1@0.7', 39.81),
                ('MR-full-mAP', 37.88),
                ('MR-full-mAP@0.5', 60.79),
                ('MR-full-mAP@0.75', 38.45),
                ('MR-long-mAP', 45.57),
                ('MR-middle-mAP', 40.33),
                ('MR-short-mAP', 4.03),
                ('HL-min-Fair-mAP', 73.84),
                ('HL-min-Fair-Hit1', 76.13),
                ('HL-min-Good-mAP', 63.28),
                ('HL-min-Good-Hit1', 73.87),
                ('HL-min-VeryGood-mAP', 38.92),
                ('HL-min-VeryGood-Hit1', 62.52)])
2026-08-30 13:39:04,440 INFO [Best] epoch 9, MR-full-mAP 37.8800
2026-08-30 13:39:04,928 INFO [Epoch 10]
2026-08-30 13:40:09,360 INFO Epoch[10] class_error 91.5706  class_error_0 96.2738  class_error_1 91.6003  class_error_2 94.6543  loss_giou 0.4567  loss_giou_0 0.5030  loss_giou_1 0.4697  loss_giou_2 0.4596  loss_iou_scores 0.0769  loss_iou_scores_0 0.0759  loss_iou_scores_1 0.0740  loss_iou_scores_2 0.0766  loss_label 0.1735  loss_label_0 0.1818  loss_label_1 0.1745  loss_label_2 0.1761  loss_lcb_d1_bind 0.4443  loss_lcb_drop 0.0005  loss_lcb_late_bind 0.0905  loss_lcb_owner_cons 0.0024  loss_mask_iou 0.0000  loss_mask_iou_0 2.6531  loss_mask_iou_1 2.6146  loss_mask_iou_2 2.6079  loss_overall 17.4560  loss_saliency 3.3525  loss_span 0.4484  loss_span_0 0.5036  loss_span_1 0.4616  loss_span_2 0.4507
2026-08-30 13:40:09,363 INFO Generate submissions
2026-08-30 13:40:14,276 INFO Saving/Evaluating before nms results
2026-08-30 13:40:17,924 INFO metrics_no_nms OrderedDict([   ('MR-full-R1@0.5', 63.1),
                ('MR-full-R1@0.7', 43.42),
                ('MR-full-mAP', 39.37),
                ('MR-full-mAP@0.5', 61.9),
                ('MR-full-mAP@0.75', 40.98),
                ('MR-long-mAP', 48.04),
                ('MR-middle-mAP', 41.64),
                ('MR-short-mAP', 4.81),
                ('HL-min-Fair-mAP', 74.07),
                ('HL-min-Fair-Hit1', 73.42),
                ('HL-min-Good-mAP', 63.16),
                ('HL-min-Good-Hit1', 70.84),
                ('HL-min-VeryGood-mAP', 38.47),
                ('HL-min-VeryGood-Hit1', 58.84)])
2026-08-30 13:40:18,211 INFO [Best] epoch 10, MR-full-mAP 39.3700
2026-08-30 13:40:18,439 INFO [Epoch 11]
2026-08-30 13:41:23,077 INFO Epoch[11] class_error 89.9390  class_error_0 95.9601  class_error_1 91.4179  class_error_2 92.9764  loss_giou 0.4543  loss_giou_0 0.4972  loss_giou_1 0.4667  loss_giou_2 0.4561  loss_iou_scores 0.0756  loss_iou_scores_0 0.0763  loss_iou_scores_1 0.0748  loss_iou_scores_2 0.0764  loss_label 0.1723  loss_label_0 0.1807  loss_label_1 0.1736  loss_label_2 0.1745  loss_lcb_d1_bind 0.4342  loss_lcb_drop 0.0005  loss_lcb_late_bind 0.0901  loss_lcb_owner_cons 0.0024  loss_mask_iou 0.0000  loss_mask_iou_0 2.5987  loss_mask_iou_1 2.5675  loss_mask_iou_2 2.5613  loss_overall 17.1952  loss_saliency 3.3266  loss_span 0.4374  loss_span_0 0.4914  loss_span_1 0.4500  loss_span_2 0.4400
2026-08-30 13:41:23,080 INFO Generate submissions
2026-08-30 13:41:27,731 INFO Saving/Evaluating before nms results
2026-08-30 13:41:31,440 INFO metrics_no_nms OrderedDict([   ('MR-full-R1@0.5', 64.26),
                ('MR-full-R1@0.7', 45.55),
                ('MR-full-mAP', 40.67),
                ('MR-full-mAP@0.5', 62.44),
                ('MR-full-mAP@0.75', 42.23),
                ('MR-long-mAP', 49.5),
                ('MR-middle-mAP', 43.66),
                ('MR-short-mAP', 4.4),
                ('HL-min-Fair-mAP', 74.37),
                ('HL-min-Fair-Hit1', 74.84),
                ('HL-min-Good-mAP', 63.63),
                ('HL-min-Good-Hit1', 72.19),
                ('HL-min-VeryGood-mAP', 39.1),
                ('HL-min-VeryGood-Hit1', 61.74)])
2026-08-30 13:41:31,666 INFO [Best] epoch 11, MR-full-mAP 40.6700
2026-08-30 13:41:31,882 INFO [Epoch 12]
2026-08-30 13:42:36,188 INFO Epoch[12] class_error 88.7677  class_error_0 97.0263  class_error_1 92.6614  class_error_2 92.3006  loss_giou 0.4414  loss_giou_0 0.4892  loss_giou_1 0.4518  loss_giou_2 0.4457  loss_iou_scores 0.0749  loss_iou_scores_0 0.0767  loss_iou_scores_1 0.0756  loss_iou_scores_2 0.0759  loss_label 0.1723  loss_label_0 0.1809  loss_label_1 0.1746  loss_label_2 0.1745  loss_lcb_d1_bind 0.4302  loss_lcb_drop 0.0005  loss_lcb_late_bind 0.0880  loss_lcb_owner_cons 0.0024  loss_mask_iou 0.0000  loss_mask_iou_0 2.5246  loss_mask_iou_1 2.4866  loss_mask_iou_2 2.4745  loss_overall 16.7937  loss_saliency 3.2955  loss_span 0.4188  loss_span_0 0.4754  loss_span_1 0.4277  loss_span_2 0.4218
2026-08-30 13:42:36,191 INFO Generate submissions
2026-08-30 13:42:40,898 INFO Saving/Evaluating before nms results
2026-08-30 13:42:44,482 INFO metrics_no_nms OrderedDict([   ('MR-full-R1@0.5', 61.29),
                ('MR-full-R1@0.7', 44.13),
                ('MR-full-mAP', 39.99),
                ('MR-full-mAP@0.5', 62.28),
                ('MR-full-mAP@0.75', 41.14),
                ('MR-long-mAP', 48.53),
                ('MR-middle-mAP', 42.01),
                ('MR-short-mAP', 5.03),
                ('HL-min-Fair-mAP', 73.7),
                ('HL-min-Fair-Hit1', 72.39),
                ('HL-min-Good-mAP', 63.03),
                ('HL-min-Good-Hit1', 70.06),
                ('HL-min-VeryGood-mAP', 38.61),
                ('HL-min-VeryGood-Hit1', 59.1)])
2026-08-30 13:42:44,757 INFO [Epoch 13]
2026-08-30 13:43:49,754 INFO Epoch[13] class_error 86.1856  class_error_0 95.5594  class_error_1 90.5647  class_error_2 89.9606  loss_giou 0.4337  loss_giou_0 0.4822  loss_giou_1 0.4477  loss_giou_2 0.4383  loss_iou_scores 0.0749  loss_iou_scores_0 0.0760  loss_iou_scores_1 0.0743  loss_iou_scores_2 0.0747  loss_label 0.1705  loss_label_0 0.1792  loss_label_1 0.1722  loss_label_2 0.1720  loss_lcb_d1_bind 0.4193  loss_lcb_drop 0.0005  loss_lcb_late_bind 0.0857  loss_lcb_owner_cons 0.0023  loss_mask_iou 0.0000  loss_mask_iou_0 2.4691  loss_mask_iou_1 2.4391  loss_mask_iou_2 2.4284  loss_overall 16.5388  loss_saliency 3.2950  loss_span 0.4067  loss_span_0 0.4620  loss_span_1 0.4171  loss_span_2 0.4096
2026-08-30 13:43:49,759 INFO Generate submissions
2026-08-30 13:43:54,583 INFO Saving/Evaluating before nms results
2026-08-30 13:43:58,662 INFO metrics_no_nms OrderedDict([   ('MR-full-R1@0.5', 63.29),
                ('MR-full-R1@0.7', 46.13),
                ('MR-full-mAP', 41.91),
                ('MR-full-mAP@0.5', 62.67),
                ('MR-full-mAP@0.75', 43.13),
                ('MR-long-mAP', 49.36),
                ('MR-middle-mAP', 44.6),
                ('MR-short-mAP', 5.45),
                ('HL-min-Fair-mAP', 74.25),
                ('HL-min-Fair-Hit1', 73.55),
                ('HL-min-Good-mAP', 63.51),
                ('HL-min-Good-Hit1', 71.42),
                ('HL-min-VeryGood-mAP', 38.78),
                ('HL-min-VeryGood-Hit1', 59.68)])
2026-08-30 13:43:58,955 INFO [Best] epoch 13, MR-full-mAP 41.9100
2026-08-30 13:43:59,200 INFO [Epoch 14]
2026-08-30 13:45:04,555 INFO Epoch[14] class_error 83.8442  class_error_0 94.9150  class_error_1 89.9331  class_error_2 88.4213  loss_giou 0.4270  loss_giou_0 0.4801  loss_giou_1 0.4433  loss_giou_2 0.4335  loss_iou_scores 0.0753  loss_iou_scores_0 0.0754  loss_iou_scores_1 0.0742  loss_iou_scores_2 0.0750  loss_label 0.1684  loss_label_0 0.1778  loss_label_1 0.1714  loss_label_2 0.1704  loss_lcb_d1_bind 0.4178  loss_lcb_drop 0.0005  loss_lcb_late_bind 0.0857  loss_lcb_owner_cons 0.0024  loss_mask_iou 0.0000  loss_mask_iou_0 2.4299  loss_mask_iou_1 2.3984  loss_mask_iou_2 2.3915  loss_overall 16.3304  loss_saliency 3.2673  loss_span 0.3991  loss_span_0 0.4521  loss_span_1 0.4084  loss_span_2 0.4008
2026-08-30 13:45:04,558 INFO Generate submissions
2026-08-30 13:45:09,603 INFO Saving/Evaluating before nms results
2026-08-30 13:45:12,958 INFO metrics_no_nms OrderedDict([   ('MR-full-R1@0.5', 62.39),
                ('MR-full-R1@0.7', 46.26),
                ('MR-full-mAP', 41.61),
                ('MR-full-mAP@0.5', 62.39),
                ('MR-full-mAP@0.75', 43.87),
                ('MR-long-mAP', 52.84),
                ('MR-middle-mAP', 42.38),
                ('MR-short-mAP', 5.14),
                ('HL-min-Fair-mAP', 74.93),
                ('HL-min-Fair-Hit1', 75.61),
                ('HL-min-Good-mAP', 64.01),
                ('HL-min-Good-Hit1', 73.94),
                ('HL-min-VeryGood-mAP', 38.97),
                ('HL-min-VeryGood-Hit1', 62.13)])
2026-08-30 13:45:13,250 INFO [Epoch 15]
2026-08-30 13:46:21,952 INFO Epoch[15] class_error 82.0527  class_error_0 94.9107  class_error_1 87.6421  class_error_2 85.7360  loss_giou 0.4234  loss_giou_0 0.4743  loss_giou_1 0.4399  loss_giou_2 0.4303  loss_iou_scores 0.0752  loss_iou_scores_0 0.0761  loss_iou_scores_1 0.0743  loss_iou_scores_2 0.0751  loss_label 0.1661  loss_label_0 0.1769  loss_label_1 0.1696  loss_label_2 0.1683  loss_lcb_d1_bind 0.4051  loss_lcb_drop 0.0006  loss_lcb_late_bind 0.0851  loss_lcb_owner_cons 0.0024  loss_mask_iou 0.0000  loss_mask_iou_0 2.3978  loss_mask_iou_1 2.3659  loss_mask_iou_2 2.3593  loss_overall 16.1421  loss_saliency 3.2415  loss_span 0.3907  loss_span_0 0.4440  loss_span_1 0.4031  loss_span_2 0.3945
2026-08-30 13:46:21,958 INFO Generate submissions
2026-08-30 13:46:27,489 INFO Saving/Evaluating before nms results
2026-08-30 13:46:31,461 INFO metrics_no_nms OrderedDict([   ('MR-full-R1@0.5', 63.03),
                ('MR-full-R1@0.7', 45.68),
                ('MR-full-mAP', 41.59),
                ('MR-full-mAP@0.5', 62.76),
                ('MR-full-mAP@0.75', 43.53),
                ('MR-long-mAP', 51.41),
                ('MR-middle-mAP', 43.12),
                ('MR-short-mAP', 4.82),
                ('HL-min-Fair-mAP', 74.44),
                ('HL-min-Fair-Hit1', 73.94),
                ('HL-min-Good-mAP', 63.38),
                ('HL-min-Good-Hit1', 71.35),
                ('HL-min-VeryGood-mAP', 38.39),
                ('HL-min-VeryGood-Hit1', 58.71)])
2026-08-30 13:46:31,775 INFO [Epoch 16]
2026-08-30 13:47:39,387 INFO Epoch[16] class_error 82.1660  class_error_0 93.3117  class_error_1 87.2662  class_error_2 85.6374  loss_giou 0.4171  loss_giou_0 0.4743  loss_giou_1 0.4357  loss_giou_2 0.4245  loss_iou_scores 0.0744  loss_iou_scores_0 0.0748  loss_iou_scores_1 0.0739  loss_iou_scores_2 0.0736  loss_label 0.1683  loss_label_0 0.1767  loss_label_1 0.1714  loss_label_2 0.1707  loss_lcb_d1_bind 0.4045  loss_lcb_drop 0.0006  loss_lcb_late_bind 0.0835  loss_lcb_owner_cons 0.0025  loss_mask_iou 0.0000  loss_mask_iou_0 2.3753  loss_mask_iou_1 2.3372  loss_mask_iou_2 2.3302  loss_overall 15.9877  loss_saliency 3.2318  loss_span 0.3792  loss_span_0 0.4350  loss_span_1 0.3940  loss_span_2 0.3815
2026-08-30 13:47:39,390 INFO Generate submissions
2026-08-30 13:47:44,266 INFO Saving/Evaluating before nms results
2026-08-30 13:47:47,903 INFO metrics_no_nms OrderedDict([   ('MR-full-R1@0.5', 62.19),
                ('MR-full-R1@0.7', 45.29),
                ('MR-full-mAP', 41.56),
                ('MR-full-mAP@0.5', 62.17),
                ('MR-full-mAP@0.75', 42.93),
                ('MR-long-mAP', 50.76),
                ('MR-middle-mAP', 43.22),
                ('MR-short-mAP', 5.46),
                ('HL-min-Fair-mAP', 75.69),
                ('HL-min-Fair-Hit1', 76.58),
                ('HL-min-Good-mAP', 64.91),
                ('HL-min-Good-Hit1', 74.71),
                ('HL-min-VeryGood-mAP', 39.83),
                ('HL-min-VeryGood-Hit1', 63.35)])
2026-08-30 13:47:48,180 INFO [Epoch 17]
2026-08-30 13:48:52,460 INFO Epoch[17] class_error 79.0277  class_error_0 93.8102  class_error_1 84.5511  class_error_2 83.1300  loss_giou 0.4119  loss_giou_0 0.4667  loss_giou_1 0.4266  loss_giou_2 0.4166  loss_iou_scores 0.0751  loss_iou_scores_0 0.0736  loss_iou_scores_1 0.0736  loss_iou_scores_2 0.0743  loss_label 0.1659  loss_label_0 0.1744  loss_label_1 0.1681  loss_label_2 0.1671  loss_lcb_d1_bind 0.3918  loss_lcb_drop 0.0007  loss_lcb_late_bind 0.0831  loss_lcb_owner_cons 0.0025  loss_mask_iou 0.0000  loss_mask_iou_0 2.3151  loss_mask_iou_1 2.2855  loss_mask_iou_2 2.2769  loss_overall 15.7094  loss_saliency 3.2197  loss_span 0.3702  loss_span_0 0.4219  loss_span_1 0.3804  loss_span_2 0.3717
2026-08-30 13:48:52,462 INFO Generate submissions
2026-08-30 13:48:57,325 INFO Saving/Evaluating before nms results
2026-08-30 13:49:00,797 INFO metrics_no_nms OrderedDict([   ('MR-full-R1@0.5', 63.23),
                ('MR-full-R1@0.7', 47.1),
                ('MR-full-mAP', 42.43),
                ('MR-full-mAP@0.5', 62.46),
                ('MR-full-mAP@0.75', 44.2),
                ('MR-long-mAP', 51.63),
                ('MR-middle-mAP', 44.73),
                ('MR-short-mAP', 5.85),
                ('HL-min-Fair-mAP', 75.22),
                ('HL-min-Fair-Hit1', 76.0),
                ('HL-min-Good-mAP', 64.5),
                ('HL-min-Good-Hit1', 73.68),
                ('HL-min-VeryGood-mAP', 39.69),
                ('HL-min-VeryGood-Hit1', 62.19)])
2026-08-30 13:49:01,032 INFO [Best] epoch 17, MR-full-mAP 42.4300
2026-08-30 13:49:01,647 INFO [Epoch 18]
2026-08-30 13:50:07,582 INFO Epoch[18] class_error 79.1533  class_error_0 93.1561  class_error_1 84.8674  class_error_2 83.3336  loss_giou 0.4046  loss_giou_0 0.4639  loss_giou_1 0.4225  loss_giou_2 0.4106  loss_iou_scores 0.0759  loss_iou_scores_0 0.0726  loss_iou_scores_1 0.0733  loss_iou_scores_2 0.0754  loss_label 0.1656  loss_label_0 0.1742  loss_label_1 0.1688  loss_label_2 0.1679  loss_lcb_d1_bind 0.3938  loss_lcb_drop 0.0006  loss_lcb_late_bind 0.0827  loss_lcb_owner_cons 0.0025  loss_mask_iou 0.0000  loss_mask_iou_0 2.2822  loss_mask_iou_1 2.2541  loss_mask_iou_2 2.2396  loss_overall 15.5407  loss_saliency 3.2042  loss_span 0.3620  loss_span_0 0.4174  loss_span_1 0.3736  loss_span_2 0.3642
2026-08-30 13:50:07,586 INFO Generate submissions
2026-08-30 13:50:12,163 INFO Saving/Evaluating before nms results
2026-08-30 13:50:15,783 INFO metrics_no_nms OrderedDict([   ('MR-full-R1@0.5', 64.58),
                ('MR-full-R1@0.7', 47.16),
                ('MR-full-mAP', 42.44),
                ('MR-full-mAP@0.5', 63.27),
                ('MR-full-mAP@0.75', 44.73),
                ('MR-long-mAP', 51.06),
                ('MR-middle-mAP', 45.2),
                ('MR-short-mAP', 5.29),
                ('HL-min-Fair-mAP', 75.96),
                ('HL-min-Fair-Hit1', 77.74),
                ('HL-min-Good-mAP', 64.72),
                ('HL-min-Good-Hit1', 75.03),
                ('HL-min-VeryGood-mAP', 39.41),
                ('HL-min-VeryGood-Hit1', 63.16)])
2026-08-30 13:50:16,045 INFO [Best] epoch 18, MR-full-mAP 42.4400
2026-08-30 13:50:16,278 INFO [Epoch 19]
2026-08-30 13:51:22,179 INFO Epoch[19] class_error 71.8517  class_error_0 91.0399  class_error_1 80.8757  class_error_2 76.8603  loss_giou 0.4043  loss_giou_0 0.4642  loss_giou_1 0.4242  loss_giou_2 0.4081  loss_iou_scores 0.0717  loss_iou_scores_0 0.0713  loss_iou_scores_1 0.0695  loss_iou_scores_2 0.0715  loss_label 0.1586  loss_label_0 0.1716  loss_label_1 0.1638  loss_label_2 0.1618  loss_lcb_d1_bind 0.3841  loss_lcb_drop 0.0007  loss_lcb_late_bind 0.0806  loss_lcb_owner_cons 0.0026  loss_mask_iou 0.0000  loss_mask_iou_0 2.2683  loss_mask_iou_1 2.2466  loss_mask_iou_2 2.2328  loss_overall 15.4252  loss_saliency 3.1836  loss_span 0.3587  loss_span_0 0.4151  loss_span_1 0.3684  loss_span_2 0.3603
2026-08-30 13:51:22,181 INFO Generate submissions
2026-08-30 13:51:27,571 INFO Saving/Evaluating before nms results
2026-08-30 13:51:31,412 INFO metrics_no_nms OrderedDict([   ('MR-full-R1@0.5', 65.1),
                ('MR-full-R1@0.7', 47.74),
                ('MR-full-mAP', 42.79),
                ('MR-full-mAP@0.5', 63.91),
                ('MR-full-mAP@0.75', 44.49),
                ('MR-long-mAP', 52.83),
                ('MR-middle-mAP', 44.73),
                ('MR-short-mAP', 5.53),
                ('HL-min-Fair-mAP', 75.63),
                ('HL-min-Fair-Hit1', 76.71),
                ('HL-min-Good-mAP', 64.6),
                ('HL-min-Good-Hit1', 73.87),
                ('HL-min-VeryGood-mAP', 39.32),
                ('HL-min-VeryGood-Hit1', 61.81)])
2026-08-30 13:51:31,674 INFO [Best] epoch 19, MR-full-mAP 42.7900
2026-08-30 13:51:31,913 INFO [Epoch 20]
2026-08-30 13:52:38,930 INFO Epoch[20] class_error 72.5638  class_error_0 92.0286  class_error_1 80.9077  class_error_2 76.6770  loss_giou 0.4040  loss_giou_0 0.4609  loss_giou_1 0.4218  loss_giou_2 0.4078  loss_iou_scores 0.0724  loss_iou_scores_0 0.0723  loss_iou_scores_1 0.0715  loss_iou_scores_2 0.0720  loss_label 0.1588  loss_label_0 0.1728  loss_label_1 0.1646  loss_label_2 0.1620  loss_lcb_d1_bind 0.3908  loss_lcb_drop 0.0007  loss_lcb_late_bind 0.0831  loss_lcb_owner_cons 0.0026  loss_mask_iou 0.0000  loss_mask_iou_0 2.2458  loss_mask_iou_1 2.2146  loss_mask_iou_2 2.2052  loss_overall 15.3471  loss_saliency 3.1774  loss_span 0.3604  loss_span_0 0.4097  loss_span_1 0.3699  loss_span_2 0.3621
2026-08-30 13:52:38,933 INFO Generate submissions
2026-08-30 13:52:44,522 INFO Saving/Evaluating before nms results
2026-08-30 13:52:48,858 INFO metrics_no_nms OrderedDict([   ('MR-full-R1@0.5', 64.26),
                ('MR-full-R1@0.7', 47.74),
                ('MR-full-mAP', 41.34),
                ('MR-full-mAP@0.5', 62.54),
                ('MR-full-mAP@0.75', 43.36),
                ('MR-long-mAP', 50.29),
                ('MR-middle-mAP', 43.51),
                ('MR-short-mAP', 6.13),
                ('HL-min-Fair-mAP', 75.99),
                ('HL-min-Fair-Hit1', 77.61),
                ('HL-min-Good-mAP', 65.09),
                ('HL-min-Good-Hit1', 75.61),
                ('HL-min-VeryGood-mAP', 39.8),
                ('HL-min-VeryGood-Hit1', 62.58)])
2026-08-30 13:52:49,177 INFO [Epoch 21]
2026-08-30 13:53:57,489 INFO Epoch[21] class_error 70.6626  class_error_0 90.4170  class_error_1 80.9164  class_error_2 74.8333  loss_giou 0.3982  loss_giou_0 0.4552  loss_giou_1 0.4145  loss_giou_2 0.4037  loss_iou_scores 0.0716  loss_iou_scores_0 0.0709  loss_iou_scores_1 0.0702  loss_iou_scores_2 0.0704  loss_label 0.1575  loss_label_0 0.1702  loss_label_1 0.1642  loss_label_2 0.1608  loss_lcb_d1_bind 0.3780  loss_lcb_drop 0.0007  loss_lcb_late_bind 0.0798  loss_lcb_owner_cons 0.0025  loss_mask_iou 0.0000  loss_mask_iou_0 2.2211  loss_mask_iou_1 2.1864  loss_mask_iou_2 2.1785  loss_overall 15.1737  loss_saliency 3.1775  loss_span 0.3504  loss_span_0 0.4009  loss_span_1 0.3579  loss_span_2 0.3522
2026-08-30 13:53:57,493 INFO Generate submissions
2026-08-30 13:54:02,709 INFO Saving/Evaluating before nms results
2026-08-30 13:54:06,352 INFO metrics_no_nms OrderedDict([   ('MR-full-R1@0.5', 63.68),
                ('MR-full-R1@0.7', 46.65),
                ('MR-full-mAP', 43.02),
                ('MR-full-mAP@0.5', 64.04),
                ('MR-full-mAP@0.75', 44.46),
                ('MR-long-mAP', 50.72),
                ('MR-middle-mAP', 46.2),
                ('MR-short-mAP', 6.44),
                ('HL-min-Fair-mAP', 75.93),
                ('HL-min-Fair-Hit1', 77.94),
                ('HL-min-Good-mAP', 64.74),
                ('HL-min-Good-Hit1', 75.68),
                ('HL-min-VeryGood-mAP', 39.65),
                ('HL-min-VeryGood-Hit1', 62.9)])
2026-08-30 13:54:06,615 INFO [Best] epoch 21, MR-full-mAP 43.0200
2026-08-30 13:54:07,415 INFO [Epoch 22]
2026-08-30 13:55:13,398 INFO Epoch[22] class_error 69.6431  class_error_0 89.2481  class_error_1 77.5969  class_error_2 73.2837  loss_giou 0.3931  loss_giou_0 0.4572  loss_giou_1 0.4145  loss_giou_2 0.3982  loss_iou_scores 0.0727  loss_iou_scores_0 0.0700  loss_iou_scores_1 0.0705  loss_iou_scores_2 0.0719  loss_label 0.1559  loss_label_0 0.1699  loss_label_1 0.1629  loss_label_2 0.1601  loss_lcb_d1_bind 0.3777  loss_lcb_drop 0.0007  loss_lcb_late_bind 0.0810  loss_lcb_owner_cons 0.0024  loss_mask_iou 0.0000  loss_mask_iou_0 2.1903  loss_mask_iou_1 2.1595  loss_mask_iou_2 2.1496  loss_overall 15.0433  loss_saliency 3.1592  loss_span 0.3468  loss_span_0 0.3988  loss_span_1 0.3574  loss_span_2 0.3470
2026-08-30 13:55:13,403 INFO Generate submissions
2026-08-30 13:55:18,300 INFO Saving/Evaluating before nms results
2026-08-30 13:55:22,482 INFO metrics_no_nms OrderedDict([   ('MR-full-R1@0.5', 65.94),
                ('MR-full-R1@0.7', 48.52),
                ('MR-full-mAP', 43.3),
                ('MR-full-mAP@0.5', 65.19),
                ('MR-full-mAP@0.75', 45.69),
                ('MR-long-mAP', 50.79),
                ('MR-middle-mAP', 46.82),
                ('MR-short-mAP', 6.21),
                ('HL-min-Fair-mAP', 76.07),
                ('HL-min-Fair-Hit1', 77.16),
                ('HL-min-Good-mAP', 65.33),
                ('HL-min-Good-Hit1', 74.84),
                ('HL-min-VeryGood-mAP', 39.95),
                ('HL-min-VeryGood-Hit1', 62.84)])
2026-08-30 13:55:22,788 INFO [Best] epoch 22, MR-full-mAP 43.3000
2026-08-30 13:55:23,053 INFO [Epoch 23]
2026-08-30 13:56:29,054 INFO Epoch[23] class_error 66.6770  class_error_0 89.9415  class_error_1 76.1053  class_error_2 71.2583  loss_giou 0.3913  loss_giou_0 0.4505  loss_giou_1 0.4094  loss_giou_2 0.3958  loss_iou_scores 0.0705  loss_iou_scores_0 0.0689  loss_iou_scores_1 0.0678  loss_iou_scores_2 0.0699  loss_label 0.1526  loss_label_0 0.1686  loss_label_1 0.1600  loss_label_2 0.1564  loss_lcb_d1_bind 0.3682  loss_lcb_drop 0.0007  loss_lcb_late_bind 0.0777  loss_lcb_owner_cons 0.0025  loss_mask_iou 0.0000  loss_mask_iou_0 2.1831  loss_mask_iou_1 2.1522  loss_mask_iou_2 2.1477  loss_overall 14.9175  loss_saliency 3.1402  loss_span 0.3383  loss_span_0 0.3869  loss_span_1 0.3471  loss_span_2 0.3395
2026-08-30 13:56:29,057 INFO Generate submissions
2026-08-30 13:56:33,967 INFO Saving/Evaluating before nms results
2026-08-30 13:56:37,637 INFO metrics_no_nms OrderedDict([   ('MR-full-R1@0.5', 65.74),
                ('MR-full-R1@0.7', 49.35),
                ('MR-full-mAP', 44.31),
                ('MR-full-mAP@0.5', 64.88),
                ('MR-full-mAP@0.75', 46.05),
                ('MR-long-mAP', 50.97),
                ('MR-middle-mAP', 47.55),
                ('MR-short-mAP', 7.75),
                ('HL-min-Fair-mAP', 76.54),
                ('HL-min-Fair-Hit1', 77.68),
                ('HL-min-Good-mAP', 65.52),
                ('HL-min-Good-Hit1', 76.0),
                ('HL-min-VeryGood-mAP', 39.98),
                ('HL-min-VeryGood-Hit1', 64.19)])
2026-08-30 13:56:37,937 INFO [Best] epoch 23, MR-full-mAP 44.3100
2026-08-30 13:56:38,181 INFO [Epoch 24]
2026-08-30 13:57:44,404 INFO Epoch[24] class_error 63.7819  class_error_0 87.2077  class_error_1 73.6136  class_error_2 68.3547  loss_giou 0.3875  loss_giou_0 0.4478  loss_giou_1 0.4046  loss_giou_2 0.3919  loss_iou_scores 0.0723  loss_iou_scores_0 0.0700  loss_iou_scores_1 0.0699  loss_iou_scores_2 0.0716  loss_label 0.1507  loss_label_0 0.1690  loss_label_1 0.1596  loss_label_2 0.1543  loss_lcb_d1_bind 0.3628  loss_lcb_drop 0.0007  loss_lcb_late_bind 0.0783  loss_lcb_owner_cons 0.0026  loss_mask_iou 0.0000  loss_mask_iou_0 2.1414  loss_mask_iou_1 2.1202  loss_mask_iou_2 2.1157  loss_overall 14.8121  loss_saliency 3.1485  loss_span 0.3425  loss_span_0 0.3876  loss_span_1 0.3502  loss_span_2 0.3429
2026-08-30 13:57:44,408 INFO Generate submissions
2026-08-30 13:57:48,992 INFO Saving/Evaluating before nms results
2026-08-30 13:57:52,557 INFO metrics_no_nms OrderedDict([   ('MR-full-R1@0.5', 66.19),
                ('MR-full-R1@0.7', 48.71),
                ('MR-full-mAP', 44.23),
                ('MR-full-mAP@0.5', 66.24),
                ('MR-full-mAP@0.75', 45.67),
                ('MR-long-mAP', 51.72),
                ('MR-middle-mAP', 47.04),
                ('MR-short-mAP', 7.68),
                ('HL-min-Fair-mAP', 76.53),
                ('HL-min-Fair-Hit1', 77.61),
                ('HL-min-Good-mAP', 65.51),
                ('HL-min-Good-Hit1', 75.87),
                ('HL-min-VeryGood-mAP', 40.15),
                ('HL-min-VeryGood-Hit1', 64.13)])
2026-08-30 13:57:52,841 INFO [Epoch 25]
2026-08-30 13:58:58,374 INFO Epoch[25] class_error 61.5812  class_error_0 86.1510  class_error_1 71.2032  class_error_2 66.1610  loss_giou 0.3880  loss_giou_0 0.4473  loss_giou_1 0.4046  loss_giou_2 0.3926  loss_iou_scores 0.0696  loss_iou_scores_0 0.0684  loss_iou_scores_1 0.0688  loss_iou_scores_2 0.0693  loss_label 0.1473  loss_label_0 0.1666  loss_label_1 0.1573  loss_label_2 0.1526  loss_lcb_d1_bind 0.3692  loss_lcb_drop 0.0007  loss_lcb_late_bind 0.0782  loss_lcb_owner_cons 0.0025  loss_mask_iou 0.0000  loss_mask_iou_0 2.1344  loss_mask_iou_1 2.1145  loss_mask_iou_2 2.1122  loss_overall 14.7606  loss_saliency 3.1484  loss_span 0.3356  loss_span_0 0.3833  loss_span_1 0.3426  loss_span_2 0.3364
2026-08-30 13:58:58,377 INFO Generate submissions
2026-08-30 13:59:03,034 INFO Saving/Evaluating before nms results
2026-08-30 13:59:06,806 INFO metrics_no_nms OrderedDict([   ('MR-full-R1@0.5', 63.42),
                ('MR-full-R1@0.7', 47.03),
                ('MR-full-mAP', 44.16),
                ('MR-full-mAP@0.5', 64.35),
                ('MR-full-mAP@0.75', 45.23),
                ('MR-long-mAP', 54.24),
                ('MR-middle-mAP', 45.41),
                ('MR-short-mAP', 6.53),
                ('HL-min-Fair-mAP', 76.16),
                ('HL-min-Fair-Hit1', 77.94),
                ('HL-min-Good-mAP', 65.15),
                ('HL-min-Good-Hit1', 76.13),
                ('HL-min-VeryGood-mAP', 39.92),
                ('HL-min-VeryGood-Hit1', 63.87)])
2026-08-30 13:59:07,061 INFO [Epoch 26]
2026-08-30 14:00:10,836 INFO Epoch[26] class_error 58.3685  class_error_0 85.7162  class_error_1 69.2163  class_error_2 62.9257  loss_giou 0.3820  loss_giou_0 0.4433  loss_giou_1 0.4003  loss_giou_2 0.3880  loss_iou_scores 0.0696  loss_iou_scores_0 0.0689  loss_iou_scores_1 0.0681  loss_iou_scores_2 0.0690  loss_label 0.1432  loss_label_0 0.1659  loss_label_1 0.1560  loss_label_2 0.1486  loss_lcb_d1_bind 0.3584  loss_lcb_drop 0.0007  loss_lcb_late_bind 0.0761  loss_lcb_owner_cons 0.0026  loss_mask_iou 0.0000  loss_mask_iou_0 2.0960  loss_mask_iou_1 2.0788  loss_mask_iou_2 2.0831  loss_overall 14.5519  loss_saliency 3.1309  loss_span 0.3285  loss_span_0 0.3731  loss_span_1 0.3330  loss_span_2 0.3291
2026-08-30 14:00:10,840 INFO Generate submissions
2026-08-30 14:00:15,737 INFO Saving/Evaluating before nms results
2026-08-30 14:00:19,507 INFO metrics_no_nms OrderedDict([   ('MR-full-R1@0.5', 64.58),
                ('MR-full-R1@0.7', 48.13),
                ('MR-full-mAP', 43.31),
                ('MR-full-mAP@0.5', 64.1),
                ('MR-full-mAP@0.75', 45.43),
                ('MR-long-mAP', 51.16),
                ('MR-middle-mAP', 45.57),
                ('MR-short-mAP', 7.67),
                ('HL-min-Fair-mAP', 75.44),
                ('HL-min-Fair-Hit1', 74.77),
                ('HL-min-Good-mAP', 64.31),
                ('HL-min-Good-Hit1', 72.84),
                ('HL-min-VeryGood-mAP', 39.4),
                ('HL-min-VeryGood-Hit1', 61.1)])
2026-08-30 14:00:19,777 INFO [Epoch 27]
2026-08-30 14:01:23,649 INFO Epoch[27] class_error 57.7253  class_error_0 83.3909  class_error_1 66.7532  class_error_2 61.0636  loss_giou 0.3802  loss_giou_0 0.4415  loss_giou_1 0.3981  loss_giou_2 0.3876  loss_iou_scores 0.0709  loss_iou_scores_0 0.0691  loss_iou_scores_1 0.0694  loss_iou_scores_2 0.0698  loss_label 0.1434  loss_label_0 0.1648  loss_label_1 0.1547  loss_label_2 0.1475  loss_lcb_d1_bind 0.3574  loss_lcb_drop 0.0007  loss_lcb_late_bind 0.0764  loss_lcb_owner_cons 0.0026  loss_mask_iou 0.0000  loss_mask_iou_0 2.0876  loss_mask_iou_1 2.0666  loss_mask_iou_2 2.0760  loss_overall 14.5192  loss_saliency 3.1199  loss_span 0.3281  loss_span_0 0.3745  loss_span_1 0.3360  loss_span_2 0.3305
2026-08-30 14:01:23,653 INFO Generate submissions
2026-08-30 14:01:28,403 INFO Saving/Evaluating before nms results
2026-08-30 14:01:32,118 INFO metrics_no_nms OrderedDict([   ('MR-full-R1@0.5', 65.03),
                ('MR-full-R1@0.7', 49.55),
                ('MR-full-mAP', 44.99),
                ('MR-full-mAP@0.5', 64.13),
                ('MR-full-mAP@0.75', 46.92),
                ('MR-long-mAP', 53.04),
                ('MR-middle-mAP', 48.02),
                ('MR-short-mAP', 6.67),
                ('HL-min-Fair-mAP', 77.04),
                ('HL-min-Fair-Hit1', 78.71),
                ('HL-min-Good-mAP', 66.08),
                ('HL-min-Good-Hit1', 76.45),
                ('HL-min-VeryGood-mAP', 40.36),
                ('HL-min-VeryGood-Hit1', 64.97)])
2026-08-30 14:01:32,440 INFO [Best] epoch 27, MR-full-mAP 44.9900
2026-08-30 14:01:32,711 INFO [Epoch 28]
2026-08-30 14:02:38,813 INFO Epoch[28] class_error 55.9589  class_error_0 83.7880  class_error_1 67.6390  class_error_2 59.4540  loss_giou 0.3772  loss_giou_0 0.4380  loss_giou_1 0.3935  loss_giou_2 0.3826  loss_iou_scores 0.0706  loss_iou_scores_0 0.0683  loss_iou_scores_1 0.0685  loss_iou_scores_2 0.0699  loss_label 0.1404  loss_label_0 0.1631  loss_label_1 0.1543  loss_label_2 0.1463  loss_lcb_d1_bind 0.3601  loss_lcb_drop 0.0007  loss_lcb_late_bind 0.0762  loss_lcb_owner_cons 0.0026  loss_mask_iou 0.0000  loss_mask_iou_0 2.0675  loss_mask_iou_1 2.0424  loss_mask_iou_2 2.0517  loss_overall 14.3944  loss_saliency 3.1125  loss_span 0.3225  loss_span_0 0.3689  loss_span_1 0.3295  loss_span_2 0.3251
2026-08-30 14:02:38,815 INFO Generate submissions
2026-08-30 14:02:44,579 INFO Saving/Evaluating before nms results
2026-08-30 14:02:48,635 INFO metrics_no_nms OrderedDict([   ('MR-full-R1@0.5', 64.39),
                ('MR-full-R1@0.7', 48.26),
                ('MR-full-mAP', 42.7),
                ('MR-full-mAP@0.5', 63.92),
                ('MR-full-mAP@0.75', 45.03),
                ('MR-long-mAP', 48.29),
                ('MR-middle-mAP', 46.78),
                ('MR-short-mAP', 7.84),
                ('HL-min-Fair-mAP', 75.91),
                ('HL-min-Fair-Hit1', 76.19),
                ('HL-min-Good-mAP', 64.72),
                ('HL-min-Good-Hit1', 73.81),
                ('HL-min-VeryGood-mAP', 39.55),
                ('HL-min-VeryGood-Hit1', 62.06)])
2026-08-30 14:02:48,967 INFO [Epoch 29]
2026-08-30 14:03:55,274 INFO Epoch[29] class_error 52.0768  class_error_0 81.3781  class_error_1 61.7417  class_error_2 55.1482  loss_giou 0.3801  loss_giou_0 0.4396  loss_giou_1 0.3972  loss_giou_2 0.3856  loss_iou_scores 0.0663  loss_iou_scores_0 0.0674  loss_iou_scores_1 0.0663  loss_iou_scores_2 0.0667  loss_label 0.1343  loss_label_0 0.1615  loss_label_1 0.1491  loss_label_2 0.1403  loss_lcb_d1_bind 0.3528  loss_lcb_drop 0.0008  loss_lcb_late_bind 0.0756  loss_lcb_owner_cons 0.0027  loss_mask_iou 0.0000  loss_mask_iou_0 2.0554  loss_mask_iou_1 2.0430  loss_mask_iou_2 2.0540  loss_overall 14.3495  loss_saliency 3.1003  loss_span 0.3265  loss_span_0 0.3649  loss_span_1 0.3303  loss_span_2 0.3275
2026-08-30 14:03:55,279 INFO Generate submissions
2026-08-30 14:04:00,237 INFO Saving/Evaluating before nms results
2026-08-30 14:04:04,018 INFO metrics_no_nms OrderedDict([   ('MR-full-R1@0.5', 65.23),
                ('MR-full-R1@0.7', 49.29),
                ('MR-full-mAP', 44.44),
                ('MR-full-mAP@0.5', 65.13),
                ('MR-full-mAP@0.75', 46.29),
                ('MR-long-mAP', 52.26),
                ('MR-middle-mAP', 46.93),
                ('MR-short-mAP', 7.72),
                ('HL-min-Fair-mAP', 76.08),
                ('HL-min-Fair-Hit1', 77.29),
                ('HL-min-Good-mAP', 64.99),
                ('HL-min-Good-Hit1', 74.9),
                ('HL-min-VeryGood-mAP', 39.76),
                ('HL-min-VeryGood-Hit1', 63.61)])
2026-08-30 14:04:04,287 INFO [Epoch 30]
2026-08-30 14:05:07,222 INFO Epoch[30] class_error 53.5415  class_error_0 82.9536  class_error_1 61.9156  class_error_2 55.8273  loss_giou 0.3728  loss_giou_0 0.4351  loss_giou_1 0.3915  loss_giou_2 0.3782  loss_iou_scores 0.0690  loss_iou_scores_0 0.0675  loss_iou_scores_1 0.0664  loss_iou_scores_2 0.0686  loss_label 0.1358  loss_label_0 0.1632  loss_label_1 0.1499  loss_label_2 0.1420  loss_lcb_d1_bind 0.3606  loss_lcb_drop 0.0007  loss_lcb_late_bind 0.0755  loss_lcb_owner_cons 0.0026  loss_mask_iou 0.0000  loss_mask_iou_0 2.0306  loss_mask_iou_1 2.0265  loss_mask_iou_2 2.0251  loss_overall 14.2532  loss_saliency 3.1019  loss_span 0.3216  loss_span_0 0.3600  loss_span_1 0.3282  loss_span_2 0.3229
2026-08-30 14:05:07,226 INFO Generate submissions
2026-08-30 14:05:11,964 INFO Saving/Evaluating before nms results
2026-08-30 14:05:16,058 INFO metrics_no_nms OrderedDict([   ('MR-full-R1@0.5', 65.03),
                ('MR-full-R1@0.7', 48.71),
                ('MR-full-mAP', 42.64),
                ('MR-full-mAP@0.5', 64.07),
                ('MR-full-mAP@0.75', 45.58),
                ('MR-long-mAP', 48.39),
                ('MR-middle-mAP', 46.24),
                ('MR-short-mAP', 7.82),
                ('HL-min-Fair-mAP', 76.75),
                ('HL-min-Fair-Hit1', 78.06),
                ('HL-min-Good-mAP', 65.84),
                ('HL-min-Good-Hit1', 75.87),
                ('HL-min-VeryGood-mAP', 40.63),
                ('HL-min-VeryGood-Hit1', 64.77)])
2026-08-30 14:05:16,360 INFO [Epoch 31]
2026-08-30 14:06:22,050 INFO Epoch[31] class_error 53.1785  class_error_0 81.7393  class_error_1 61.2697  class_error_2 54.9847  loss_giou 0.3703  loss_giou_0 0.4336  loss_giou_1 0.3906  loss_giou_2 0.3792  loss_iou_scores 0.0700  loss_iou_scores_0 0.0677  loss_iou_scores_1 0.0676  loss_iou_scores_2 0.0693  loss_label 0.1343  loss_label_0 0.1615  loss_label_1 0.1490  loss_label_2 0.1402  loss_lcb_d1_bind 0.3522  loss_lcb_drop 0.0007  loss_lcb_late_bind 0.0752  loss_lcb_owner_cons 0.0026  loss_mask_iou 0.0000  loss_mask_iou_0 2.0156  loss_mask_iou_1 2.0015  loss_mask_iou_2 2.0070  loss_overall 14.1453  loss_saliency 3.0920  loss_span 0.3149  loss_span_0 0.3589  loss_span_1 0.3219  loss_span_2 0.3172
2026-08-30 14:06:22,054 INFO Generate submissions
2026-08-30 14:06:26,826 INFO Saving/Evaluating before nms results
2026-08-30 14:06:30,581 INFO metrics_no_nms OrderedDict([   ('MR-full-R1@0.5', 65.35),
                ('MR-full-R1@0.7', 48.9),
                ('MR-full-mAP', 44.03),
                ('MR-full-mAP@0.5', 64.49),
                ('MR-full-mAP@0.75', 45.78),
                ('MR-long-mAP', 50.37),
                ('MR-middle-mAP', 47.99),
                ('MR-short-mAP', 7.25),
                ('HL-min-Fair-mAP', 76.44),
                ('HL-min-Fair-Hit1', 77.35),
                ('HL-min-Good-mAP', 65.56),
                ('HL-min-Good-Hit1', 75.55),
                ('HL-min-VeryGood-mAP', 40.23),
                ('HL-min-VeryGood-Hit1', 65.23)])
2026-08-30 14:06:30,889 INFO [Epoch 32]
2026-08-30 14:07:37,067 INFO Epoch[32] class_error 52.5466  class_error_0 81.3592  class_error_1 60.8043  class_error_2 55.4544  loss_giou 0.3717  loss_giou_0 0.4333  loss_giou_1 0.3904  loss_giou_2 0.3779  loss_iou_scores 0.0694  loss_iou_scores_0 0.0674  loss_iou_scores_1 0.0677  loss_iou_scores_2 0.0684  loss_label 0.1351  loss_label_0 0.1632  loss_label_1 0.1486  loss_label_2 0.1403  loss_lcb_d1_bind 0.3506  loss_lcb_drop 0.0007  loss_lcb_late_bind 0.0740  loss_lcb_owner_cons 0.0028  loss_mask_iou 0.0000  loss_mask_iou_0 2.0100  loss_mask_iou_1 2.0059  loss_mask_iou_2 2.0035  loss_overall 14.1254  loss_saliency 3.0920  loss_span 0.3127  loss_span_0 0.3513  loss_span_1 0.3217  loss_span_2 0.3145
2026-08-30 14:07:37,071 INFO Generate submissions
2026-08-30 14:07:42,147 INFO Saving/Evaluating before nms results
2026-08-30 14:07:45,875 INFO metrics_no_nms OrderedDict([   ('MR-full-R1@0.5', 64.9),
                ('MR-full-R1@0.7', 48.9),
                ('MR-full-mAP', 43.18),
                ('MR-full-mAP@0.5', 64.75),
                ('MR-full-mAP@0.75', 44.63),
                ('MR-long-mAP', 50.51),
                ('MR-middle-mAP', 45.66),
                ('MR-short-mAP', 7.96),
                ('HL-min-Fair-mAP', 76.75),
                ('HL-min-Fair-Hit1', 78.06),
                ('HL-min-Good-mAP', 65.87),
                ('HL-min-Good-Hit1', 76.13),
                ('HL-min-VeryGood-mAP', 40.56),
                ('HL-min-VeryGood-Hit1', 65.1)])
2026-08-30 14:07:46,212 INFO [Epoch 33]
2026-08-30 14:08:49,975 INFO Epoch[33] class_error 53.1414  class_error_0 82.0121  class_error_1 60.6807  class_error_2 54.6464  loss_giou 0.3669  loss_giou_0 0.4295  loss_giou_1 0.3863  loss_giou_2 0.3741  loss_iou_scores 0.0686  loss_iou_scores_0 0.0679  loss_iou_scores_1 0.0672  loss_iou_scores_2 0.0678  loss_label 0.1338  loss_label_0 0.1626  loss_label_1 0.1478  loss_label_2 0.1387  loss_lcb_d1_bind 0.3424  loss_lcb_drop 0.0007  loss_lcb_late_bind 0.0737  loss_lcb_owner_cons 0.0027  loss_mask_iou 0.0000  loss_mask_iou_0 1.9860  loss_mask_iou_1 1.9804  loss_mask_iou_2 1.9848  loss_overall 14.0110  loss_saliency 3.0927  loss_span 0.3080  loss_span_0 0.3508  loss_span_1 0.3173  loss_span_2 0.3112
2026-08-30 14:08:49,979 INFO Generate submissions
2026-08-30 14:08:54,555 INFO Saving/Evaluating before nms results
2026-08-30 14:08:58,341 INFO metrics_no_nms OrderedDict([   ('MR-full-R1@0.5', 64.9),
                ('MR-full-R1@0.7', 49.94),
                ('MR-full-mAP', 44.8),
                ('MR-full-mAP@0.5', 65.42),
                ('MR-full-mAP@0.75', 46.99),
                ('MR-long-mAP', 52.63),
                ('MR-middle-mAP', 47.13),
                ('MR-short-mAP', 8.43),
                ('HL-min-Fair-mAP', 76.38),
                ('HL-min-Fair-Hit1', 77.23),
                ('HL-min-Good-mAP', 65.31),
                ('HL-min-Good-Hit1', 75.35),
                ('HL-min-VeryGood-mAP', 39.95),
                ('HL-min-VeryGood-Hit1', 63.48)])
2026-08-30 14:08:58,656 INFO [Epoch 34]
2026-08-30 14:10:03,488 INFO Epoch[34] class_error 49.3443  class_error_0 79.1321  class_error_1 57.1903  class_error_2 51.1394  loss_giou 0.3623  loss_giou_0 0.4267  loss_giou_1 0.3825  loss_giou_2 0.3694  loss_iou_scores 0.0683  loss_iou_scores_0 0.0669  loss_iou_scores_1 0.0662  loss_iou_scores_2 0.0677  loss_label 0.1295  loss_label_0 0.1599  loss_label_1 0.1434  loss_label_2 0.1344  loss_lcb_d1_bind 0.3335  loss_lcb_drop 0.0007  loss_lcb_late_bind 0.0714  loss_lcb_owner_cons 0.0026  loss_mask_iou 0.0000  loss_mask_iou_0 1.9673  loss_mask_iou_1 1.9710  loss_mask_iou_2 1.9729  loss_overall 13.9029  loss_saliency 3.0776  loss_span 0.3067  loss_span_0 0.3457  loss_span_1 0.3161  loss_span_2 0.3086
2026-08-30 14:10:03,491 INFO Generate submissions
2026-08-30 14:10:08,103 INFO Saving/Evaluating before nms results
2026-08-30 14:10:11,868 INFO metrics_no_nms OrderedDict([   ('MR-full-R1@0.5', 63.68),
                ('MR-full-R1@0.7', 48.52),
                ('MR-full-mAP', 45.41),
                ('MR-full-mAP@0.5', 65.21),
                ('MR-full-mAP@0.75', 47.88),
                ('MR-long-mAP', 53.52),
                ('MR-middle-mAP', 47.82),
                ('MR-short-mAP', 7.97),
                ('HL-min-Fair-mAP', 75.56),
                ('HL-min-Fair-Hit1', 74.45),
                ('HL-min-Good-mAP', 64.54),
                ('HL-min-Good-Hit1', 72.06),
                ('HL-min-VeryGood-mAP', 39.35),
                ('HL-min-VeryGood-Hit1', 59.94)])
2026-08-30 14:10:12,133 INFO [Best] epoch 34, MR-full-mAP 45.4100
2026-08-30 14:10:12,378 INFO [Epoch 35]
2026-08-30 14:11:15,743 INFO Epoch[35] class_error 48.7909  class_error_0 79.3445  class_error_1 57.1764  class_error_2 50.7467  loss_giou 0.3656  loss_giou_0 0.4257  loss_giou_1 0.3843  loss_giou_2 0.3708  loss_iou_scores 0.0694  loss_iou_scores_0 0.0667  loss_iou_scores_1 0.0671  loss_iou_scores_2 0.0690  loss_label 0.1277  loss_label_0 0.1601  loss_label_1 0.1438  loss_label_2 0.1338  loss_lcb_d1_bind 0.3468  loss_lcb_drop 0.0007  loss_lcb_late_bind 0.0731  loss_lcb_owner_cons 0.0028  loss_mask_iou 0.0000  loss_mask_iou_0 1.9743  loss_mask_iou_1 1.9698  loss_mask_iou_2 1.9755  loss_overall 13.9362  loss_saliency 3.0806  loss_span 0.3078  loss_span_0 0.3464  loss_span_1 0.3158  loss_span_2 0.3087
2026-08-30 14:11:15,747 INFO Generate submissions
2026-08-30 14:11:20,643 INFO Saving/Evaluating before nms results
2026-08-30 14:11:24,366 INFO metrics_no_nms OrderedDict([   ('MR-full-R1@0.5', 65.61),
                ('MR-full-R1@0.7', 49.68),
                ('MR-full-mAP', 45.17),
                ('MR-full-mAP@0.5', 65.72),
                ('MR-full-mAP@0.75', 46.87),
                ('MR-long-mAP', 52.17),
                ('MR-middle-mAP', 48.33),
                ('MR-short-mAP', 8.33),
                ('HL-min-Fair-mAP', 76.66),
                ('HL-min-Fair-Hit1', 77.48),
                ('HL-min-Good-mAP', 65.75),
                ('HL-min-Good-Hit1', 75.48),
                ('HL-min-VeryGood-mAP', 40.25),
                ('HL-min-VeryGood-Hit1', 62.9)])
2026-08-30 14:11:24,621 INFO [Epoch 36]
2026-08-30 14:12:30,225 INFO Epoch[36] class_error 48.1889  class_error_0 77.4439  class_error_1 55.2402  class_error_2 49.2635  loss_giou 0.3623  loss_giou_0 0.4264  loss_giou_1 0.3807  loss_giou_2 0.3687  loss_iou_scores 0.0690  loss_iou_scores_0 0.0666  loss_iou_scores_1 0.0666  loss_iou_scores_2 0.0685  loss_label 0.1273  loss_label_0 0.1590  loss_label_1 0.1414  loss_label_2 0.1326  loss_lcb_d1_bind 0.3336  loss_lcb_drop 0.0007  loss_lcb_late_bind 0.0718  loss_lcb_owner_cons 0.0027  loss_mask_iou 0.0000  loss_mask_iou_0 1.9630  loss_mask_iou_1 1.9617  loss_mask_iou_2 1.9614  loss_overall 13.8507  loss_saliency 3.0727  loss_span 0.3044  loss_span_0 0.3472  loss_span_1 0.3146  loss_span_2 0.3061
2026-08-30 14:12:30,228 INFO Generate submissions
2026-08-30 14:12:35,120 INFO Saving/Evaluating before nms results
2026-08-30 14:12:38,982 INFO metrics_no_nms OrderedDict([   ('MR-full-R1@0.5', 66.19),
                ('MR-full-R1@0.7', 49.29),
                ('MR-full-mAP', 44.41),
                ('MR-full-mAP@0.5', 65.69),
                ('MR-full-mAP@0.75', 46.2),
                ('MR-long-mAP', 52.13),
                ('MR-middle-mAP', 46.75),
                ('MR-short-mAP', 8.62),
                ('HL-min-Fair-mAP', 75.83),
                ('HL-min-Fair-Hit1', 76.45),
                ('HL-min-Good-mAP', 64.76),
                ('HL-min-Good-Hit1', 74.52),
                ('HL-min-VeryGood-mAP', 39.64),
                ('HL-min-VeryGood-Hit1', 62.06)])
2026-08-30 14:12:39,279 INFO [Epoch 37]
2026-08-30 14:13:39,457 INFO Epoch[37] class_error 46.1558  class_error_0 75.4613  class_error_1 54.4612  class_error_2 47.8960  loss_giou 0.3618  loss_giou_0 0.4272  loss_giou_1 0.3831  loss_giou_2 0.3682  loss_iou_scores 0.0660  loss_iou_scores_0 0.0642  loss_iou_scores_1 0.0656  loss_iou_scores_2 0.0665  loss_label 0.1241  loss_label_0 0.1564  loss_label_1 0.1397  loss_label_2 0.1285  loss_lcb_d1_bind 0.3408  loss_lcb_drop 0.0007  loss_lcb_late_bind 0.0736  loss_lcb_owner_cons 0.0027  loss_mask_iou 0.0000  loss_mask_iou_0 1.9521  loss_mask_iou_1 1.9501  loss_mask_iou_2 1.9524  loss_overall 13.7926  loss_saliency 3.0672  loss_span 0.3010  loss_span_0 0.3433  loss_span_1 0.3125  loss_span_2 0.3043
2026-08-30 14:13:39,459 INFO Generate submissions
2026-08-30 14:13:44,397 INFO Saving/Evaluating before nms results
2026-08-30 14:13:47,980 INFO metrics_no_nms OrderedDict([   ('MR-full-R1@0.5', 65.16),
                ('MR-full-R1@0.7', 50.0),
                ('MR-full-mAP', 45.04),
                ('MR-full-mAP@0.5', 65.12),
                ('MR-full-mAP@0.75', 47.44),
                ('MR-long-mAP', 51.61),
                ('MR-middle-mAP', 48.47),
                ('MR-short-mAP', 7.76),
                ('HL-min-Fair-mAP', 76.33),
                ('HL-min-Fair-Hit1', 77.23),
                ('HL-min-Good-mAP', 65.33),
                ('HL-min-Good-Hit1', 75.74),
                ('HL-min-VeryGood-mAP', 40.04),
                ('HL-min-VeryGood-Hit1', 63.74)])
2026-08-30 14:13:48,277 INFO [Epoch 38]
2026-08-30 14:14:52,886 INFO Epoch[38] class_error 47.2100  class_error_0 74.3826  class_error_1 52.7926  class_error_2 48.0670  loss_giou 0.3576  loss_giou_0 0.4241  loss_giou_1 0.3781  loss_giou_2 0.3644  loss_iou_scores 0.0660  loss_iou_scores_0 0.0639  loss_iou_scores_1 0.0652  loss_iou_scores_2 0.0664  loss_label 0.1243  loss_label_0 0.1551  loss_label_1 0.1388  loss_label_2 0.1293  loss_lcb_d1_bind 0.3290  loss_lcb_drop 0.0007  loss_lcb_late_bind 0.0703  loss_lcb_owner_cons 0.0026  loss_mask_iou 0.0000  loss_mask_iou_0 1.9190  loss_mask_iou_1 1.9221  loss_mask_iou_2 1.9216  loss_overall 13.6417  loss_saliency 3.0551  loss_span 0.2957  loss_span_0 0.3405  loss_span_1 0.3100  loss_span_2 0.2992
2026-08-30 14:14:52,890 INFO Generate submissions
2026-08-30 14:14:57,817 INFO Saving/Evaluating before nms results
2026-08-30 14:15:01,389 INFO metrics_no_nms OrderedDict([   ('MR-full-R1@0.5', 65.03),
                ('MR-full-R1@0.7', 48.71),
                ('MR-full-mAP', 45.03),
                ('MR-full-mAP@0.5', 66.35),
                ('MR-full-mAP@0.75', 45.6),
                ('MR-long-mAP', 54.06),
                ('MR-middle-mAP', 46.52),
                ('MR-short-mAP', 8.63),
                ('HL-min-Fair-mAP', 76.38),
                ('HL-min-Fair-Hit1', 76.9),
                ('HL-min-Good-mAP', 65.37),
                ('HL-min-Good-Hit1', 75.1),
                ('HL-min-VeryGood-mAP', 40.01),
                ('HL-min-VeryGood-Hit1', 63.23)])
2026-08-30 14:15:01,669 INFO [Epoch 39]
2026-08-30 14:16:07,050 INFO Epoch[39] class_error 46.6039  class_error_0 72.7963  class_error_1 52.2689  class_error_2 47.1489  loss_giou 0.3552  loss_giou_0 0.4201  loss_giou_1 0.3749  loss_giou_2 0.3617  loss_iou_scores 0.0665  loss_iou_scores_0 0.0646  loss_iou_scores_1 0.0663  loss_iou_scores_2 0.0675  loss_label 0.1250  loss_label_0 0.1544  loss_label_1 0.1374  loss_label_2 0.1286  loss_lcb_d1_bind 0.3322  loss_lcb_drop 0.0007  loss_lcb_late_bind 0.0710  loss_lcb_owner_cons 0.0027  loss_mask_iou 0.0000  loss_mask_iou_0 1.9164  loss_mask_iou_1 1.9149  loss_mask_iou_2 1.9092  loss_overall 13.5937  loss_saliency 3.0589  loss_span 0.2909  loss_span_0 0.3366  loss_span_1 0.3048  loss_span_2 0.2965
2026-08-30 14:16:07,053 INFO Generate submissions
2026-08-30 14:16:12,051 INFO Saving/Evaluating before nms results
2026-08-30 14:16:15,953 INFO metrics_no_nms OrderedDict([   ('MR-full-R1@0.5', 64.97),
                ('MR-full-R1@0.7', 49.87),
                ('MR-full-mAP', 44.77),
                ('MR-full-mAP@0.5', 65.15),
                ('MR-full-mAP@0.75', 47.12),
                ('MR-long-mAP', 50.57),
                ('MR-middle-mAP', 47.99),
                ('MR-short-mAP', 8.65),
                ('HL-min-Fair-mAP', 76.46),
                ('HL-min-Fair-Hit1', 76.9),
                ('HL-min-Good-mAP', 65.45),
                ('HL-min-Good-Hit1', 75.16),
                ('HL-min-VeryGood-mAP', 40.34),
                ('HL-min-VeryGood-Hit1', 63.55)])
2026-08-30 14:16:16,247 INFO [Epoch 40]
2026-08-30 14:17:16,238 INFO Epoch[40] class_error 45.0698  class_error_0 72.5131  class_error_1 51.6640  class_error_2 45.5348  loss_giou 0.3558  loss_giou_0 0.4194  loss_giou_1 0.3757  loss_giou_2 0.3643  loss_iou_scores 0.0659  loss_iou_scores_0 0.0650  loss_iou_scores_1 0.0642  loss_iou_scores_2 0.0660  loss_label 0.1217  loss_label_0 0.1546  loss_label_1 0.1353  loss_label_2 0.1255  loss_lcb_d1_bind 0.3272  loss_lcb_drop 0.0007  loss_lcb_late_bind 0.0711  loss_lcb_owner_cons 0.0028  loss_mask_iou 0.0000  loss_mask_iou_0 1.9084  loss_mask_iou_1 1.9102  loss_mask_iou_2 1.9154  loss_overall 13.5569  loss_saliency 3.0468  loss_span 0.2912  loss_span_0 0.3366  loss_span_1 0.3033  loss_span_2 0.2964
2026-08-30 14:17:16,241 INFO Generate submissions
2026-08-30 14:17:21,338 INFO Saving/Evaluating before nms results
2026-08-30 14:17:25,299 INFO metrics_no_nms OrderedDict([   ('MR-full-R1@0.5', 65.94),
                ('MR-full-R1@0.7', 48.77),
                ('MR-full-mAP', 45.25),
                ('MR-full-mAP@0.5', 65.96),
                ('MR-full-mAP@0.75', 46.5),
                ('MR-long-mAP', 52.07),
                ('MR-middle-mAP', 47.97),
                ('MR-short-mAP', 8.66),
                ('HL-min-Fair-mAP', 76.55),
                ('HL-min-Fair-Hit1', 78.45),
                ('HL-min-Good-mAP', 65.61),
                ('HL-min-Good-Hit1', 76.52),
                ('HL-min-VeryGood-mAP', 40.12),
                ('HL-min-VeryGood-Hit1', 65.03)])
2026-08-30 14:17:25,541 INFO [Epoch 41]
2026-08-30 14:18:29,997 INFO Epoch[41] class_error 44.2498  class_error_0 70.6116  class_error_1 51.3345  class_error_2 44.8000  loss_giou 0.3540  loss_giou_0 0.4198  loss_giou_1 0.3728  loss_giou_2 0.3622  loss_iou_scores 0.0654  loss_iou_scores_0 0.0649  loss_iou_scores_1 0.0663  loss_iou_scores_2 0.0658  loss_label 0.1219  loss_label_0 0.1546  loss_label_1 0.1365  loss_label_2 0.1262  loss_lcb_d1_bind 0.3182  loss_lcb_drop 0.0008  loss_lcb_late_bind 0.0708  loss_lcb_owner_cons 0.0028  loss_mask_iou 0.0000  loss_mask_iou_0 1.8919  loss_mask_iou_1 1.8915  loss_mask_iou_2 1.8963  loss_overall 13.4904  loss_saliency 3.0455  loss_span 0.2925  loss_span_0 0.3334  loss_span_1 0.3011  loss_span_2 0.2959
2026-08-30 14:18:30,001 INFO Generate submissions
2026-08-30 14:18:34,799 INFO Saving/Evaluating before nms results
2026-08-30 14:18:38,558 INFO metrics_no_nms OrderedDict([   ('MR-full-R1@0.5', 65.68),
                ('MR-full-R1@0.7', 50.9),
                ('MR-full-mAP', 45.46),
                ('MR-full-mAP@0.5', 66.04),
                ('MR-full-mAP@0.75', 47.75),
                ('MR-long-mAP', 53.53),
                ('MR-middle-mAP', 48.1),
                ('MR-short-mAP', 7.82),
                ('HL-min-Fair-mAP', 76.71),
                ('HL-min-Fair-Hit1', 78.0),
                ('HL-min-Good-mAP', 65.75),
                ('HL-min-Good-Hit1', 76.06),
                ('HL-min-VeryGood-mAP', 40.4),
                ('HL-min-VeryGood-Hit1', 65.35)])
2026-08-30 14:18:38,832 INFO [Best] epoch 41, MR-full-mAP 45.4600
2026-08-30 14:18:39,068 INFO [Epoch 42]
2026-08-30 14:19:44,976 INFO Epoch[42] class_error 43.8245  class_error_0 68.8232  class_error_1 51.8896  class_error_2 45.4971  loss_giou 0.3519  loss_giou_0 0.4222  loss_giou_1 0.3747  loss_giou_2 0.3597  loss_iou_scores 0.0668  loss_iou_scores_0 0.0660  loss_iou_scores_1 0.0661  loss_iou_scores_2 0.0668  loss_label 0.1199  loss_label_0 0.1529  loss_label_1 0.1361  loss_label_2 0.1255  loss_lcb_d1_bind 0.3288  loss_lcb_drop 0.0008  loss_lcb_late_bind 0.0720  loss_lcb_owner_cons 0.0028  loss_mask_iou 0.0000  loss_mask_iou_0 1.8885  loss_mask_iou_1 1.8860  loss_mask_iou_2 1.8944  loss_overall 13.4659  loss_saliency 3.0363  loss_span 0.2894  loss_span_0 0.3305  loss_span_1 0.2993  loss_span_2 0.2926
2026-08-30 14:19:44,979 INFO Generate submissions
2026-08-30 14:19:49,436 INFO Saving/Evaluating before nms results
2026-08-30 14:19:53,277 INFO metrics_no_nms OrderedDict([   ('MR-full-R1@0.5', 66.32),
                ('MR-full-R1@0.7', 49.61),
                ('MR-full-mAP', 45.87),
                ('MR-full-mAP@0.5', 66.86),
                ('MR-full-mAP@0.75', 47.35),
                ('MR-long-mAP', 54.85),
                ('MR-middle-mAP', 46.8),
                ('MR-short-mAP', 9.6),
                ('HL-min-Fair-mAP', 76.68),
                ('HL-min-Fair-Hit1', 78.0),
                ('HL-min-Good-mAP', 65.58),
                ('HL-min-Good-Hit1', 76.06),
                ('HL-min-VeryGood-mAP', 40.23),
                ('HL-min-VeryGood-Hit1', 64.52)])
2026-08-30 14:19:53,549 INFO [Best] epoch 42, MR-full-mAP 45.8700
2026-08-30 14:19:53,842 INFO [Epoch 43]
2026-08-30 14:20:59,380 INFO Epoch[43] class_error 43.0467  class_error_0 68.7358  class_error_1 50.2824  class_error_2 44.8430  loss_giou 0.3460  loss_giou_0 0.4162  loss_giou_1 0.3686  loss_giou_2 0.3538  loss_iou_scores 0.0657  loss_iou_scores_0 0.0635  loss_iou_scores_1 0.0638  loss_iou_scores_2 0.0654  loss_label 0.1194  loss_label_0 0.1520  loss_label_1 0.1340  loss_label_2 0.1246  loss_lcb_d1_bind 0.3193  loss_lcb_drop 0.0008  loss_lcb_late_bind 0.0701  loss_lcb_owner_cons 0.0028  loss_mask_iou 0.0000  loss_mask_iou_0 1.8533  loss_mask_iou_1 1.8648  loss_mask_iou_2 1.8578  loss_overall 13.3163  loss_saliency 3.0371  loss_span 0.2845  loss_span_0 0.3295  loss_span_1 0.2964  loss_span_2 0.2884
2026-08-30 14:20:59,383 INFO Generate submissions
2026-08-30 14:21:04,337 INFO Saving/Evaluating before nms results
2026-08-30 14:21:08,153 INFO metrics_no_nms OrderedDict([   ('MR-full-R1@0.5', 66.0),
                ('MR-full-R1@0.7', 50.65),
                ('MR-full-mAP', 45.4),
                ('MR-full-mAP@0.5', 66.26),
                ('MR-full-mAP@0.75', 46.97),
                ('MR-long-mAP', 51.7),
                ('MR-middle-mAP', 47.79),
                ('MR-short-mAP', 10.22),
                ('HL-min-Fair-mAP', 77.05),
                ('HL-min-Fair-Hit1', 79.03),
                ('HL-min-Good-mAP', 65.84),
                ('HL-min-Good-Hit1', 76.9),
                ('HL-min-VeryGood-mAP', 40.28),
                ('HL-min-VeryGood-Hit1', 65.1)])
2026-08-30 14:21:08,447 INFO [Epoch 44]
2026-08-30 14:22:13,202 INFO Epoch[44] class_error 43.2519  class_error_0 67.3651  class_error_1 50.7230  class_error_2 44.3920  loss_giou 0.3517  loss_giou_0 0.4190  loss_giou_1 0.3719  loss_giou_2 0.3599  loss_iou_scores 0.0658  loss_iou_scores_0 0.0638  loss_iou_scores_1 0.0651  loss_iou_scores_2 0.0655  loss_label 0.1201  loss_label_0 0.1511  loss_label_1 0.1356  loss_label_2 0.1248  loss_lcb_d1_bind 0.3259  loss_lcb_drop 0.0007  loss_lcb_late_bind 0.0704  loss_lcb_owner_cons 0.0028  loss_mask_iou 0.0000  loss_mask_iou_0 1.8609  loss_mask_iou_1 1.8676  loss_mask_iou_2 1.8684  loss_overall 13.3574  loss_saliency 3.0311  loss_span 0.2846  loss_span_0 0.3292  loss_span_1 0.2946  loss_span_2 0.2887
2026-08-30 14:22:13,205 INFO Generate submissions
2026-08-30 14:22:17,663 INFO Saving/Evaluating before nms results
2026-08-30 14:22:21,531 INFO metrics_no_nms OrderedDict([   ('MR-full-R1@0.5', 66.58),
                ('MR-full-R1@0.7', 50.58),
                ('MR-full-mAP', 44.39),
                ('MR-full-mAP@0.5', 66.53),
                ('MR-full-mAP@0.75', 46.27),
                ('MR-long-mAP', 49.94),
                ('MR-middle-mAP', 47.28),
                ('MR-short-mAP', 10.16),
                ('HL-min-Fair-mAP', 77.17),
                ('HL-min-Fair-Hit1', 79.42),
                ('HL-min-Good-mAP', 66.1),
                ('HL-min-Good-Hit1', 77.42),
                ('HL-min-VeryGood-mAP', 40.63),
                ('HL-min-VeryGood-Hit1', 66.9)])
2026-08-30 14:22:21,854 INFO [Epoch 45]
2026-08-30 14:23:27,487 INFO Epoch[45] class_error 44.0550  class_error_0 67.6976  class_error_1 49.9057  class_error_2 44.5964  loss_giou 0.3452  loss_giou_0 0.4120  loss_giou_1 0.3666  loss_giou_2 0.3536  loss_iou_scores 0.0654  loss_iou_scores_0 0.0640  loss_iou_scores_1 0.0649  loss_iou_scores_2 0.0655  loss_label 0.1195  loss_label_0 0.1503  loss_label_1 0.1327  loss_label_2 0.1236  loss_lcb_d1_bind 0.3189  loss_lcb_drop 0.0007  loss_lcb_late_bind 0.0684  loss_lcb_owner_cons 0.0028  loss_mask_iou 0.0000  loss_mask_iou_0 1.8536  loss_mask_iou_1 1.8569  loss_mask_iou_2 1.8540  loss_overall 13.2745  loss_saliency 3.0342  loss_span 0.2827  loss_span_0 0.3244  loss_span_1 0.2956  loss_span_2 0.2874
2026-08-30 14:23:27,490 INFO Generate submissions
2026-08-30 14:23:32,132 INFO Saving/Evaluating before nms results
2026-08-30 14:23:36,033 INFO metrics_no_nms OrderedDict([   ('MR-full-R1@0.5', 66.45),
                ('MR-full-R1@0.7', 50.19),
                ('MR-full-mAP', 44.56),
                ('MR-full-mAP@0.5', 66.11),
                ('MR-full-mAP@0.75', 46.52),
                ('MR-long-mAP', 50.02),
                ('MR-middle-mAP', 47.33),
                ('MR-short-mAP', 10.57),
                ('HL-min-Fair-mAP', 76.1),
                ('HL-min-Fair-Hit1', 76.9),
                ('HL-min-Good-mAP', 65.41),
                ('HL-min-Good-Hit1', 74.97),
                ('HL-min-VeryGood-mAP', 40.29),
                ('HL-min-VeryGood-Hit1', 63.68)])
2026-08-30 14:23:36,352 INFO [Epoch 46]
2026-08-30 14:24:39,872 INFO Epoch[46] class_error 41.9583  class_error_0 64.4777  class_error_1 47.9510  class_error_2 43.3203  loss_giou 0.3434  loss_giou_0 0.4118  loss_giou_1 0.3655  loss_giou_2 0.3510  loss_iou_scores 0.0649  loss_iou_scores_0 0.0626  loss_iou_scores_1 0.0637  loss_iou_scores_2 0.0642  loss_label 0.1165  loss_label_0 0.1476  loss_label_1 0.1298  loss_label_2 0.1208  loss_lcb_d1_bind 0.3148  loss_lcb_drop 0.0007  loss_lcb_late_bind 0.0686  loss_lcb_owner_cons 0.0027  loss_mask_iou 0.0000  loss_mask_iou_0 1.8376  loss_mask_iou_1 1.8429  loss_mask_iou_2 1.8401  loss_overall 13.1879  loss_saliency 3.0262  loss_span 0.2806  loss_span_0 0.3244  loss_span_1 0.2932  loss_span_2 0.2826
2026-08-30 14:24:39,874 INFO Generate submissions
2026-08-30 14:24:44,576 INFO Saving/Evaluating before nms results
2026-08-30 14:24:48,413 INFO metrics_no_nms OrderedDict([   ('MR-full-R1@0.5', 65.61),
                ('MR-full-R1@0.7', 50.06),
                ('MR-full-mAP', 44.75),
                ('MR-full-mAP@0.5', 66.45),
                ('MR-full-mAP@0.75', 46.47),
                ('MR-long-mAP', 51.84),
                ('MR-middle-mAP', 46.52),
                ('MR-short-mAP', 10.09),
                ('HL-min-Fair-mAP', 76.56),
                ('HL-min-Fair-Hit1', 77.61),
                ('HL-min-Good-mAP', 65.55),
                ('HL-min-Good-Hit1', 74.97),
                ('HL-min-VeryGood-mAP', 40.44),
                ('HL-min-VeryGood-Hit1', 64.45)])
2026-08-30 14:24:48,679 INFO [Epoch 47]
2026-08-30 14:25:52,963 INFO Epoch[47] class_error 43.1878  class_error_0 63.8085  class_error_1 48.6254  class_error_2 43.3499  loss_giou 0.3449  loss_giou_0 0.4175  loss_giou_1 0.3660  loss_giou_2 0.3513  loss_iou_scores 0.0658  loss_iou_scores_0 0.0649  loss_iou_scores_1 0.0656  loss_iou_scores_2 0.0664  loss_label 0.1170  loss_label_0 0.1481  loss_label_1 0.1325  loss_label_2 0.1222  loss_lcb_d1_bind 0.3188  loss_lcb_drop 0.0008  loss_lcb_late_bind 0.0693  loss_lcb_owner_cons 0.0028  loss_mask_iou 0.0000  loss_mask_iou_0 1.8302  loss_mask_iou_1 1.8321  loss_mask_iou_2 1.8275  loss_overall 13.1722  loss_saliency 3.0240  loss_span 0.2761  loss_span_0 0.3234  loss_span_1 0.2900  loss_span_2 0.2806
2026-08-30 14:25:52,966 INFO Generate submissions
2026-08-30 14:25:58,084 INFO Saving/Evaluating before nms results
2026-08-30 14:26:01,795 INFO metrics_no_nms OrderedDict([   ('MR-full-R1@0.5', 66.65),
                ('MR-full-R1@0.7', 51.29),
                ('MR-full-mAP', 46.02),
                ('MR-full-mAP@0.5', 66.21),
                ('MR-full-mAP@0.75', 48.48),
                ('MR-long-mAP', 51.18),
                ('MR-middle-mAP', 49.8),
                ('MR-short-mAP', 9.37),
                ('HL-min-Fair-mAP', 76.87),
                ('HL-min-Fair-Hit1', 77.68),
                ('HL-min-Good-mAP', 65.91),
                ('HL-min-Good-Hit1', 76.0),
                ('HL-min-VeryGood-mAP', 40.48),
                ('HL-min-VeryGood-Hit1', 64.84)])
2026-08-30 14:26:02,067 INFO [Best] epoch 47, MR-full-mAP 46.0200
2026-08-30 14:26:02,303 INFO [Epoch 48]
2026-08-30 14:27:07,251 INFO Epoch[48] class_error 42.0762  class_error_0 62.6620  class_error_1 49.0859  class_error_2 42.9928  loss_giou 0.3436  loss_giou_0 0.4167  loss_giou_1 0.3654  loss_giou_2 0.3503  loss_iou_scores 0.0653  loss_iou_scores_0 0.0645  loss_iou_scores_1 0.0652  loss_iou_scores_2 0.0657  loss_label 0.1166  loss_label_0 0.1475  loss_label_1 0.1322  loss_label_2 0.1210  loss_lcb_d1_bind 0.3172  loss_lcb_drop 0.0007  loss_lcb_late_bind 0.0688  loss_lcb_owner_cons 0.0028  loss_mask_iou 0.0000  loss_mask_iou_0 1.8291  loss_mask_iou_1 1.8300  loss_mask_iou_2 1.8293  loss_overall 13.1681  loss_saliency 3.0261  loss_span 0.2801  loss_span_0 0.3254  loss_span_1 0.2914  loss_span_2 0.2837
2026-08-30 14:27:07,255 INFO Generate submissions
2026-08-30 14:27:12,051 INFO Saving/Evaluating before nms results
2026-08-30 14:27:15,733 INFO metrics_no_nms OrderedDict([   ('MR-full-R1@0.5', 65.48),
                ('MR-full-R1@0.7', 50.39),
                ('MR-full-mAP', 44.78),
                ('MR-full-mAP@0.5', 66.88),
                ('MR-full-mAP@0.75', 47.31),
                ('MR-long-mAP', 53.62),
                ('MR-middle-mAP', 46.16),
                ('MR-short-mAP', 9.1),
                ('HL-min-Fair-mAP', 75.87),
                ('HL-min-Fair-Hit1', 76.97),
                ('HL-min-Good-mAP', 65.02),
                ('HL-min-Good-Hit1', 75.1),
                ('HL-min-VeryGood-mAP', 39.75),
                ('HL-min-VeryGood-Hit1', 63.74)])
2026-08-30 14:27:16,019 INFO [Epoch 49]
2026-08-30 14:28:21,213 INFO Epoch[49] class_error 40.8323  class_error_0 60.4824  class_error_1 47.0261  class_error_2 41.8805  loss_giou 0.3406  loss_giou_0 0.4131  loss_giou_1 0.3621  loss_giou_2 0.3469  loss_iou_scores 0.0605  loss_iou_scores_0 0.0611  loss_iou_scores_1 0.0611  loss_iou_scores_2 0.0613  loss_label 0.1142  loss_label_0 0.1451  loss_label_1 0.1290  loss_label_2 0.1178  loss_lcb_d1_bind 0.3050  loss_lcb_drop 0.0007  loss_lcb_late_bind 0.0675  loss_lcb_owner_cons 0.0027  loss_mask_iou 0.0000  loss_mask_iou_0 1.8219  loss_mask_iou_1 1.8281  loss_mask_iou_2 1.8219  loss_overall 13.0561  loss_saliency 3.0079  loss_span 0.2749  loss_span_0 0.3235  loss_span_1 0.2855  loss_span_2 0.2791
2026-08-30 14:28:21,216 INFO Generate submissions
2026-08-30 14:28:25,853 INFO Saving/Evaluating before nms results
2026-08-30 14:28:29,473 INFO metrics_no_nms OrderedDict([   ('MR-full-R1@0.5', 64.58),
                ('MR-full-R1@0.7', 47.94),
                ('MR-full-mAP', 44.67),
                ('MR-full-mAP@0.5', 65.9),
                ('MR-full-mAP@0.75', 46.66),
                ('MR-long-mAP', 53.09),
                ('MR-middle-mAP', 45.85),
                ('MR-short-mAP', 8.93),
                ('HL-min-Fair-mAP', 75.66),
                ('HL-min-Fair-Hit1', 74.97),
                ('HL-min-Good-mAP', 64.48),
                ('HL-min-Good-Hit1', 72.9),
                ('HL-min-VeryGood-mAP', 39.15),
                ('HL-min-VeryGood-Hit1', 60.97)])
2026-08-30 14:28:29,753 INFO [Epoch 50]
2026-08-30 14:29:33,552 INFO Epoch[50] class_error 41.2558  class_error_0 60.0477  class_error_1 47.1004  class_error_2 42.6186  loss_giou 0.3371  loss_giou_0 0.4127  loss_giou_1 0.3595  loss_giou_2 0.3450  loss_iou_scores 0.0630  loss_iou_scores_0 0.0625  loss_iou_scores_1 0.0627  loss_iou_scores_2 0.0626  loss_label 0.1133  loss_label_0 0.1443  loss_label_1 0.1278  loss_label_2 0.1171  loss_lcb_d1_bind 0.3084  loss_lcb_drop 0.0006  loss_lcb_late_bind 0.0666  loss_lcb_owner_cons 0.0027  loss_mask_iou 0.0000  loss_mask_iou_0 1.8223  loss_mask_iou_1 1.8103  loss_mask_iou_2 1.8022  loss_overall 13.0228  loss_saliency 3.0149  loss_span 0.2740  loss_span_0 0.3219  loss_span_1 0.2864  loss_span_2 0.2786
2026-08-30 14:29:33,555 INFO Generate submissions
2026-08-30 14:29:38,177 INFO Saving/Evaluating before nms results
2026-08-30 14:29:41,975 INFO metrics_no_nms OrderedDict([   ('MR-full-R1@0.5', 65.68),
                ('MR-full-R1@0.7', 49.16),
                ('MR-full-mAP', 45.62),
                ('MR-full-mAP@0.5', 67.01),
                ('MR-full-mAP@0.75', 47.73),
                ('MR-long-mAP', 53.18),
                ('MR-middle-mAP', 47.53),
                ('MR-short-mAP', 9.52),
                ('HL-min-Fair-mAP', 76.36),
                ('HL-min-Fair-Hit1', 77.55),
                ('HL-min-Good-mAP', 65.26),
                ('HL-min-Good-Hit1', 75.42),
                ('HL-min-VeryGood-mAP', 39.99),
                ('HL-min-VeryGood-Hit1', 63.48)])
2026-08-30 14:29:42,453 INFO [Epoch 51]
2026-08-30 14:30:42,321 INFO Epoch[51] class_error 39.3435  class_error_0 58.7480  class_error_1 46.3751  class_error_2 40.8353  loss_giou 0.3349  loss_giou_0 0.4108  loss_giou_1 0.3570  loss_giou_2 0.3423  loss_iou_scores 0.0624  loss_iou_scores_0 0.0619  loss_iou_scores_1 0.0619  loss_iou_scores_2 0.0623  loss_label 0.1130  loss_label_0 0.1433  loss_label_1 0.1275  loss_label_2 0.1173  loss_lcb_d1_bind 0.3004  loss_lcb_drop 0.0007  loss_lcb_late_bind 0.0656  loss_lcb_owner_cons 0.0027  loss_mask_iou 0.0000  loss_mask_iou_0 1.7985  loss_mask_iou_1 1.7954  loss_mask_iou_2 1.7914  loss_overall 12.9268  loss_saliency 3.0187  loss_span 0.2690  loss_span_0 0.3160  loss_span_1 0.2789  loss_span_2 0.2716
2026-08-30 14:30:42,324 INFO Generate submissions
2026-08-30 14:30:46,750 INFO Saving/Evaluating before nms results
2026-08-30 14:30:50,498 INFO metrics_no_nms OrderedDict([   ('MR-full-R1@0.5', 67.16),
                ('MR-full-R1@0.7', 51.55),
                ('MR-full-mAP', 45.25),
                ('MR-full-mAP@0.5', 66.7),
                ('MR-full-mAP@0.75', 47.25),
                ('MR-long-mAP', 51.1),
                ('MR-middle-mAP', 47.62),
                ('MR-short-mAP', 11.44),
                ('HL-min-Fair-mAP', 77.0),
                ('HL-min-Fair-Hit1', 77.55),
                ('HL-min-Good-mAP', 65.96),
                ('HL-min-Good-Hit1', 75.29),
                ('HL-min-VeryGood-mAP', 40.35),
                ('HL-min-VeryGood-Hit1', 63.74)])
2026-08-30 14:30:51,040 INFO [Epoch 52]
2026-08-30 14:31:54,887 INFO Epoch[52] class_error 39.3892  class_error_0 57.1917  class_error_1 45.1731  class_error_2 40.3359  loss_giou 0.3312  loss_giou_0 0.4089  loss_giou_1 0.3560  loss_giou_2 0.3407  loss_iou_scores 0.0619  loss_iou_scores_0 0.0618  loss_iou_scores_1 0.0621  loss_iou_scores_2 0.0619  loss_label 0.1109  loss_label_0 0.1394  loss_label_1 0.1248  loss_label_2 0.1146  loss_lcb_d1_bind 0.2960  loss_lcb_drop 0.0008  loss_lcb_late_bind 0.0657  loss_lcb_owner_cons 0.0028  loss_mask_iou 0.0000  loss_mask_iou_0 1.7904  loss_mask_iou_1 1.7840  loss_mask_iou_2 1.7809  loss_overall 12.8453  loss_saliency 3.0028  loss_span 0.2641  loss_span_0 0.3145  loss_span_1 0.2780  loss_span_2 0.2690
2026-08-30 14:31:54,890 INFO Generate submissions
2026-08-30 14:32:00,802 INFO Saving/Evaluating before nms results
2026-08-30 14:32:05,404 INFO metrics_no_nms OrderedDict([   ('MR-full-R1@0.5', 65.03),
                ('MR-full-R1@0.7', 50.0),
                ('MR-full-mAP', 45.61),
                ('MR-full-mAP@0.5', 66.4),
                ('MR-full-mAP@0.75', 47.45),
                ('MR-long-mAP', 52.18),
                ('MR-middle-mAP', 48.11),
                ('MR-short-mAP', 9.83),
                ('HL-min-Fair-mAP', 76.7),
                ('HL-min-Fair-Hit1', 78.26),
                ('HL-min-Good-mAP', 65.51),
                ('HL-min-Good-Hit1', 76.32),
                ('HL-min-VeryGood-mAP', 40.15),
                ('HL-min-VeryGood-Hit1', 64.32)])
2026-08-30 14:32:05,773 INFO [Epoch 53]
2026-08-30 14:33:12,722 INFO Epoch[53] class_error 40.1468  class_error_0 56.3718  class_error_1 44.5217  class_error_2 40.9034  loss_giou 0.3337  loss_giou_0 0.4061  loss_giou_1 0.3578  loss_giou_2 0.3421  loss_iou_scores 0.0639  loss_iou_scores_0 0.0634  loss_iou_scores_1 0.0635  loss_iou_scores_2 0.0639  loss_label 0.1115  loss_label_0 0.1394  loss_label_1 0.1239  loss_label_2 0.1154  loss_lcb_d1_bind 0.2986  loss_lcb_drop 0.0007  loss_lcb_late_bind 0.0663  loss_lcb_owner_cons 0.0026  loss_mask_iou 0.0000  loss_mask_iou_0 1.7774  loss_mask_iou_1 1.7705  loss_mask_iou_2 1.7662  loss_overall 12.8514  loss_saliency 3.0196  loss_span 0.2682  loss_span_0 0.3162  loss_span_1 0.2827  loss_span_2 0.2728
2026-08-30 14:33:12,725 INFO Generate submissions
2026-08-30 14:33:17,486 INFO Saving/Evaluating before nms results
2026-08-30 14:33:21,379 INFO metrics_no_nms OrderedDict([   ('MR-full-R1@0.5', 65.42),
                ('MR-full-R1@0.7', 51.42),
                ('MR-full-mAP', 45.69),
                ('MR-full-mAP@0.5', 65.95),
                ('MR-full-mAP@0.75', 47.39),
                ('MR-long-mAP', 50.82),
                ('MR-middle-mAP', 48.25),
                ('MR-short-mAP', 11.41),
                ('HL-min-Fair-mAP', 76.67),
                ('HL-min-Fair-Hit1', 77.48),
                ('HL-min-Good-mAP', 65.6),
                ('HL-min-Good-Hit1', 75.48),
                ('HL-min-VeryGood-mAP', 40.08),
                ('HL-min-VeryGood-Hit1', 64.0)])
2026-08-30 14:33:22,114 INFO [Epoch 54]
2026-08-30 14:34:28,267 INFO Epoch[54] class_error 38.6026  class_error_0 54.8675  class_error_1 44.6355  class_error_2 40.0364  loss_giou 0.3346  loss_giou_0 0.4116  loss_giou_1 0.3566  loss_giou_2 0.3412  loss_iou_scores 0.0611  loss_iou_scores_0 0.0607  loss_iou_scores_1 0.0620  loss_iou_scores_2 0.0621  loss_label 0.1096  loss_label_0 0.1373  loss_label_1 0.1244  loss_label_2 0.1143  loss_lcb_d1_bind 0.2987  loss_lcb_drop 0.0008  loss_lcb_late_bind 0.0655  loss_lcb_owner_cons 0.0028  loss_mask_iou 0.0000  loss_mask_iou_0 1.7925  loss_mask_iou_1 1.7818  loss_mask_iou_2 1.7845  loss_overall 12.8667  loss_saliency 3.0075  loss_span 0.2689  loss_span_0 0.3174  loss_span_1 0.2796  loss_span_2 0.2727
2026-08-30 14:34:28,271 INFO Generate submissions
2026-08-30 14:34:33,480 INFO Saving/Evaluating before nms results
2026-08-30 14:34:37,358 INFO metrics_no_nms OrderedDict([   ('MR-full-R1@0.5', 65.55),
                ('MR-full-R1@0.7', 51.35),
                ('MR-full-mAP', 44.41),
                ('MR-full-mAP@0.5', 66.08),
                ('MR-full-mAP@0.75', 46.47),
                ('MR-long-mAP', 49.81),
                ('MR-middle-mAP', 47.06),
                ('MR-short-mAP', 11.17),
                ('HL-min-Fair-mAP', 77.28),
                ('HL-min-Fair-Hit1', 79.35),
                ('HL-min-Good-mAP', 66.31),
                ('HL-min-Good-Hit1', 77.29),
                ('HL-min-VeryGood-mAP', 40.61),
                ('HL-min-VeryGood-Hit1', 65.16)])
2026-08-30 14:34:37,685 INFO [Epoch 55]
2026-08-30 14:35:44,074 INFO Epoch[55] class_error 39.5110  class_error_0 54.4659  class_error_1 45.2114  class_error_2 39.8962  loss_giou 0.3321  loss_giou_0 0.4066  loss_giou_1 0.3555  loss_giou_2 0.3410  loss_iou_scores 0.0612  loss_iou_scores_0 0.0608  loss_iou_scores_1 0.0613  loss_iou_scores_2 0.0614  loss_label 0.1104  loss_label_0 0.1380  loss_label_1 0.1250  loss_label_2 0.1147  loss_lcb_d1_bind 0.3037  loss_lcb_drop 0.0007  loss_lcb_late_bind 0.0665  loss_lcb_owner_cons 0.0028  loss_mask_iou 0.0000  loss_mask_iou_0 1.7677  loss_mask_iou_1 1.7612  loss_mask_iou_2 1.7602  loss_overall 12.7824  loss_saliency 2.9966  loss_span 0.2685  loss_span_0 0.3151  loss_span_1 0.2802  loss_span_2 0.2729
2026-08-30 14:35:44,076 INFO Generate submissions
2026-08-30 14:35:48,844 INFO Saving/Evaluating before nms results
2026-08-30 14:35:52,741 INFO metrics_no_nms OrderedDict([   ('MR-full-R1@0.5', 65.74),
                ('MR-full-R1@0.7', 51.03),
                ('MR-full-mAP', 46.21),
                ('MR-full-mAP@0.5', 66.7),
                ('MR-full-mAP@0.75', 48.67),
                ('MR-long-mAP', 54.99),
                ('MR-middle-mAP', 48.1),
                ('MR-short-mAP', 9.15),
                ('HL-min-Fair-mAP', 76.26),
                ('HL-min-Fair-Hit1', 77.94),
                ('HL-min-Good-mAP', 65.46),
                ('HL-min-Good-Hit1', 76.19),
                ('HL-min-VeryGood-mAP', 40.03),
                ('HL-min-VeryGood-Hit1', 64.77)])
2026-08-30 14:35:53,101 INFO [Best] epoch 55, MR-full-mAP 46.2100
2026-08-30 14:35:53,435 INFO [Epoch 56]
2026-08-30 14:36:57,867 INFO Epoch[56] class_error 39.0717  class_error_0 54.7232  class_error_1 45.7574  class_error_2 39.9067  loss_giou 0.3315  loss_giou_0 0.4096  loss_giou_1 0.3539  loss_giou_2 0.3393  loss_iou_scores 0.0616  loss_iou_scores_0 0.0604  loss_iou_scores_1 0.0626  loss_iou_scores_2 0.0621  loss_label 0.1090  loss_label_0 0.1373  loss_label_1 0.1236  loss_label_2 0.1131  loss_lcb_d1_bind 0.2981  loss_lcb_drop 0.0008  loss_lcb_late_bind 0.0657  loss_lcb_owner_cons 0.0027  loss_mask_iou 0.0000  loss_mask_iou_0 1.7655  loss_mask_iou_1 1.7571  loss_mask_iou_2 1.7568  loss_overall 12.7572  loss_saliency 2.9991  loss_span 0.2658  loss_span_0 0.3163  loss_span_1 0.2771  loss_span_2 0.2687
2026-08-30 14:36:57,870 INFO Generate submissions
2026-08-30 14:37:02,726 INFO Saving/Evaluating before nms results
2026-08-30 14:37:07,009 INFO metrics_no_nms OrderedDict([   ('MR-full-R1@0.5', 66.26),
                ('MR-full-R1@0.7', 50.77),
                ('MR-full-mAP', 46.45),
                ('MR-full-mAP@0.5', 67.06),
                ('MR-full-mAP@0.75', 48.56),
                ('MR-long-mAP', 52.44),
                ('MR-middle-mAP', 49.36),
                ('MR-short-mAP', 10.47),
                ('HL-min-Fair-mAP', 76.74),
                ('HL-min-Fair-Hit1', 78.45),
                ('HL-min-Good-mAP', 65.76),
                ('HL-min-Good-Hit1', 76.58),
                ('HL-min-VeryGood-mAP', 40.23),
                ('HL-min-VeryGood-Hit1', 65.16)])
2026-08-30 14:37:07,384 INFO [Best] epoch 56, MR-full-mAP 46.4500
2026-08-30 14:37:08,103 INFO [Epoch 57]
2026-08-30 14:38:11,750 INFO Epoch[57] class_error 37.7297  class_error_0 53.9570  class_error_1 43.1373  class_error_2 39.4501  loss_giou 0.3272  loss_giou_0 0.4062  loss_giou_1 0.3504  loss_giou_2 0.3348  loss_iou_scores 0.0611  loss_iou_scores_0 0.0605  loss_iou_scores_1 0.0606  loss_iou_scores_2 0.0614  loss_label 0.1089  loss_label_0 0.1361  loss_label_1 0.1209  loss_label_2 0.1131  loss_lcb_d1_bind 0.2926  loss_lcb_drop 0.0008  loss_lcb_late_bind 0.0653  loss_lcb_owner_cons 0.0028  loss_mask_iou 0.0000  loss_mask_iou_0 1.7614  loss_mask_iou_1 1.7549  loss_mask_iou_2 1.7433  loss_overall 12.6757  loss_saliency 2.9924  loss_span 0.2591  loss_span_0 0.3122  loss_span_1 0.2710  loss_span_2 0.2621
2026-08-30 14:38:11,754 INFO Generate submissions
2026-08-30 14:38:16,429 INFO Saving/Evaluating before nms results
2026-08-30 14:38:20,448 INFO metrics_no_nms OrderedDict([   ('MR-full-R1@0.5', 66.65),
                ('MR-full-R1@0.7', 52.58),
                ('MR-full-mAP', 46.9),
                ('MR-full-mAP@0.5', 66.35),
                ('MR-full-mAP@0.75', 49.21),
                ('MR-long-mAP', 53.98),
                ('MR-middle-mAP', 49.25),
                ('MR-short-mAP', 10.11),
                ('HL-min-Fair-mAP', 77.25),
                ('HL-min-Fair-Hit1', 79.23),
                ('HL-min-Good-mAP', 66.26),
                ('HL-min-Good-Hit1', 77.42),
                ('HL-min-VeryGood-mAP', 40.68),
                ('HL-min-VeryGood-Hit1', 66.52)])
2026-08-30 14:38:21,121 INFO [Best] epoch 57, MR-full-mAP 46.9000
2026-08-30 14:38:21,576 INFO [Epoch 58]
2026-08-30 14:39:25,866 INFO Epoch[58] class_error 38.3283  class_error_0 52.8396  class_error_1 42.7296  class_error_2 39.4499  loss_giou 0.3270  loss_giou_0 0.4062  loss_giou_1 0.3529  loss_giou_2 0.3357  loss_iou_scores 0.0613  loss_iou_scores_0 0.0616  loss_iou_scores_1 0.0611  loss_iou_scores_2 0.0616  loss_label 0.1088  loss_label_0 0.1342  loss_label_1 0.1204  loss_label_2 0.1125  loss_lcb_d1_bind 0.2905  loss_lcb_drop 0.0007  loss_lcb_late_bind 0.0645  loss_lcb_owner_cons 0.0027  loss_mask_iou 0.0000  loss_mask_iou_0 1.7508  loss_mask_iou_1 1.7511  loss_mask_iou_2 1.7404  loss_overall 12.6554  loss_saliency 2.9894  loss_span 0.2590  loss_span_0 0.3116  loss_span_1 0.2733  loss_span_2 0.2635
2026-08-30 14:39:25,870 INFO Generate submissions
2026-08-30 14:39:30,957 INFO Saving/Evaluating before nms results
2026-08-30 14:39:34,895 INFO metrics_no_nms OrderedDict([   ('MR-full-R1@0.5', 66.9),
                ('MR-full-R1@0.7', 51.61),
                ('MR-full-mAP', 46.48),
                ('MR-full-mAP@0.5', 67.39),
                ('MR-full-mAP@0.75', 48.12),
                ('MR-long-mAP', 54.35),
                ('MR-middle-mAP', 48.39),
                ('MR-short-mAP', 10.59),
                ('HL-min-Fair-mAP', 76.6),
                ('HL-min-Fair-Hit1', 78.71),
                ('HL-min-Good-mAP', 65.68),
                ('HL-min-Good-Hit1', 77.03),
                ('HL-min-VeryGood-mAP', 40.36),
                ('HL-min-VeryGood-Hit1', 66.0)])
2026-08-30 14:39:35,545 INFO [Epoch 59]
2026-08-30 14:40:40,551 INFO Epoch[59] class_error 37.0138  class_error_0 51.3896  class_error_1 42.3105  class_error_2 37.8856  loss_giou 0.3271  loss_giou_0 0.4010  loss_giou_1 0.3495  loss_giou_2 0.3345  loss_iou_scores 0.0607  loss_iou_scores_0 0.0606  loss_iou_scores_1 0.0612  loss_iou_scores_2 0.0610  loss_label 0.1064  loss_label_0 0.1329  loss_label_1 0.1197  loss_label_2 0.1107  loss_lcb_d1_bind 0.2876  loss_lcb_drop 0.0008  loss_lcb_late_bind 0.0641  loss_lcb_owner_cons 0.0027  loss_mask_iou 0.0000  loss_mask_iou_0 1.7436  loss_mask_iou_1 1.7315  loss_mask_iou_2 1.7329  loss_overall 12.5894  loss_saliency 2.9898  loss_span 0.2563  loss_span_0 0.3082  loss_span_1 0.2704  loss_span_2 0.2610
2026-08-30 14:40:40,554 INFO Generate submissions
2026-08-30 14:40:45,626 INFO Saving/Evaluating before nms results
2026-08-30 14:40:49,177 INFO metrics_no_nms OrderedDict([   ('MR-full-R1@0.5', 67.68),
                ('MR-full-R1@0.7', 51.29),
                ('MR-full-mAP', 47.49),
                ('MR-full-mAP@0.5', 68.44),
                ('MR-full-mAP@0.75', 49.38),
                ('MR-long-mAP', 56.56),
                ('MR-middle-mAP', 48.75),
                ('MR-short-mAP', 10.09),
                ('HL-min-Fair-mAP', 76.01),
                ('HL-min-Fair-Hit1', 76.13),
                ('HL-min-Good-mAP', 64.95),
                ('HL-min-Good-Hit1', 74.39),
                ('HL-min-VeryGood-mAP', 39.71),
                ('HL-min-VeryGood-Hit1', 62.97)])
2026-08-30 14:40:49,519 INFO [Best] epoch 59, MR-full-mAP 47.4900
2026-08-30 14:40:49,757 INFO [Epoch 60]
2026-08-30 14:41:54,024 INFO Epoch[60] class_error 37.4122  class_error_0 51.0971  class_error_1 42.0083  class_error_2 38.2703  loss_giou 0.3255  loss_giou_0 0.4042  loss_giou_1 0.3501  loss_giou_2 0.3345  loss_iou_scores 0.0615  loss_iou_scores_0 0.0599  loss_iou_scores_1 0.0610  loss_iou_scores_2 0.0612  loss_label 0.1069  loss_label_0 0.1320  loss_label_1 0.1195  loss_label_2 0.1103  loss_lcb_d1_bind 0.2893  loss_lcb_drop 0.0007  loss_lcb_late_bind 0.0643  loss_lcb_owner_cons 0.0027  loss_mask_iou 0.0000  loss_mask_iou_0 1.7483  loss_mask_iou_1 1.7322  loss_mask_iou_2 1.7214  loss_overall 12.6020  loss_saliency 2.9944  loss_span 0.2579  loss_span_0 0.3114  loss_span_1 0.2732  loss_span_2 0.2624
2026-08-30 14:41:54,027 INFO Generate submissions
2026-08-30 14:41:58,640 INFO Saving/Evaluating before nms results
2026-08-30 14:42:02,255 INFO metrics_no_nms OrderedDict([   ('MR-full-R1@0.5', 66.65),
                ('MR-full-R1@0.7', 50.84),
                ('MR-full-mAP', 46.3),
                ('MR-full-mAP@0.5', 67.48),
                ('MR-full-mAP@0.75', 48.3),
                ('MR-long-mAP', 53.61),
                ('MR-middle-mAP', 48.21),
                ('MR-short-mAP', 10.44),
                ('HL-min-Fair-mAP', 76.26),
                ('HL-min-Fair-Hit1', 77.87),
                ('HL-min-Good-mAP', 65.44),
                ('HL-min-Good-Hit1', 75.94),
                ('HL-min-VeryGood-mAP', 40.22),
                ('HL-min-VeryGood-Hit1', 65.23)])
2026-08-30 14:42:02,542 INFO [Epoch 61]
2026-08-30 14:43:08,509 INFO Epoch[61] class_error 36.5857  class_error_0 50.5068  class_error_1 41.3781  class_error_2 37.2617  loss_giou 0.3249  loss_giou_0 0.4076  loss_giou_1 0.3492  loss_giou_2 0.3340  loss_iou_scores 0.0604  loss_iou_scores_0 0.0599  loss_iou_scores_1 0.0602  loss_iou_scores_2 0.0604  loss_label 0.1057  loss_label_0 0.1310  loss_label_1 0.1180  loss_label_2 0.1091  loss_lcb_d1_bind 0.2874  loss_lcb_drop 0.0007  loss_lcb_late_bind 0.0642  loss_lcb_owner_cons 0.0028  loss_mask_iou 0.0000  loss_mask_iou_0 1.7313  loss_mask_iou_1 1.7289  loss_mask_iou_2 1.7220  loss_overall 12.5625  loss_saliency 2.9890  loss_span 0.2571  loss_span_0 0.3085  loss_span_1 0.2714  loss_span_2 0.2612
2026-08-30 14:43:08,513 INFO Generate submissions
2026-08-30 14:43:13,525 INFO Saving/Evaluating before nms results
2026-08-30 14:43:17,312 INFO metrics_no_nms OrderedDict([   ('MR-full-R1@0.5', 66.45),
                ('MR-full-R1@0.7', 51.35),
                ('MR-full-mAP', 46.18),
                ('MR-full-mAP@0.5', 66.79),
                ('MR-full-mAP@0.75', 48.49),
                ('MR-long-mAP', 51.72),
                ('MR-middle-mAP', 48.51),
                ('MR-short-mAP', 12.3),
                ('HL-min-Fair-mAP', 76.81),
                ('HL-min-Fair-Hit1', 78.45),
                ('HL-min-Good-mAP', 65.77),
                ('HL-min-Good-Hit1', 76.52),
                ('HL-min-VeryGood-mAP', 40.35),
                ('HL-min-VeryGood-Hit1', 64.52)])
2026-08-30 14:43:17,716 INFO [Epoch 62]
2026-08-30 14:44:21,713 INFO Epoch[62] class_error 37.0550  class_error_0 50.2026  class_error_1 42.4744  class_error_2 38.2152  loss_giou 0.3201  loss_giou_0 0.4001  loss_giou_1 0.3431  loss_giou_2 0.3289  loss_iou_scores 0.0603  loss_iou_scores_0 0.0604  loss_iou_scores_1 0.0611  loss_iou_scores_2 0.0607  loss_label 0.1067  loss_label_0 0.1306  loss_label_1 0.1196  loss_label_2 0.1105  loss_lcb_d1_bind 0.2803  loss_lcb_drop 0.0008  loss_lcb_late_bind 0.0629  loss_lcb_owner_cons 0.0028  loss_mask_iou 0.0000  loss_mask_iou_0 1.7135  loss_mask_iou_1 1.6988  loss_mask_iou_2 1.6911  loss_overall 12.4270  loss_saliency 2.9806  loss_span 0.2518  loss_span_0 0.3043  loss_span_1 0.2666  loss_span_2 0.2564
2026-08-30 14:44:21,717 INFO Generate submissions
2026-08-30 14:44:26,427 INFO Saving/Evaluating before nms results
2026-08-30 14:44:30,143 INFO metrics_no_nms OrderedDict([   ('MR-full-R1@0.5', 65.81),
                ('MR-full-R1@0.7', 50.84),
                ('MR-full-mAP', 46.65),
                ('MR-full-mAP@0.5', 66.85),
                ('MR-full-mAP@0.75', 47.82),
                ('MR-long-mAP', 54.59),
                ('MR-middle-mAP', 48.02),
                ('MR-short-mAP', 11.06),
                ('HL-min-Fair-mAP', 76.36),
                ('HL-min-Fair-Hit1', 78.32),
                ('HL-min-Good-mAP', 65.26),
                ('HL-min-Good-Hit1', 76.26),
                ('HL-min-VeryGood-mAP', 40.02),
                ('HL-min-VeryGood-Hit1', 65.03)])
2026-08-30 14:44:30,693 INFO [Epoch 63]
2026-08-30 14:45:33,641 INFO Epoch[63] class_error 37.6318  class_error_0 50.7925  class_error_1 41.9652  class_error_2 39.3375  loss_giou 0.3193  loss_giou_0 0.4007  loss_giou_1 0.3450  loss_giou_2 0.3279  loss_iou_scores 0.0605  loss_iou_scores_0 0.0613  loss_iou_scores_1 0.0596  loss_iou_scores_2 0.0605  loss_label 0.1078  loss_label_0 0.1317  loss_label_1 0.1199  loss_label_2 0.1121  loss_lcb_d1_bind 0.2796  loss_lcb_drop 0.0008  loss_lcb_late_bind 0.0630  loss_lcb_owner_cons 0.0028  loss_mask_iou 0.0000  loss_mask_iou_0 1.7063  loss_mask_iou_1 1.6941  loss_mask_iou_2 1.6826  loss_overall 12.3987  loss_saliency 2.9752  loss_span 0.2509  loss_span_0 0.3070  loss_span_1 0.2659  loss_span_2 0.2553
2026-08-30 14:45:33,644 INFO Generate submissions
2026-08-30 14:45:38,409 INFO Saving/Evaluating before nms results
2026-08-30 14:45:42,158 INFO metrics_no_nms OrderedDict([   ('MR-full-R1@0.5', 67.23),
                ('MR-full-R1@0.7', 52.65),
                ('MR-full-mAP', 47.45),
                ('MR-full-mAP@0.5', 67.28),
                ('MR-full-mAP@0.75', 49.75),
                ('MR-long-mAP', 54.27),
                ('MR-middle-mAP', 49.31),
                ('MR-short-mAP', 11.44),
                ('HL-min-Fair-mAP', 76.39),
                ('HL-min-Fair-Hit1', 76.65),
                ('HL-min-Good-mAP', 65.24),
                ('HL-min-Good-Hit1', 74.52),
                ('HL-min-VeryGood-mAP', 39.8),
                ('HL-min-VeryGood-Hit1', 62.52)])
2026-08-30 14:45:42,450 INFO [Epoch 64]
2026-08-30 14:46:49,051 INFO Epoch[64] class_error 37.2611  class_error_0 50.5363  class_error_1 42.3390  class_error_2 38.6565  loss_giou 0.3207  loss_giou_0 0.4000  loss_giou_1 0.3446  loss_giou_2 0.3288  loss_iou_scores 0.0613  loss_iou_scores_0 0.0609  loss_iou_scores_1 0.0616  loss_iou_scores_2 0.0620  loss_label 0.1065  loss_label_0 0.1314  loss_label_1 0.1190  loss_label_2 0.1106  loss_lcb_d1_bind 0.2868  loss_lcb_drop 0.0008  loss_lcb_late_bind 0.0643  loss_lcb_owner_cons 0.0029  loss_mask_iou 0.0000  loss_mask_iou_0 1.7152  loss_mask_iou_1 1.7072  loss_mask_iou_2 1.6946  loss_overall 12.4668  loss_saliency 2.9927  loss_span 0.2531  loss_span_0 0.3039  loss_span_1 0.2676  loss_span_2 0.2570
2026-08-30 14:46:49,059 INFO Generate submissions
2026-08-30 14:46:54,211 INFO Saving/Evaluating before nms results
2026-08-30 14:46:57,835 INFO metrics_no_nms OrderedDict([   ('MR-full-R1@0.5', 66.06),
                ('MR-full-R1@0.7', 51.55),
                ('MR-full-mAP', 45.84),
                ('MR-full-mAP@0.5', 66.71),
                ('MR-full-mAP@0.75', 48.42),
                ('MR-long-mAP', 51.97),
                ('MR-middle-mAP', 47.38),
                ('MR-short-mAP', 12.79),
                ('HL-min-Fair-mAP', 76.72),
                ('HL-min-Fair-Hit1', 79.23),
                ('HL-min-Good-mAP', 65.6),
                ('HL-min-Good-Hit1', 77.16),
                ('HL-min-VeryGood-mAP', 40.15),
                ('HL-min-VeryGood-Hit1', 65.87)])
2026-08-30 14:46:58,123 INFO [Epoch 65]
2026-08-30 14:48:02,959 INFO Epoch[65] class_error 37.0623  class_error_0 50.0475  class_error_1 42.0195  class_error_2 37.8105  loss_giou 0.3245  loss_giou_0 0.4032  loss_giou_1 0.3469  loss_giou_2 0.3316  loss_iou_scores 0.0588  loss_iou_scores_0 0.0612  loss_iou_scores_1 0.0597  loss_iou_scores_2 0.0597  loss_label 0.1065  loss_label_0 0.1301  loss_label_1 0.1188  loss_label_2 0.1103  loss_lcb_d1_bind 0.2843  loss_lcb_drop 0.0008  loss_lcb_late_bind 0.0639  loss_lcb_owner_cons 0.0029  loss_mask_iou 0.0000  loss_mask_iou_0 1.7252  loss_mask_iou_1 1.7198  loss_mask_iou_2 1.7128  loss_overall 12.5062  loss_saliency 2.9817  loss_span 0.2552  loss_span_0 0.3082  loss_span_1 0.2705  loss_span_2 0.2606
2026-08-30 14:48:02,962 INFO Generate submissions
2026-08-30 14:48:07,490 INFO Saving/Evaluating before nms results
2026-08-30 14:48:11,175 INFO metrics_no_nms OrderedDict([   ('MR-full-R1@0.5', 66.97),
                ('MR-full-R1@0.7', 52.19),
                ('MR-full-mAP', 46.61),
                ('MR-full-mAP@0.5', 66.86),
                ('MR-full-mAP@0.75', 48.46),
                ('MR-long-mAP', 52.48),
                ('MR-middle-mAP', 48.84),
                ('MR-short-mAP', 11.78),
                ('HL-min-Fair-mAP', 76.92),
                ('HL-min-Fair-Hit1', 78.19),
                ('HL-min-Good-mAP', 65.83),
                ('HL-min-Good-Hit1', 76.06),
                ('HL-min-VeryGood-mAP', 40.4),
                ('HL-min-VeryGood-Hit1', 64.84)])
2026-08-30 14:48:11,432 INFO [Epoch 66]
2026-08-30 14:49:16,848 INFO Epoch[66] class_error 36.8386  class_error_0 49.9350  class_error_1 41.1023  class_error_2 38.1901  loss_giou 0.3237  loss_giou_0 0.4041  loss_giou_1 0.3476  loss_giou_2 0.3319  loss_iou_scores 0.0583  loss_iou_scores_0 0.0605  loss_iou_scores_1 0.0585  loss_iou_scores_2 0.0596  loss_label 0.1055  loss_label_0 0.1293  loss_label_1 0.1174  loss_label_2 0.1092  loss_lcb_d1_bind 0.2892  loss_lcb_drop 0.0007  loss_lcb_late_bind 0.0645  loss_lcb_owner_cons 0.0028  loss_mask_iou 0.0000  loss_mask_iou_0 1.7216  loss_mask_iou_1 1.7131  loss_mask_iou_2 1.7054  loss_overall 12.4694  loss_saliency 2.9758  loss_span 0.2515  loss_span_0 0.3049  loss_span_1 0.2656  loss_span_2 0.2557
2026-08-30 14:49:16,851 INFO Generate submissions
2026-08-30 14:49:21,828 INFO Saving/Evaluating before nms results
2026-08-30 14:49:25,457 INFO metrics_no_nms OrderedDict([   ('MR-full-R1@0.5', 65.16),
                ('MR-full-R1@0.7', 49.68),
                ('MR-full-mAP', 43.22),
                ('MR-full-mAP@0.5', 65.7),
                ('MR-full-mAP@0.75', 45.11),
                ('MR-long-mAP', 48.37),
                ('MR-middle-mAP', 44.95),
                ('MR-short-mAP', 12.09),
                ('HL-min-Fair-mAP', 77.52),
                ('HL-min-Fair-Hit1', 79.1),
                ('HL-min-Good-mAP', 66.56),
                ('HL-min-Good-Hit1', 77.16),
                ('HL-min-VeryGood-mAP', 40.84),
                ('HL-min-VeryGood-Hit1', 65.55)])
2026-08-30 14:49:25,782 INFO [Epoch 67]
2026-08-30 14:50:30,930 INFO Epoch[67] class_error 35.9710  class_error_0 47.4856  class_error_1 40.3726  class_error_2 36.8818  loss_giou 0.3229  loss_giou_0 0.4049  loss_giou_1 0.3469  loss_giou_2 0.3315  loss_iou_scores 0.0599  loss_iou_scores_0 0.0595  loss_iou_scores_1 0.0591  loss_iou_scores_2 0.0601  loss_label 0.1042  loss_label_0 0.1274  loss_label_1 0.1157  loss_label_2 0.1079  loss_lcb_d1_bind 0.2909  loss_lcb_drop 0.0008  loss_lcb_late_bind 0.0649  loss_lcb_owner_cons 0.0029  loss_mask_iou 0.0000  loss_mask_iou_0 1.7084  loss_mask_iou_1 1.6919  loss_mask_iou_2 1.6870  loss_overall 12.4275  loss_saliency 2.9750  loss_span 0.2560  loss_span_0 0.3109  loss_span_1 0.2706  loss_span_2 0.2607
2026-08-30 14:50:30,933 INFO Generate submissions
2026-08-30 14:50:35,873 INFO Saving/Evaluating before nms results
2026-08-30 14:50:39,630 INFO metrics_no_nms OrderedDict([   ('MR-full-R1@0.5', 67.35),
                ('MR-full-R1@0.7', 52.58),
                ('MR-full-mAP', 47.16),
                ('MR-full-mAP@0.5', 67.38),
                ('MR-full-mAP@0.75', 48.95),
                ('MR-long-mAP', 53.43),
                ('MR-middle-mAP', 49.26),
                ('MR-short-mAP', 11.17),
                ('HL-min-Fair-mAP', 76.93),
                ('HL-min-Fair-Hit1', 77.03),
                ('HL-min-Good-mAP', 65.74),
                ('HL-min-Good-Hit1', 75.03),
                ('HL-min-VeryGood-mAP', 40.08),
                ('HL-min-VeryGood-Hit1', 62.77)])
2026-08-30 14:50:40,600 INFO [Epoch 68]
2026-08-30 14:51:46,015 INFO Epoch[68] class_error 35.3268  class_error_0 47.1044  class_error_1 40.5847  class_error_2 35.7508  loss_giou 0.3194  loss_giou_0 0.4035  loss_giou_1 0.3466  loss_giou_2 0.3278  loss_iou_scores 0.0569  loss_iou_scores_0 0.0577  loss_iou_scores_1 0.0565  loss_iou_scores_2 0.0581  loss_label 0.1031  loss_label_0 0.1262  loss_label_1 0.1148  loss_label_2 0.1065  loss_lcb_d1_bind 0.2824  loss_lcb_drop 0.0008  loss_lcb_late_bind 0.0632  loss_lcb_owner_cons 0.0029  loss_mask_iou 0.0000  loss_mask_iou_0 1.7046  loss_mask_iou_1 1.6881  loss_mask_iou_2 1.6794  loss_overall 12.3379  loss_saliency 2.9650  loss_span 0.2483  loss_span_0 0.3020  loss_span_1 0.2636  loss_span_2 0.2534
2026-08-30 14:51:46,018 INFO Generate submissions
2026-08-30 14:51:50,729 INFO Saving/Evaluating before nms results
2026-08-30 14:51:54,466 INFO metrics_no_nms OrderedDict([   ('MR-full-R1@0.5', 66.58),
                ('MR-full-R1@0.7', 51.23),
                ('MR-full-mAP', 46.47),
                ('MR-full-mAP@0.5', 66.93),
                ('MR-full-mAP@0.75', 48.42),
                ('MR-long-mAP', 52.86),
                ('MR-middle-mAP', 48.93),
                ('MR-short-mAP', 10.67),
                ('HL-min-Fair-mAP', 76.98),
                ('HL-min-Fair-Hit1', 78.0),
                ('HL-min-Good-mAP', 65.8),
                ('HL-min-Good-Hit1', 75.74),
                ('HL-min-VeryGood-mAP', 40.18),
                ('HL-min-VeryGood-Hit1', 64.0)])
2026-08-30 14:51:54,971 INFO [Epoch 69]
2026-08-30 14:52:59,283 INFO Epoch[69] class_error 34.8491  class_error_0 46.8019  class_error_1 39.8404  class_error_2 36.0189  loss_giou 0.3148  loss_giou_0 0.3937  loss_giou_1 0.3408  loss_giou_2 0.3228  loss_iou_scores 0.0576  loss_iou_scores_0 0.0584  loss_iou_scores_1 0.0574  loss_iou_scores_2 0.0588  loss_label 0.1021  loss_label_0 0.1252  loss_label_1 0.1151  loss_label_2 0.1071  loss_lcb_d1_bind 0.2749  loss_lcb_drop 0.0008  loss_lcb_late_bind 0.0620  loss_lcb_owner_cons 0.0027  loss_mask_iou 0.0000  loss_mask_iou_0 1.6872  loss_mask_iou_1 1.6637  loss_mask_iou_2 1.6601  loss_overall 12.2411  loss_saliency 2.9662  loss_span 0.2479  loss_span_0 0.2997  loss_span_1 0.2632  loss_span_2 0.2523
2026-08-30 14:52:59,286 INFO Generate submissions
2026-08-30 14:53:03,940 INFO Saving/Evaluating before nms results
2026-08-30 14:53:07,682 INFO metrics_no_nms OrderedDict([   ('MR-full-R1@0.5', 65.87),
                ('MR-full-R1@0.7', 50.77),
                ('MR-full-mAP', 47.35),
                ('MR-full-mAP@0.5', 67.26),
                ('MR-full-mAP@0.75', 49.06),
                ('MR-long-mAP', 56.75),
                ('MR-middle-mAP', 47.7),
                ('MR-short-mAP', 10.48),
                ('HL-min-Fair-mAP', 76.68),
                ('HL-min-Fair-Hit1', 78.9),
                ('HL-min-Good-mAP', 65.45),
                ('HL-min-Good-Hit1', 76.97),
                ('HL-min-VeryGood-mAP', 39.96),
                ('HL-min-VeryGood-Hit1', 65.42)])
2026-08-30 14:53:08,302 INFO [Epoch 70]
2026-08-30 14:54:12,704 INFO Epoch[70] class_error 34.9269  class_error_0 45.3506  class_error_1 39.0322  class_error_2 35.9399  loss_giou 0.3181  loss_giou_0 0.3988  loss_giou_1 0.3415  loss_giou_2 0.3270  loss_iou_scores 0.0580  loss_iou_scores_0 0.0594  loss_iou_scores_1 0.0583  loss_iou_scores_2 0.0587  loss_label 0.1020  loss_label_0 0.1249  loss_label_1 0.1133  loss_label_2 0.1060  loss_lcb_d1_bind 0.2754  loss_lcb_drop 0.0009  loss_lcb_late_bind 0.0625  loss_lcb_owner_cons 0.0029  loss_mask_iou 0.0000  loss_mask_iou_0 1.6856  loss_mask_iou_1 1.6802  loss_mask_iou_2 1.6712  loss_overall 12.2809  loss_saliency 2.9710  loss_span 0.2461  loss_span_0 0.2995  loss_span_1 0.2604  loss_span_2 0.2505
2026-08-30 14:54:12,706 INFO Generate submissions
2026-08-30 14:54:17,568 INFO Saving/Evaluating before nms results
2026-08-30 14:54:21,218 INFO metrics_no_nms OrderedDict([   ('MR-full-R1@0.5', 66.26),
                ('MR-full-R1@0.7', 50.13),
                ('MR-full-mAP', 45.58),
                ('MR-full-mAP@0.5', 66.36),
                ('MR-full-mAP@0.75', 46.68),
                ('MR-long-mAP', 51.89),
                ('MR-middle-mAP', 47.15),
                ('MR-short-mAP', 12.19),
                ('HL-min-Fair-mAP', 76.77),
                ('HL-min-Fair-Hit1', 77.68),
                ('HL-min-Good-mAP', 65.86),
                ('HL-min-Good-Hit1', 75.81),
                ('HL-min-VeryGood-mAP', 40.29),
                ('HL-min-VeryGood-Hit1', 64.84)])
2026-08-30 14:54:21,499 INFO [Epoch 71]
2026-08-30 14:55:27,650 INFO Epoch[71] class_error 35.1728  class_error_0 47.7982  class_error_1 40.6989  class_error_2 36.5028  loss_giou 0.3136  loss_giou_0 0.3936  loss_giou_1 0.3383  loss_giou_2 0.3204  loss_iou_scores 0.0589  loss_iou_scores_0 0.0608  loss_iou_scores_1 0.0596  loss_iou_scores_2 0.0601  loss_label 0.1033  loss_label_0 0.1262  loss_label_1 0.1158  loss_label_2 0.1079  loss_lcb_d1_bind 0.2779  loss_lcb_drop 0.0008  loss_lcb_late_bind 0.0625  loss_lcb_owner_cons 0.0028  loss_mask_iou 0.0000  loss_mask_iou_0 1.6747  loss_mask_iou_1 1.6606  loss_mask_iou_2 1.6439  loss_overall 12.2030  loss_saliency 2.9664  loss_span 0.2450  loss_span_0 0.2970  loss_span_1 0.2583  loss_span_2 0.2497
2026-08-30 14:55:27,653 INFO Generate submissions
2026-08-30 14:55:32,607 INFO Saving/Evaluating before nms results
2026-08-30 14:55:36,467 INFO metrics_no_nms OrderedDict([   ('MR-full-R1@0.5', 66.84),
                ('MR-full-R1@0.7', 51.74),
                ('MR-full-mAP', 45.26),
                ('MR-full-mAP@0.5', 67.75),
                ('MR-full-mAP@0.75', 47.41),
                ('MR-long-mAP', 54.67),
                ('MR-middle-mAP', 45.43),
                ('MR-short-mAP', 10.93),
                ('HL-min-Fair-mAP', 76.75),
                ('HL-min-Fair-Hit1', 77.87),
                ('HL-min-Good-mAP', 65.56),
                ('HL-min-Good-Hit1', 75.94),
                ('HL-min-VeryGood-mAP', 40.31),
                ('HL-min-VeryGood-Hit1', 64.32)])
2026-08-30 14:55:36,762 INFO [Epoch 72]
2026-08-30 14:56:41,581 INFO Epoch[72] class_error 34.3580  class_error_0 45.7081  class_error_1 39.9420  class_error_2 35.7258  loss_giou 0.3154  loss_giou_0 0.4007  loss_giou_1 0.3404  loss_giou_2 0.3248  loss_iou_scores 0.0581  loss_iou_scores_0 0.0584  loss_iou_scores_1 0.0587  loss_iou_scores_2 0.0580  loss_label 0.1021  loss_label_0 0.1245  loss_label_1 0.1150  loss_label_2 0.1063  loss_lcb_d1_bind 0.2842  loss_lcb_drop 0.0007  loss_lcb_late_bind 0.0625  loss_lcb_owner_cons 0.0028  loss_mask_iou 0.0000  loss_mask_iou_0 1.6720  loss_mask_iou_1 1.6647  loss_mask_iou_2 1.6542  loss_overall 12.2324  loss_saliency 2.9648  loss_span 0.2457  loss_span_0 0.3016  loss_span_1 0.2594  loss_span_2 0.2504
2026-08-30 14:56:41,584 INFO Generate submissions
2026-08-30 14:56:46,424 INFO Saving/Evaluating before nms results
2026-08-30 14:56:50,020 INFO metrics_no_nms OrderedDict([   ('MR-full-R1@0.5', 66.71),
                ('MR-full-R1@0.7', 51.16),
                ('MR-full-mAP', 45.37),
                ('MR-full-mAP@0.5', 66.64),
                ('MR-full-mAP@0.75', 47.23),
                ('MR-long-mAP', 49.28),
                ('MR-middle-mAP', 48.0),
                ('MR-short-mAP', 12.73),
                ('HL-min-Fair-mAP', 77.0),
                ('HL-min-Fair-Hit1', 77.87),
                ('HL-min-Good-mAP', 65.83),
                ('HL-min-Good-Hit1', 75.35),
                ('HL-min-VeryGood-mAP', 40.4),
                ('HL-min-VeryGood-Hit1', 65.03)])
2026-08-30 14:56:50,362 INFO [Epoch 73]
2026-08-30 14:57:54,678 INFO Epoch[73] class_error 34.4730  class_error_0 45.8658  class_error_1 39.8985  class_error_2 35.7439  loss_giou 0.3138  loss_giou_0 0.3992  loss_giou_1 0.3385  loss_giou_2 0.3213  loss_iou_scores 0.0576  loss_iou_scores_0 0.0586  loss_iou_scores_1 0.0583  loss_iou_scores_2 0.0583  loss_label 0.1027  loss_label_0 0.1237  loss_label_1 0.1145  loss_label_2 0.1063  loss_lcb_d1_bind 0.2793  loss_lcb_drop 0.0007  loss_lcb_late_bind 0.0612  loss_lcb_owner_cons 0.0028  loss_mask_iou 0.0000  loss_mask_iou_0 1.6683  loss_mask_iou_1 1.6458  loss_mask_iou_2 1.6377  loss_overall 12.1580  loss_saliency 2.9571  loss_span 0.2440  loss_span_0 0.3009  loss_span_1 0.2571  loss_span_2 0.2477
2026-08-30 14:57:54,682 INFO Generate submissions
2026-08-30 14:57:59,409 INFO Saving/Evaluating before nms results
2026-08-30 14:58:03,080 INFO metrics_no_nms OrderedDict([   ('MR-full-R1@0.5', 66.97),
                ('MR-full-R1@0.7', 51.87),
                ('MR-full-mAP', 46.62),
                ('MR-full-mAP@0.5', 67.09),
                ('MR-full-mAP@0.75', 48.12),
                ('MR-long-mAP', 53.62),
                ('MR-middle-mAP', 48.15),
                ('MR-short-mAP', 11.68),
                ('HL-min-Fair-mAP', 76.66),
                ('HL-min-Fair-Hit1', 77.61),
                ('HL-min-Good-mAP', 65.45),
                ('HL-min-Good-Hit1', 75.48),
                ('HL-min-VeryGood-mAP', 39.8),
                ('HL-min-VeryGood-Hit1', 63.94)])
2026-08-30 14:58:03,523 INFO [Epoch 74]
2026-08-30 14:59:09,562 INFO Epoch[74] class_error 33.4596  class_error_0 44.4357  class_error_1 38.3330  class_error_2 34.5977  loss_giou 0.3134  loss_giou_0 0.3949  loss_giou_1 0.3385  loss_giou_2 0.3209  loss_iou_scores 0.0571  loss_iou_scores_0 0.0582  loss_iou_scores_1 0.0572  loss_iou_scores_2 0.0580  loss_label 0.0999  loss_label_0 0.1215  loss_label_1 0.1109  loss_label_2 0.1038  loss_lcb_d1_bind 0.2750  loss_lcb_drop 0.0008  loss_lcb_late_bind 0.0618  loss_lcb_owner_cons 0.0029  loss_mask_iou 0.0000  loss_mask_iou_0 1.6611  loss_mask_iou_1 1.6462  loss_mask_iou_2 1.6399  loss_overall 12.1218  loss_saliency 2.9619  loss_span 0.2401  loss_span_0 0.2942  loss_span_1 0.2551  loss_span_2 0.2440
2026-08-30 14:59:09,566 INFO Generate submissions
2026-08-30 14:59:14,432 INFO Saving/Evaluating before nms results
2026-08-30 14:59:18,281 INFO metrics_no_nms OrderedDict([   ('MR-full-R1@0.5', 67.16),
                ('MR-full-R1@0.7', 51.48),
                ('MR-full-mAP', 46.96),
                ('MR-full-mAP@0.5', 68.52),
                ('MR-full-mAP@0.75', 48.06),
                ('MR-long-mAP', 54.81),
                ('MR-middle-mAP', 47.78),
                ('MR-short-mAP', 12.14),
                ('HL-min-Fair-mAP', 76.28),
                ('HL-min-Fair-Hit1', 77.74),
                ('HL-min-Good-mAP', 65.26),
                ('HL-min-Good-Hit1', 75.81),
                ('HL-min-VeryGood-mAP', 40.16),
                ('HL-min-VeryGood-Hit1', 64.39)])
2026-08-30 14:59:18,756 INFO [Epoch 75]
2026-08-30 15:00:22,571 INFO Epoch[75] class_error 34.1856  class_error_0 43.5959  class_error_1 38.3587  class_error_2 35.4783  loss_giou 0.3102  loss_giou_0 0.3902  loss_giou_1 0.3344  loss_giou_2 0.3168  loss_iou_scores 0.0580  loss_iou_scores_0 0.0595  loss_iou_scores_1 0.0578  loss_iou_scores_2 0.0586  loss_label 0.1002  loss_label_0 0.1224  loss_label_1 0.1107  loss_label_2 0.1042  loss_lcb_d1_bind 0.2747  loss_lcb_drop 0.0008  loss_lcb_late_bind 0.0614  loss_lcb_owner_cons 0.0029  loss_mask_iou 0.0000  loss_mask_iou_0 1.6438  loss_mask_iou_1 1.6373  loss_mask_iou_2 1.6217  loss_overall 12.0515  loss_saliency 2.9580  loss_span 0.2400  loss_span_0 0.2922  loss_span_1 0.2539  loss_span_2 0.2433
2026-08-30 15:00:22,574 INFO Generate submissions
2026-08-30 15:00:27,464 INFO Saving/Evaluating before nms results
2026-08-30 15:00:31,231 INFO metrics_no_nms OrderedDict([   ('MR-full-R1@0.5', 67.03),
                ('MR-full-R1@0.7', 51.29),
                ('MR-full-mAP', 47.3),
                ('MR-full-mAP@0.5', 67.79),
                ('MR-full-mAP@0.75', 49.02),
                ('MR-long-mAP', 56.37),
                ('MR-middle-mAP', 48.22),
                ('MR-short-mAP', 10.41),
                ('HL-min-Fair-mAP', 76.9),
                ('HL-min-Fair-Hit1', 77.48),
                ('HL-min-Good-mAP', 65.95),
                ('HL-min-Good-Hit1', 76.0),
                ('HL-min-VeryGood-mAP', 40.52),
                ('HL-min-VeryGood-Hit1', 64.97)])
2026-08-30 15:00:32,134 INFO [Epoch 76]
2026-08-30 15:01:37,219 INFO Epoch[76] class_error 34.2634  class_error_0 45.4167  class_error_1 39.0604  class_error_2 35.9519  loss_giou 0.3099  loss_giou_0 0.3939  loss_giou_1 0.3342  loss_giou_2 0.3174  loss_iou_scores 0.0586  loss_iou_scores_0 0.0594  loss_iou_scores_1 0.0583  loss_iou_scores_2 0.0592  loss_label 0.1013  loss_label_0 0.1227  loss_label_1 0.1120  loss_label_2 0.1055  loss_lcb_d1_bind 0.2669  loss_lcb_drop 0.0007  loss_lcb_late_bind 0.0603  loss_lcb_owner_cons 0.0028  loss_mask_iou 0.0000  loss_mask_iou_0 1.6435  loss_mask_iou_1 1.6210  loss_mask_iou_2 1.6112  loss_overall 12.0228  loss_saliency 2.9605  loss_span 0.2378  loss_span_0 0.2936  loss_span_1 0.2521  loss_span_2 0.2414
2026-08-30 15:01:37,222 INFO Generate submissions
2026-08-30 15:01:41,872 INFO Saving/Evaluating before nms results
2026-08-30 15:01:45,618 INFO metrics_no_nms OrderedDict([   ('MR-full-R1@0.5', 66.97),
                ('MR-full-R1@0.7', 52.0),
                ('MR-full-mAP', 47.28),
                ('MR-full-mAP@0.5', 67.66),
                ('MR-full-mAP@0.75', 49.18),
                ('MR-long-mAP', 54.28),
                ('MR-middle-mAP', 49.28),
                ('MR-short-mAP', 11.19),
                ('HL-min-Fair-mAP', 77.35),
                ('HL-min-Fair-Hit1', 78.97),
                ('HL-min-Good-mAP', 66.54),
                ('HL-min-Good-Hit1', 77.23),
                ('HL-min-VeryGood-mAP', 40.9),
                ('HL-min-VeryGood-Hit1', 66.77)])
2026-08-30 15:01:45,930 INFO [Epoch 77]
2026-08-30 15:02:51,283 INFO Epoch[77] class_error 33.6726  class_error_0 44.7842  class_error_1 38.3820  class_error_2 34.8711  loss_giou 0.3106  loss_giou_0 0.3926  loss_giou_1 0.3351  loss_giou_2 0.3192  loss_iou_scores 0.0572  loss_iou_scores_0 0.0589  loss_iou_scores_1 0.0578  loss_iou_scores_2 0.0585  loss_label 0.0990  loss_label_0 0.1223  loss_label_1 0.1113  loss_label_2 0.1030  loss_lcb_d1_bind 0.2730  loss_lcb_drop 0.0008  loss_lcb_late_bind 0.0614  loss_lcb_owner_cons 0.0029  loss_mask_iou 0.0000  loss_mask_iou_0 1.6526  loss_mask_iou_1 1.6344  loss_mask_iou_2 1.6267  loss_overall 12.0655  loss_saliency 2.9644  loss_span 0.2378  loss_span_0 0.2916  loss_span_1 0.2521  loss_span_2 0.2414
2026-08-30 15:02:51,287 INFO Generate submissions
2026-08-30 15:02:55,885 INFO Saving/Evaluating before nms results
2026-08-30 15:02:59,687 INFO metrics_no_nms OrderedDict([   ('MR-full-R1@0.5', 66.84),
                ('MR-full-R1@0.7', 52.77),
                ('MR-full-mAP', 47.21),
                ('MR-full-mAP@0.5', 68.31),
                ('MR-full-mAP@0.75', 49.03),
                ('MR-long-mAP', 53.45),
                ('MR-middle-mAP', 48.73),
                ('MR-short-mAP', 12.72),
                ('HL-min-Fair-mAP', 76.48),
                ('HL-min-Fair-Hit1', 77.42),
                ('HL-min-Good-mAP', 65.62),
                ('HL-min-Good-Hit1', 75.61),
                ('HL-min-VeryGood-mAP', 40.32),
                ('HL-min-VeryGood-Hit1', 64.32)])
2026-08-30 15:02:59,979 INFO [Epoch 78]
2026-08-30 15:04:03,100 INFO Epoch[78] class_error 34.1723  class_error_0 43.1387  class_error_1 37.9134  class_error_2 34.9971  loss_giou 0.3068  loss_giou_0 0.3913  loss_giou_1 0.3310  loss_giou_2 0.3145  loss_iou_scores 0.0569  loss_iou_scores_0 0.0581  loss_iou_scores_1 0.0571  loss_iou_scores_2 0.0578  loss_label 0.0988  loss_label_0 0.1205  loss_label_1 0.1092  loss_label_2 0.1023  loss_lcb_d1_bind 0.2681  loss_lcb_drop 0.0008  loss_lcb_late_bind 0.0601  loss_lcb_owner_cons 0.0030  loss_mask_iou 0.0000  loss_mask_iou_0 1.6465  loss_mask_iou_1 1.6249  loss_mask_iou_2 1.6134  loss_overall 11.9764  loss_saliency 2.9537  loss_span 0.2317  loss_span_0 0.2892  loss_span_1 0.2473  loss_span_2 0.2354
2026-08-30 15:04:03,103 INFO Generate submissions
2026-08-30 15:04:08,149 INFO Saving/Evaluating before nms results
2026-08-30 15:04:11,816 INFO metrics_no_nms OrderedDict([   ('MR-full-R1@0.5', 66.06),
                ('MR-full-R1@0.7', 51.16),
                ('MR-full-mAP', 46.8),
                ('MR-full-mAP@0.5', 67.33),
                ('MR-full-mAP@0.75', 47.83),
                ('MR-long-mAP', 54.24),
                ('MR-middle-mAP', 47.7),
                ('MR-short-mAP', 12.15),
                ('HL-min-Fair-mAP', 75.92),
                ('HL-min-Fair-Hit1', 76.45),
                ('HL-min-Good-mAP', 64.92),
                ('HL-min-Good-Hit1', 73.94),
                ('HL-min-VeryGood-mAP', 39.68),
                ('HL-min-VeryGood-Hit1', 62.9)])
2026-08-30 15:04:12,098 INFO [Epoch 79]
2026-08-30 15:05:18,150 INFO Epoch[79] class_error 33.4963  class_error_0 44.1140  class_error_1 38.2927  class_error_2 35.2100  loss_giou 0.3073  loss_giou_0 0.3882  loss_giou_1 0.3319  loss_giou_2 0.3146  loss_iou_scores 0.0572  loss_iou_scores_0 0.0581  loss_iou_scores_1 0.0573  loss_iou_scores_2 0.0575  loss_label 0.0991  loss_label_0 0.1211  loss_label_1 0.1101  loss_label_2 0.1031  loss_lcb_d1_bind 0.2614  loss_lcb_drop 0.0008  loss_lcb_late_bind 0.0603  loss_lcb_owner_cons 0.0028  loss_mask_iou 0.0000  loss_mask_iou_0 1.6309  loss_mask_iou_1 1.6209  loss_mask_iou_2 1.6093  loss_overall 11.9820  loss_saliency 2.9668  loss_span 0.2395  loss_span_0 0.2901  loss_span_1 0.2535  loss_span_2 0.2426
2026-08-30 15:05:18,153 INFO Generate submissions
2026-08-30 15:05:22,851 INFO Saving/Evaluating before nms results
2026-08-30 15:05:26,594 INFO metrics_no_nms OrderedDict([   ('MR-full-R1@0.5', 66.84),
                ('MR-full-R1@0.7', 52.13),
                ('MR-full-mAP', 47.17),
                ('MR-full-mAP@0.5', 67.61),
                ('MR-full-mAP@0.75', 49.29),
                ('MR-long-mAP', 54.15),
                ('MR-middle-mAP', 48.94),
                ('MR-short-mAP', 11.42),
                ('HL-min-Fair-mAP', 76.39),
                ('HL-min-Fair-Hit1', 77.03),
                ('HL-min-Good-mAP', 65.33),
                ('HL-min-Good-Hit1', 75.03),
                ('HL-min-VeryGood-mAP', 39.98),
                ('HL-min-VeryGood-Hit1', 63.87)])
2026-08-30 15:05:26,872 INFO [Epoch 80]
2026-08-30 15:06:32,488 INFO Epoch[80] class_error 33.1201  class_error_0 43.8820  class_error_1 37.2911  class_error_2 33.8885  loss_giou 0.3044  loss_giou_0 0.3901  loss_giou_1 0.3271  loss_giou_2 0.3115  loss_iou_scores 0.0579  loss_iou_scores_0 0.0581  loss_iou_scores_1 0.0584  loss_iou_scores_2 0.0586  loss_label 0.0992  loss_label_0 0.1197  loss_label_1 0.1105  loss_label_2 0.1032  loss_lcb_d1_bind 0.2654  loss_lcb_drop 0.0008  loss_lcb_late_bind 0.0603  loss_lcb_owner_cons 0.0030  loss_mask_iou 0.0000  loss_mask_iou_0 1.6253  loss_mask_iou_1 1.6002  loss_mask_iou_2 1.5854  loss_overall 11.9023  loss_saliency 2.9514  loss_span 0.2369  loss_span_0 0.2898  loss_span_1 0.2492  loss_span_2 0.2403
2026-08-30 15:06:32,491 INFO Generate submissions
2026-08-30 15:06:37,406 INFO Saving/Evaluating before nms results
2026-08-30 15:06:41,191 INFO metrics_no_nms OrderedDict([   ('MR-full-R1@0.5', 66.9),
                ('MR-full-R1@0.7', 51.35),
                ('MR-full-mAP', 45.87),
                ('MR-full-mAP@0.5', 67.7),
                ('MR-full-mAP@0.75', 47.54),
                ('MR-long-mAP', 53.13),
                ('MR-middle-mAP', 47.07),
                ('MR-short-mAP', 10.8),
                ('HL-min-Fair-mAP', 76.81),
                ('HL-min-Fair-Hit1', 76.84),
                ('HL-min-Good-mAP', 65.7),
                ('HL-min-Good-Hit1', 74.65),
                ('HL-min-VeryGood-mAP', 40.1),
                ('HL-min-VeryGood-Hit1', 63.81)])
2026-08-30 15:06:41,470 INFO [Epoch 81]
2026-08-30 15:07:47,250 INFO Epoch[81] class_error 32.4279  class_error_0 41.8339  class_error_1 36.8772  class_error_2 33.2567  loss_giou 0.3044  loss_giou_0 0.3879  loss_giou_1 0.3283  loss_giou_2 0.3113  loss_iou_scores 0.0560  loss_iou_scores_0 0.0570  loss_iou_scores_1 0.0566  loss_iou_scores_2 0.0569  loss_label 0.0969  loss_label_0 0.1178  loss_label_1 0.1093  loss_label_2 0.1011  loss_lcb_d1_bind 0.2648  loss_lcb_drop 0.0007  loss_lcb_late_bind 0.0596  loss_lcb_owner_cons 0.0028  loss_mask_iou 0.0000  loss_mask_iou_0 1.6288  loss_mask_iou_1 1.6070  loss_mask_iou_2 1.5956  loss_overall 11.9012  loss_saliency 2.9542  loss_span 0.2341  loss_span_0 0.2867  loss_span_1 0.2465  loss_span_2 0.2372
2026-08-30 15:07:47,253 INFO Generate submissions
2026-08-30 15:07:52,116 INFO Saving/Evaluating before nms results
2026-08-30 15:07:55,857 INFO metrics_no_nms OrderedDict([   ('MR-full-R1@0.5', 67.68),
                ('MR-full-R1@0.7', 52.06),
                ('MR-full-mAP', 47.16),
                ('MR-full-mAP@0.5', 68.28),
                ('MR-full-mAP@0.75', 48.05),
                ('MR-long-mAP', 53.4),
                ('MR-middle-mAP', 49.31),
                ('MR-short-mAP', 11.66),
                ('HL-min-Fair-mAP', 76.06),
                ('HL-min-Fair-Hit1', 76.84),
                ('HL-min-Good-mAP', 65.11),
                ('HL-min-Good-Hit1', 75.23),
                ('HL-min-VeryGood-mAP', 39.81),
                ('HL-min-VeryGood-Hit1', 63.81)])
2026-08-30 15:07:56,316 INFO [Epoch 82]
2026-08-30 15:09:00,002 INFO Epoch[82] class_error 33.1018  class_error_0 41.7501  class_error_1 37.0100  class_error_2 33.9310  loss_giou 0.3052  loss_giou_0 0.3899  loss_giou_1 0.3316  loss_giou_2 0.3150  loss_iou_scores 0.0566  loss_iou_scores_0 0.0571  loss_iou_scores_1 0.0567  loss_iou_scores_2 0.0573  loss_label 0.0991  loss_label_0 0.1194  loss_label_1 0.1100  loss_label_2 0.1024  loss_lcb_d1_bind 0.2639  loss_lcb_drop 0.0008  loss_lcb_late_bind 0.0604  loss_lcb_owner_cons 0.0029  loss_mask_iou 0.0000  loss_mask_iou_0 1.6255  loss_mask_iou_1 1.6044  loss_mask_iou_2 1.5941  loss_overall 11.9099  loss_saliency 2.9551  loss_span 0.2309  loss_span_0 0.2887  loss_span_1 0.2481  loss_span_2 0.2362
2026-08-30 15:09:00,005 INFO Generate submissions
2026-08-30 15:09:04,667 INFO Saving/Evaluating before nms results
2026-08-30 15:09:08,468 INFO metrics_no_nms OrderedDict([   ('MR-full-R1@0.5', 67.55),
                ('MR-full-R1@0.7', 51.94),
                ('MR-full-mAP', 47.61),
                ('MR-full-mAP@0.5', 68.09),
                ('MR-full-mAP@0.75', 48.92),
                ('MR-long-mAP', 54.73),
                ('MR-middle-mAP', 49.85),
                ('MR-short-mAP', 10.93),
                ('HL-min-Fair-mAP', 77.25),
                ('HL-min-Fair-Hit1', 78.0),
                ('HL-min-Good-mAP', 66.24),
                ('HL-min-Good-Hit1', 76.0),
                ('HL-min-VeryGood-mAP', 40.54),
                ('HL-min-VeryGood-Hit1', 64.39)])
2026-08-30 15:09:08,885 INFO [Best] epoch 82, MR-full-mAP 47.6100
2026-08-30 15:09:09,342 INFO [Epoch 83]
2026-08-30 15:10:15,414 INFO Epoch[83] class_error 32.6513  class_error_0 41.1943  class_error_1 36.6501  class_error_2 33.5407  loss_giou 0.3028  loss_giou_0 0.3835  loss_giou_1 0.3275  loss_giou_2 0.3107  loss_iou_scores 0.0565  loss_iou_scores_0 0.0578  loss_iou_scores_1 0.0570  loss_iou_scores_2 0.0576  loss_label 0.0973  loss_label_0 0.1176  loss_label_1 0.1079  loss_label_2 0.1008  loss_lcb_d1_bind 0.2591  loss_lcb_drop 0.0008  loss_lcb_late_bind 0.0591  loss_lcb_owner_cons 0.0027  loss_mask_iou 0.0000  loss_mask_iou_0 1.6003  loss_mask_iou_1 1.5867  loss_mask_iou_2 1.5757  loss_overall 11.7962  loss_saliency 2.9515  loss_span 0.2285  loss_span_0 0.2834  loss_span_1 0.2425  loss_span_2 0.2326
2026-08-30 15:10:15,418 INFO Generate submissions
2026-08-30 15:10:20,134 INFO Saving/Evaluating before nms results
2026-08-30 15:10:23,854 INFO metrics_no_nms OrderedDict([   ('MR-full-R1@0.5', 66.13),
                ('MR-full-R1@0.7', 50.84),
                ('MR-full-mAP', 45.5),
                ('MR-full-mAP@0.5', 66.36),
                ('MR-full-mAP@0.75', 46.7),
                ('MR-long-mAP', 51.47),
                ('MR-middle-mAP', 47.81),
                ('MR-short-mAP', 12.1),
                ('HL-min-Fair-mAP', 77.02),
                ('HL-min-Fair-Hit1', 78.84),
                ('HL-min-Good-mAP', 66.01),
                ('HL-min-Good-Hit1', 77.1),
                ('HL-min-VeryGood-mAP', 40.65),
                ('HL-min-VeryGood-Hit1', 66.06)])
2026-08-30 15:10:24,306 INFO [Epoch 84]
2026-08-30 15:11:30,390 INFO Epoch[84] class_error 32.5145  class_error_0 41.3986  class_error_1 36.7288  class_error_2 33.2671  loss_giou 0.3064  loss_giou_0 0.3928  loss_giou_1 0.3341  loss_giou_2 0.3154  loss_iou_scores 0.0575  loss_iou_scores_0 0.0586  loss_iou_scores_1 0.0573  loss_iou_scores_2 0.0582  loss_label 0.0976  loss_label_0 0.1174  loss_label_1 0.1082  loss_label_2 0.1011  loss_lcb_d1_bind 0.2684  loss_lcb_drop 0.0008  loss_lcb_late_bind 0.0606  loss_lcb_owner_cons 0.0029  loss_mask_iou 0.0000  loss_mask_iou_0 1.6338  loss_mask_iou_1 1.6105  loss_mask_iou_2 1.6016  loss_overall 11.9379  loss_saliency 2.9547  loss_span 0.2328  loss_span_0 0.2874  loss_span_1 0.2463  loss_span_2 0.2370
2026-08-30 15:11:30,394 INFO Generate submissions
2026-08-30 15:11:35,126 INFO Saving/Evaluating before nms results
2026-08-30 15:11:38,989 INFO metrics_no_nms OrderedDict([   ('MR-full-R1@0.5', 67.03),
                ('MR-full-R1@0.7', 51.61),
                ('MR-full-mAP', 47.03),
                ('MR-full-mAP@0.5', 67.41),
                ('MR-full-mAP@0.75', 48.39),
                ('MR-long-mAP', 54.74),
                ('MR-middle-mAP', 48.39),
                ('MR-short-mAP', 11.41),
                ('HL-min-Fair-mAP', 76.78),
                ('HL-min-Fair-Hit1', 76.9),
                ('HL-min-Good-mAP', 65.57),
                ('HL-min-Good-Hit1', 75.29),
                ('HL-min-VeryGood-mAP', 39.96),
                ('HL-min-VeryGood-Hit1', 62.58)])
2026-08-30 15:11:39,283 INFO [Epoch 85]
2026-08-30 15:12:43,080 INFO Epoch[85] class_error 33.1180  class_error_0 41.7702  class_error_1 36.4802  class_error_2 34.1110  loss_giou 0.3062  loss_giou_0 0.3920  loss_giou_1 0.3298  loss_giou_2 0.3137  loss_iou_scores 0.0570  loss_iou_scores_0 0.0586  loss_iou_scores_1 0.0576  loss_iou_scores_2 0.0578  loss_label 0.0975  loss_label_0 0.1155  loss_label_1 0.1071  loss_label_2 0.1005  loss_lcb_d1_bind 0.2642  loss_lcb_drop 0.0008  loss_lcb_late_bind 0.0589  loss_lcb_owner_cons 0.0029  loss_mask_iou 0.0000  loss_mask_iou_0 1.6232  loss_mask_iou_1 1.6109  loss_mask_iou_2 1.5955  loss_overall 11.9048  loss_saliency 2.9531  loss_span 0.2336  loss_span_0 0.2883  loss_span_1 0.2474  loss_span_2 0.2369
2026-08-30 15:12:43,083 INFO Generate submissions
2026-08-30 15:12:47,981 INFO Saving/Evaluating before nms results
2026-08-30 15:12:51,560 INFO metrics_no_nms OrderedDict([   ('MR-full-R1@0.5', 66.13),
                ('MR-full-R1@0.7', 50.26),
                ('MR-full-mAP', 45.38),
                ('MR-full-mAP@0.5', 66.86),
                ('MR-full-mAP@0.75', 46.12),
                ('MR-long-mAP', 52.42),
                ('MR-middle-mAP', 46.59),
                ('MR-short-mAP', 12.57),
                ('HL-min-Fair-mAP', 76.6),
                ('HL-min-Fair-Hit1', 77.55),
                ('HL-min-Good-mAP', 65.75),
                ('HL-min-Good-Hit1', 76.06),
                ('HL-min-VeryGood-mAP', 40.63),
                ('HL-min-VeryGood-Hit1', 65.74)])
2026-08-30 15:12:51,992 INFO [Epoch 86]
2026-08-30 15:13:58,391 INFO Epoch[86] class_error 32.8480  class_error_0 41.1411  class_error_1 36.5703  class_error_2 34.1165  loss_giou 0.3012  loss_giou_0 0.3879  loss_giou_1 0.3283  loss_giou_2 0.3088  loss_iou_scores 0.0569  loss_iou_scores_0 0.0586  loss_iou_scores_1 0.0574  loss_iou_scores_2 0.0581  loss_label 0.0980  loss_label_0 0.1166  loss_label_1 0.1079  loss_label_2 0.1014  loss_lcb_d1_bind 0.2583  loss_lcb_drop 0.0008  loss_lcb_late_bind 0.0584  loss_lcb_owner_cons 0.0029  loss_mask_iou 0.0000  loss_mask_iou_0 1.5903  loss_mask_iou_1 1.5747  loss_mask_iou_2 1.5604  loss_overall 11.7508  loss_saliency 2.9487  loss_span 0.2267  loss_span_0 0.2831  loss_span_1 0.2410  loss_span_2 0.2314
2026-08-30 15:13:58,395 INFO Generate submissions
2026-08-30 15:14:03,198 INFO Saving/Evaluating before nms results
2026-08-30 15:14:06,931 INFO metrics_no_nms OrderedDict([   ('MR-full-R1@0.5', 66.52),
                ('MR-full-R1@0.7', 51.48),
                ('MR-full-mAP', 47.52),
                ('MR-full-mAP@0.5', 67.74),
                ('MR-full-mAP@0.75', 48.43),
                ('MR-long-mAP', 54.11),
                ('MR-middle-mAP', 49.37),
                ('MR-short-mAP', 12.07),
                ('HL-min-Fair-mAP', 77.06),
                ('HL-min-Fair-Hit1', 78.06),
                ('HL-min-Good-mAP', 65.86),
                ('HL-min-Good-Hit1', 76.06),
                ('HL-min-VeryGood-mAP', 40.19),
                ('HL-min-VeryGood-Hit1', 64.77)])
2026-08-30 15:14:07,229 INFO [Epoch 87]
2026-08-30 15:15:10,872 INFO Epoch[87] class_error 32.7866  class_error_0 41.0013  class_error_1 37.1724  class_error_2 33.5233  loss_giou 0.3032  loss_giou_0 0.3874  loss_giou_1 0.3291  loss_giou_2 0.3105  loss_iou_scores 0.0584  loss_iou_scores_0 0.0585  loss_iou_scores_1 0.0586  loss_iou_scores_2 0.0589  loss_label 0.0978  loss_label_0 0.1169  loss_label_1 0.1089  loss_label_2 0.1022  loss_lcb_d1_bind 0.2661  loss_lcb_drop 0.0008  loss_lcb_late_bind 0.0609  loss_lcb_owner_cons 0.0029  loss_mask_iou 0.0000  loss_mask_iou_0 1.6069  loss_mask_iou_1 1.5822  loss_mask_iou_2 1.5725  loss_overall 11.8383  loss_saliency 2.9516  loss_span 0.2341  loss_span_0 0.2905  loss_span_1 0.2478  loss_span_2 0.2381
2026-08-30 15:15:10,877 INFO Generate submissions
2026-08-30 15:15:15,620 INFO Saving/Evaluating before nms results
2026-08-30 15:15:19,347 INFO metrics_no_nms OrderedDict([   ('MR-full-R1@0.5', 67.87),
                ('MR-full-R1@0.7', 52.19),
                ('MR-full-mAP', 47.28),
                ('MR-full-mAP@0.5', 68.08),
                ('MR-full-mAP@0.75', 48.87),
                ('MR-long-mAP', 54.43),
                ('MR-middle-mAP', 48.95),
                ('MR-short-mAP', 11.59),
                ('HL-min-Fair-mAP', 77.07),
                ('HL-min-Fair-Hit1', 78.32),
                ('HL-min-Good-mAP', 65.97),
                ('HL-min-Good-Hit1', 76.13),
                ('HL-min-VeryGood-mAP', 40.33),
                ('HL-min-VeryGood-Hit1', 64.45)])
2026-08-30 15:15:19,789 INFO [Epoch 88]
2026-08-30 15:16:25,760 INFO Epoch[88] class_error 32.2111  class_error_0 41.3190  class_error_1 35.3757  class_error_2 32.9815  loss_giou 0.3021  loss_giou_0 0.3851  loss_giou_1 0.3260  loss_giou_2 0.3087  loss_iou_scores 0.0567  loss_iou_scores_0 0.0589  loss_iou_scores_1 0.0577  loss_iou_scores_2 0.0571  loss_label 0.0962  loss_label_0 0.1158  loss_label_1 0.1065  loss_label_2 0.0996  loss_lcb_d1_bind 0.2563  loss_lcb_drop 0.0008  loss_lcb_late_bind 0.0579  loss_lcb_owner_cons 0.0029  loss_mask_iou 0.0000  loss_mask_iou_0 1.6013  loss_mask_iou_1 1.5820  loss_mask_iou_2 1.5685  loss_overall 11.7539  loss_saliency 2.9487  loss_span 0.2256  loss_span_0 0.2808  loss_span_1 0.2400  loss_span_2 0.2290
2026-08-30 15:16:25,763 INFO Generate submissions
2026-08-30 15:16:30,351 INFO Saving/Evaluating before nms results
2026-08-30 15:16:34,841 INFO metrics_no_nms OrderedDict([   ('MR-full-R1@0.5', 66.65),
                ('MR-full-R1@0.7', 51.94),
                ('MR-full-mAP', 47.37),
                ('MR-full-mAP@0.5', 67.81),
                ('MR-full-mAP@0.75', 49.47),
                ('MR-long-mAP', 54.22),
                ('MR-middle-mAP', 49.3),
                ('MR-short-mAP', 11.78),
                ('HL-min-Fair-mAP', 76.63),
                ('HL-min-Fair-Hit1', 78.39),
                ('HL-min-Good-mAP', 65.58),
                ('HL-min-Good-Hit1', 76.45),
                ('HL-min-VeryGood-mAP', 40.21),
                ('HL-min-VeryGood-Hit1', 64.9)])
2026-08-30 15:16:35,085 INFO [Epoch 89]
2026-08-30 15:17:40,143 INFO Epoch[89] class_error 31.9663  class_error_0 40.5565  class_error_1 35.8017  class_error_2 32.9344  loss_giou 0.3027  loss_giou_0 0.3917  loss_giou_1 0.3298  loss_giou_2 0.3112  loss_iou_scores 0.0562  loss_iou_scores_0 0.0574  loss_iou_scores_1 0.0565  loss_iou_scores_2 0.0566  loss_label 0.0958  loss_label_0 0.1152  loss_label_1 0.1055  loss_label_2 0.0996  loss_lcb_d1_bind 0.2579  loss_lcb_drop 0.0008  loss_lcb_late_bind 0.0588  loss_lcb_owner_cons 0.0029  loss_mask_iou 0.0000  loss_mask_iou_0 1.5878  loss_mask_iou_1 1.5686  loss_mask_iou_2 1.5620  loss_overall 11.7535  loss_saliency 2.9516  loss_span 0.2274  loss_span_0 0.2871  loss_span_1 0.2433  loss_span_2 0.2330
2026-08-30 15:17:40,146 INFO Generate submissions
2026-08-30 15:17:44,565 INFO Saving/Evaluating before nms results
2026-08-30 15:17:48,356 INFO metrics_no_nms OrderedDict([   ('MR-full-R1@0.5', 66.45),
                ('MR-full-R1@0.7', 51.55),
                ('MR-full-mAP', 47.32),
                ('MR-full-mAP@0.5', 68.39),
                ('MR-full-mAP@0.75', 48.35),
                ('MR-long-mAP', 55.27),
                ('MR-middle-mAP', 48.89),
                ('MR-short-mAP', 10.62),
                ('HL-min-Fair-mAP', 75.77),
                ('HL-min-Fair-Hit1', 76.71),
                ('HL-min-Good-mAP', 64.63),
                ('HL-min-Good-Hit1', 74.58),
                ('HL-min-VeryGood-mAP', 39.38),
                ('HL-min-VeryGood-Hit1', 62.9)])
2026-08-30 15:17:48,658 INFO [Epoch 90]
2026-08-30 15:18:54,051 INFO Epoch[90] class_error 31.4309  class_error_0 40.3431  class_error_1 35.9759  class_error_2 32.6333  loss_giou 0.3034  loss_giou_0 0.3873  loss_giou_1 0.3292  loss_giou_2 0.3118  loss_iou_scores 0.0554  loss_iou_scores_0 0.0560  loss_iou_scores_1 0.0561  loss_iou_scores_2 0.0563  loss_label 0.0948  loss_label_0 0.1146  loss_label_1 0.1053  loss_label_2 0.0986  loss_lcb_d1_bind 0.2606  loss_lcb_drop 0.0008  loss_lcb_late_bind 0.0605  loss_lcb_owner_cons 0.0029  loss_mask_iou 0.0000  loss_mask_iou_0 1.5935  loss_mask_iou_1 1.5821  loss_mask_iou_2 1.5718  loss_overall 11.7519  loss_saliency 2.9388  loss_span 0.2287  loss_span_0 0.2817  loss_span_1 0.2421  loss_span_2 0.2337
2026-08-30 15:18:54,054 INFO Generate submissions
2026-08-30 15:18:58,783 INFO Saving/Evaluating before nms results
2026-08-30 15:19:02,458 INFO metrics_no_nms OrderedDict([   ('MR-full-R1@0.5', 67.23),
                ('MR-full-R1@0.7', 53.81),
                ('MR-full-mAP', 47.23),
                ('MR-full-mAP@0.5', 67.27),
                ('MR-full-mAP@0.75', 48.7),
                ('MR-long-mAP', 52.92),
                ('MR-middle-mAP', 49.96),
                ('MR-short-mAP', 12.16),
                ('HL-min-Fair-mAP', 76.79),
                ('HL-min-Fair-Hit1', 77.68),
                ('HL-min-Good-mAP', 65.9),
                ('HL-min-Good-Hit1', 75.68),
                ('HL-min-VeryGood-mAP', 40.32),
                ('HL-min-VeryGood-Hit1', 64.45)])
2026-08-30 15:19:02,736 INFO [Epoch 91]
2026-08-30 15:20:09,489 INFO Epoch[91] class_error 30.4724  class_error_0 38.4820  class_error_1 34.7825  class_error_2 31.9255  loss_giou 0.2979  loss_giou_0 0.3813  loss_giou_1 0.3233  loss_giou_2 0.3051  loss_iou_scores 0.0547  loss_iou_scores_0 0.0573  loss_iou_scores_1 0.0558  loss_iou_scores_2 0.0559  loss_label 0.0940  loss_label_0 0.1144  loss_label_1 0.1045  loss_label_2 0.0983  loss_lcb_d1_bind 0.2590  loss_lcb_drop 0.0008  loss_lcb_late_bind 0.0583  loss_lcb_owner_cons 0.0030  loss_mask_iou 0.0000  loss_mask_iou_0 1.5719  loss_mask_iou_1 1.5552  loss_mask_iou_2 1.5379  loss_overall 11.6197  loss_saliency 2.9302  loss_span 0.2253  loss_span_0 0.2805  loss_span_1 0.2408  loss_span_2 0.2287
2026-08-30 15:20:09,492 INFO Generate submissions
2026-08-30 15:20:13,763 INFO Saving/Evaluating before nms results
2026-08-30 15:20:17,424 INFO metrics_no_nms OrderedDict([   ('MR-full-R1@0.5', 65.68),
                ('MR-full-R1@0.7', 49.87),
                ('MR-full-mAP', 46.96),
                ('MR-full-mAP@0.5', 67.71),
                ('MR-full-mAP@0.75', 47.74),
                ('MR-long-mAP', 55.4),
                ('MR-middle-mAP', 48.06),
                ('MR-short-mAP', 10.64),
                ('HL-min-Fair-mAP', 76.62),
                ('HL-min-Fair-Hit1', 77.55),
                ('HL-min-Good-mAP', 65.49),
                ('HL-min-Good-Hit1', 75.42),
                ('HL-min-VeryGood-mAP', 39.84),
                ('HL-min-VeryGood-Hit1', 63.74)])
2026-08-30 15:20:17,707 INFO [Epoch 92]
2026-08-30 15:21:22,840 INFO Epoch[92] class_error 30.7186  class_error_0 40.3902  class_error_1 34.2840  class_error_2 32.4422  loss_giou 0.2967  loss_giou_0 0.3823  loss_giou_1 0.3232  loss_giou_2 0.3065  loss_iou_scores 0.0548  loss_iou_scores_0 0.0561  loss_iou_scores_1 0.0551  loss_iou_scores_2 0.0556  loss_label 0.0945  loss_label_0 0.1134  loss_label_1 0.1042  loss_label_2 0.0979  loss_lcb_d1_bind 0.2607  loss_lcb_drop 0.0007  loss_lcb_late_bind 0.0577  loss_lcb_owner_cons 0.0029  loss_mask_iou 0.0000  loss_mask_iou_0 1.5756  loss_mask_iou_1 1.5595  loss_mask_iou_2 1.5476  loss_overall 11.6327  loss_saliency 2.9333  loss_span 0.2236  loss_span_0 0.2773  loss_span_1 0.2382  loss_span_2 0.2270
2026-08-30 15:21:22,843 INFO Generate submissions
2026-08-30 15:21:26,994 INFO Saving/Evaluating before nms results
2026-08-30 15:21:30,849 INFO metrics_no_nms OrderedDict([   ('MR-full-R1@0.5', 66.32),
                ('MR-full-R1@0.7', 50.58),
                ('MR-full-mAP', 47.11),
                ('MR-full-mAP@0.5', 67.77),
                ('MR-full-mAP@0.75', 48.5),
                ('MR-long-mAP', 55.04),
                ('MR-middle-mAP', 48.62),
                ('MR-short-mAP', 11.13),
                ('HL-min-Fair-mAP', 76.46),
                ('HL-min-Fair-Hit1', 78.65),
                ('HL-min-Good-mAP', 65.5),
                ('HL-min-Good-Hit1', 77.03),
                ('HL-min-VeryGood-mAP', 40.04),
                ('HL-min-VeryGood-Hit1', 65.1)])
2026-08-30 15:21:31,146 INFO [Epoch 93]
2026-08-30 15:22:36,514 INFO Epoch[93] class_error 30.8000  class_error_0 38.9144  class_error_1 34.4341  class_error_2 31.3955  loss_giou 0.2971  loss_giou_0 0.3792  loss_giou_1 0.3210  loss_giou_2 0.3045  loss_iou_scores 0.0553  loss_iou_scores_0 0.0561  loss_iou_scores_1 0.0563  loss_iou_scores_2 0.0565  loss_label 0.0940  loss_label_0 0.1129  loss_label_1 0.1038  loss_label_2 0.0975  loss_lcb_d1_bind 0.2533  loss_lcb_drop 0.0008  loss_lcb_late_bind 0.0577  loss_lcb_owner_cons 0.0028  loss_mask_iou 0.0000  loss_mask_iou_0 1.5753  loss_mask_iou_1 1.5522  loss_mask_iou_2 1.5464  loss_overall 11.6015  loss_saliency 2.9345  loss_span 0.2226  loss_span_0 0.2726  loss_span_1 0.2362  loss_span_2 0.2262
2026-08-30 15:22:36,518 INFO Generate submissions
2026-08-30 15:22:40,878 INFO Saving/Evaluating before nms results
2026-08-30 15:22:44,639 INFO metrics_no_nms OrderedDict([   ('MR-full-R1@0.5', 67.61),
                ('MR-full-R1@0.7', 51.48),
                ('MR-full-mAP', 46.46),
                ('MR-full-mAP@0.5', 67.96),
                ('MR-full-mAP@0.75', 48.42),
                ('MR-long-mAP', 53.9),
                ('MR-middle-mAP', 47.51),
                ('MR-short-mAP', 12.08),
                ('HL-min-Fair-mAP', 76.6),
                ('HL-min-Fair-Hit1', 76.97),
                ('HL-min-Good-mAP', 65.39),
                ('HL-min-Good-Hit1', 74.84),
                ('HL-min-VeryGood-mAP', 40.02),
                ('HL-min-VeryGood-Hit1', 62.45)])
2026-08-30 15:22:44,919 INFO [Epoch 94]
2026-08-30 15:23:50,655 INFO Epoch[94] class_error 31.2543  class_error_0 39.2623  class_error_1 34.8582  class_error_2 31.9818  loss_giou 0.2953  loss_giou_0 0.3791  loss_giou_1 0.3218  loss_giou_2 0.3027  loss_iou_scores 0.0544  loss_iou_scores_0 0.0574  loss_iou_scores_1 0.0556  loss_iou_scores_2 0.0552  loss_label 0.0936  loss_label_0 0.1133  loss_label_1 0.1037  loss_label_2 0.0976  loss_lcb_d1_bind 0.2526  loss_lcb_drop 0.0008  loss_lcb_late_bind 0.0583  loss_lcb_owner_cons 0.0029  loss_mask_iou 0.0000  loss_mask_iou_0 1.5548  loss_mask_iou_1 1.5418  loss_mask_iou_2 1.5285  loss_overall 11.5577  loss_saliency 2.9386  loss_span 0.2206  loss_span_0 0.2762  loss_span_1 0.2355  loss_span_2 0.2250
2026-08-30 15:23:50,659 INFO Generate submissions
2026-08-30 15:23:55,003 INFO Saving/Evaluating before nms results
2026-08-30 15:23:58,824 INFO metrics_no_nms OrderedDict([   ('MR-full-R1@0.5', 67.1),
                ('MR-full-R1@0.7', 52.19),
                ('MR-full-mAP', 47.88),
                ('MR-full-mAP@0.5', 68.44),
                ('MR-full-mAP@0.75', 49.0),
                ('MR-long-mAP', 56.96),
                ('MR-middle-mAP', 48.81),
                ('MR-short-mAP', 10.35),
                ('HL-min-Fair-mAP', 76.44),
                ('HL-min-Fair-Hit1', 78.06),
                ('HL-min-Good-mAP', 65.36),
                ('HL-min-Good-Hit1', 76.06),
                ('HL-min-VeryGood-mAP', 40.05),
                ('HL-min-VeryGood-Hit1', 64.97)])
2026-08-30 15:23:59,091 INFO [Best] epoch 94, MR-full-mAP 47.8800
2026-08-30 15:23:59,311 INFO [Epoch 95]
2026-08-30 15:25:03,995 INFO Epoch[95] class_error 29.7495  class_error_0 38.3086  class_error_1 33.7430  class_error_2 30.7461  loss_giou 0.2959  loss_giou_0 0.3809  loss_giou_1 0.3218  loss_giou_2 0.3046  loss_iou_scores 0.0540  loss_iou_scores_0 0.0565  loss_iou_scores_1 0.0555  loss_iou_scores_2 0.0549  loss_label 0.0912  loss_label_0 0.1116  loss_label_1 0.1011  loss_label_2 0.0948  loss_lcb_d1_bind 0.2508  loss_lcb_drop 0.0008  loss_lcb_late_bind 0.0581  loss_lcb_owner_cons 0.0029  loss_mask_iou 0.0000  loss_mask_iou_0 1.5601  loss_mask_iou_1 1.5494  loss_mask_iou_2 1.5382  loss_overall 11.5719  loss_saliency 2.9395  loss_span 0.2217  loss_span_0 0.2758  loss_span_1 0.2356  loss_span_2 0.2262
2026-08-30 15:25:03,998 INFO Generate submissions
2026-08-30 15:25:08,566 INFO Saving/Evaluating before nms results
2026-08-30 15:25:12,179 INFO metrics_no_nms OrderedDict([   ('MR-full-R1@0.5', 67.23),
                ('MR-full-R1@0.7', 52.26),
                ('MR-full-mAP', 47.51),
                ('MR-full-mAP@0.5', 68.23),
                ('MR-full-mAP@0.75', 49.3),
                ('MR-long-mAP', 53.19),
                ('MR-middle-mAP', 49.82),
                ('MR-short-mAP', 12.27),
                ('HL-min-Fair-mAP', 76.87),
                ('HL-min-Fair-Hit1', 77.42),
                ('HL-min-Good-mAP', 65.82),
                ('HL-min-Good-Hit1', 75.35),
                ('HL-min-VeryGood-mAP', 40.09),
                ('HL-min-VeryGood-Hit1', 63.48)])
2026-08-30 15:25:12,476 INFO [Epoch 96]
2026-08-30 15:26:17,482 INFO Epoch[96] class_error 30.3863  class_error_0 39.7985  class_error_1 34.2143  class_error_2 31.3675  loss_giou 0.2945  loss_giou_0 0.3781  loss_giou_1 0.3206  loss_giou_2 0.3031  loss_iou_scores 0.0546  loss_iou_scores_0 0.0574  loss_iou_scores_1 0.0550  loss_iou_scores_2 0.0554  loss_label 0.0927  loss_label_0 0.1115  loss_label_1 0.1014  loss_label_2 0.0955  loss_lcb_d1_bind 0.2533  loss_lcb_drop 0.0007  loss_lcb_late_bind 0.0582  loss_lcb_owner_cons 0.0028  loss_mask_iou 0.0000  loss_mask_iou_0 1.5616  loss_mask_iou_1 1.5334  loss_mask_iou_2 1.5251  loss_overall 11.5399  loss_saliency 2.9366  loss_span 0.2226  loss_span_0 0.2776  loss_span_1 0.2380  loss_span_2 0.2269
2026-08-30 15:26:17,485 INFO Generate submissions
2026-08-30 15:26:21,591 INFO Saving/Evaluating before nms results
2026-08-30 15:26:25,400 INFO metrics_no_nms OrderedDict([   ('MR-full-R1@0.5', 66.84),
                ('MR-full-R1@0.7', 52.19),
                ('MR-full-mAP', 47.76),
                ('MR-full-mAP@0.5', 68.35),
                ('MR-full-mAP@0.75', 49.49),
                ('MR-long-mAP', 53.98),
                ('MR-middle-mAP', 49.47),
                ('MR-short-mAP', 12.64),
                ('HL-min-Fair-mAP', 76.91),
                ('HL-min-Fair-Hit1', 78.52),
                ('HL-min-Good-mAP', 65.79),
                ('HL-min-Good-Hit1', 76.58),
                ('HL-min-VeryGood-mAP', 40.16),
                ('HL-min-VeryGood-Hit1', 64.65)])
2026-08-30 15:26:25,703 INFO [Epoch 97]
2026-08-30 15:27:30,935 INFO Epoch[97] class_error 30.5666  class_error_0 37.6575  class_error_1 33.7278  class_error_2 32.0804  loss_giou 0.2962  loss_giou_0 0.3784  loss_giou_1 0.3200  loss_giou_2 0.3025  loss_iou_scores 0.0544  loss_iou_scores_0 0.0563  loss_iou_scores_1 0.0552  loss_iou_scores_2 0.0557  loss_label 0.0926  loss_label_0 0.1117  loss_label_1 0.1026  loss_label_2 0.0969  loss_lcb_d1_bind 0.2529  loss_lcb_drop 0.0007  loss_lcb_late_bind 0.0591  loss_lcb_owner_cons 0.0028  loss_mask_iou 0.0000  loss_mask_iou_0 1.5546  loss_mask_iou_1 1.5328  loss_mask_iou_2 1.5192  loss_overall 11.5198  loss_saliency 2.9311  loss_span 0.2218  loss_span_0 0.2748  loss_span_1 0.2360  loss_span_2 0.2243
2026-08-30 15:27:30,938 INFO Generate submissions
2026-08-30 15:27:35,260 INFO Saving/Evaluating before nms results
2026-08-30 15:27:39,099 INFO metrics_no_nms OrderedDict([   ('MR-full-R1@0.5', 66.97),
                ('MR-full-R1@0.7', 51.03),
                ('MR-full-mAP', 47.26),
                ('MR-full-mAP@0.5', 68.32),
                ('MR-full-mAP@0.75', 48.25),
                ('MR-long-mAP', 55.18),
                ('MR-middle-mAP', 48.22),
                ('MR-short-mAP', 11.39),
                ('HL-min-Fair-mAP', 76.77),
                ('HL-min-Fair-Hit1', 77.61),
                ('HL-min-Good-mAP', 65.9),
                ('HL-min-Good-Hit1', 75.74),
                ('HL-min-VeryGood-mAP', 40.38),
                ('HL-min-VeryGood-Hit1', 64.97)])
2026-08-30 15:27:39,360 INFO [Epoch 98]
2026-08-30 15:28:44,815 INFO Epoch[98] class_error 30.7051  class_error_0 38.7113  class_error_1 33.6461  class_error_2 30.8647  loss_giou 0.2949  loss_giou_0 0.3827  loss_giou_1 0.3209  loss_giou_2 0.3027  loss_iou_scores 0.0550  loss_iou_scores_0 0.0559  loss_iou_scores_1 0.0554  loss_iou_scores_2 0.0557  loss_label 0.0929  loss_label_0 0.1125  loss_label_1 0.1025  loss_label_2 0.0967  loss_lcb_d1_bind 0.2549  loss_lcb_drop 0.0008  loss_lcb_late_bind 0.0579  loss_lcb_owner_cons 0.0029  loss_mask_iou 0.0000  loss_mask_iou_0 1.5530  loss_mask_iou_1 1.5394  loss_mask_iou_2 1.5227  loss_overall 11.5281  loss_saliency 2.9285  loss_span 0.2206  loss_span_0 0.2753  loss_span_1 0.2361  loss_span_2 0.2243
2026-08-30 15:28:44,819 INFO Generate submissions
2026-08-30 15:28:49,046 INFO Saving/Evaluating before nms results
2026-08-30 15:28:52,815 INFO metrics_no_nms OrderedDict([   ('MR-full-R1@0.5', 66.45),
                ('MR-full-R1@0.7', 52.65),
                ('MR-full-mAP', 46.95),
                ('MR-full-mAP@0.5', 67.21),
                ('MR-full-mAP@0.75', 48.71),
                ('MR-long-mAP', 52.43),
                ('MR-middle-mAP', 49.77),
                ('MR-short-mAP', 11.17),
                ('HL-min-Fair-mAP', 77.56),
                ('HL-min-Fair-Hit1', 79.1),
                ('HL-min-Good-mAP', 66.47),
                ('HL-min-Good-Hit1', 77.35),
                ('HL-min-VeryGood-mAP', 40.72),
                ('HL-min-VeryGood-Hit1', 65.61)])
2026-08-30 15:28:53,102 INFO [Epoch 99]
2026-08-30 15:29:57,496 INFO Epoch[99] class_error 30.2257  class_error_0 39.1377  class_error_1 33.2171  class_error_2 30.8264  loss_giou 0.2939  loss_giou_0 0.3831  loss_giou_1 0.3192  loss_giou_2 0.3031  loss_iou_scores 0.0548  loss_iou_scores_0 0.0559  loss_iou_scores_1 0.0547  loss_iou_scores_2 0.0556  loss_label 0.0930  loss_label_0 0.1115  loss_label_1 0.1017  loss_label_2 0.0966  loss_lcb_d1_bind 0.2527  loss_lcb_drop 0.0008  loss_lcb_late_bind 0.0578  loss_lcb_owner_cons 0.0030  loss_mask_iou 0.0000  loss_mask_iou_0 1.5574  loss_mask_iou_1 1.5391  loss_mask_iou_2 1.5192  loss_overall 11.5316  loss_saliency 2.9346  loss_span 0.2209  loss_span_0 0.2758  loss_span_1 0.2350  loss_span_2 0.2243
2026-08-30 15:29:57,499 INFO Generate submissions
2026-08-30 15:30:01,908 INFO Saving/Evaluating before nms results
2026-08-30 15:30:05,539 INFO metrics_no_nms OrderedDict([   ('MR-full-R1@0.5', 66.26),
                ('MR-full-R1@0.7', 51.35),
                ('MR-full-mAP', 47.41),
                ('MR-full-mAP@0.5', 68.11),
                ('MR-full-mAP@0.75', 48.43),
                ('MR-long-mAP', 54.97),
                ('MR-middle-mAP', 48.7),
                ('MR-short-mAP', 11.29),
                ('HL-min-Fair-mAP', 77.19),
                ('HL-min-Fair-Hit1', 78.97),
                ('HL-min-Good-mAP', 66.29),
                ('HL-min-Good-Hit1', 77.35),
                ('HL-min-VeryGood-mAP', 40.66),
                ('HL-min-VeryGood-Hit1', 66.13)])
2026-08-30 15:30:05,783 INFO [Epoch 100]
2026-08-30 15:31:09,382 INFO Epoch[100] class_error 29.8425  class_error_0 37.2540  class_error_1 33.4086  class_error_2 30.4988  loss_giou 0.2912  loss_giou_0 0.3792  loss_giou_1 0.3182  loss_giou_2 0.3004  loss_iou_scores 0.0562  loss_iou_scores_0 0.0580  loss_iou_scores_1 0.0562  loss_iou_scores_2 0.0572  loss_label 0.0914  loss_label_0 0.1102  loss_label_1 0.1007  loss_label_2 0.0945  loss_lcb_d1_bind 0.2507  loss_lcb_drop 0.0009  loss_lcb_late_bind 0.0581  loss_lcb_owner_cons 0.0031  loss_mask_iou 0.0000  loss_mask_iou_0 1.5499  loss_mask_iou_1 1.5318  loss_mask_iou_2 1.5156  loss_overall 11.4947  loss_saliency 2.9296  loss_span 0.2196  loss_span_0 0.2757  loss_span_1 0.2343  loss_span_2 0.2243
2026-08-30 15:31:09,385 INFO Generate submissions
2026-08-30 15:31:13,719 INFO Saving/Evaluating before nms results
2026-08-30 15:31:17,467 INFO metrics_no_nms OrderedDict([   ('MR-full-R1@0.5', 67.03),
                ('MR-full-R1@0.7', 51.68),
                ('MR-full-mAP', 47.17),
                ('MR-full-mAP@0.5', 67.79),
                ('MR-full-mAP@0.75', 48.42),
                ('MR-long-mAP', 54.79),
                ('MR-middle-mAP', 48.28),
                ('MR-short-mAP', 11.48),
                ('HL-min-Fair-mAP', 76.49),
                ('HL-min-Fair-Hit1', 77.16),
                ('HL-min-Good-mAP', 65.57),
                ('HL-min-Good-Hit1', 75.23),
                ('HL-min-VeryGood-mAP', 40.05),
                ('HL-min-VeryGood-Hit1', 64.13)])
2026-08-30 15:31:17,978 INFO [Epoch 101]
2026-08-30 15:32:21,396 INFO Epoch[101] class_error 27.7965  class_error_0 34.4638  class_error_1 31.1478  class_error_2 28.0770  loss_giou 0.2772  loss_giou_0 0.3603  loss_giou_1 0.3023  loss_giou_2 0.2862  loss_iou_scores 0.0538  loss_iou_scores_0 0.0557  loss_iou_scores_1 0.0557  loss_iou_scores_2 0.0555  loss_label 0.0866  loss_label_0 0.1056  loss_label_1 0.0964  loss_label_2 0.0898  loss_lcb_d1_bind 0.2480  loss_lcb_drop 0.0008  loss_lcb_late_bind 0.0550  loss_lcb_owner_cons 0.0029  loss_mask_iou 0.0000  loss_mask_iou_0 1.4773  loss_mask_iou_1 1.4557  loss_mask_iou_2 1.4428  loss_overall 11.0632  loss_saliency 2.8994  loss_span 0.2024  loss_span_0 0.2509  loss_span_1 0.2153  loss_span_2 0.2070
2026-08-30 15:32:21,399 INFO Generate submissions
2026-08-30 15:32:25,913 INFO Saving/Evaluating before nms results
2026-08-30 15:32:30,196 INFO metrics_no_nms OrderedDict([   ('MR-full-R1@0.5', 67.35),
                ('MR-full-R1@0.7', 53.35),
                ('MR-full-mAP', 48.36),
                ('MR-full-mAP@0.5', 68.31),
                ('MR-full-mAP@0.75', 49.96),
                ('MR-long-mAP', 55.29),
                ('MR-middle-mAP', 49.91),
                ('MR-short-mAP', 12.73),
                ('HL-min-Fair-mAP', 77.52),
                ('HL-min-Fair-Hit1', 79.68),
                ('HL-min-Good-mAP', 66.52),
                ('HL-min-Good-Hit1', 77.94),
                ('HL-min-VeryGood-mAP', 40.72),
                ('HL-min-VeryGood-Hit1', 66.39)])
2026-08-30 15:32:30,856 INFO [Best] epoch 101, MR-full-mAP 48.3600
2026-08-30 15:32:31,171 INFO [Epoch 102]
2026-08-30 15:33:40,137 INFO Epoch[102] class_error 27.1755  class_error_0 34.3179  class_error_1 30.3491  class_error_2 27.8100  loss_giou 0.2709  loss_giou_0 0.3513  loss_giou_1 0.2953  loss_giou_2 0.2777  loss_iou_scores 0.0524  loss_iou_scores_0 0.0545  loss_iou_scores_1 0.0533  loss_iou_scores_2 0.0543  loss_label 0.0853  loss_label_0 0.1036  loss_label_1 0.0948  loss_label_2 0.0889  loss_lcb_d1_bind 0.2316  loss_lcb_drop 0.0007  loss_lcb_late_bind 0.0538  loss_lcb_owner_cons 0.0028  loss_mask_iou 0.0000  loss_mask_iou_0 1.4405  loss_mask_iou_1 1.4152  loss_mask_iou_2 1.3993  loss_overall 10.8493  loss_saliency 2.8926  loss_span 0.1963  loss_span_0 0.2424  loss_span_1 0.2087  loss_span_2 0.1999
2026-08-30 15:33:40,141 INFO Generate submissions
2026-08-30 15:33:44,500 INFO Saving/Evaluating before nms results
2026-08-30 15:33:48,482 INFO metrics_no_nms OrderedDict([   ('MR-full-R1@0.5', 68.39),
                ('MR-full-R1@0.7', 53.29),
                ('MR-full-mAP', 48.67),
                ('MR-full-mAP@0.5', 68.75),
                ('MR-full-mAP@0.75', 50.48),
                ('MR-long-mAP', 55.67),
                ('MR-middle-mAP', 50.06),
                ('MR-short-mAP', 12.87),
                ('HL-min-Fair-mAP', 77.59),
                ('HL-min-Fair-Hit1', 79.74),
                ('HL-min-Good-mAP', 66.63),
                ('HL-min-Good-Hit1', 77.81),
                ('HL-min-VeryGood-mAP', 40.81),
                ('HL-min-VeryGood-Hit1', 66.45)])
2026-08-30 15:33:49,086 INFO [Best] epoch 102, MR-full-mAP 48.6700
2026-08-30 15:33:49,423 INFO [Epoch 103]
2026-08-30 15:34:54,803 INFO Epoch[103] class_error 26.6786  class_error_0 34.8974  class_error_1 30.2575  class_error_2 27.5348  loss_giou 0.2706  loss_giou_0 0.3463  loss_giou_1 0.2928  loss_giou_2 0.2788  loss_iou_scores 0.0515  loss_iou_scores_0 0.0538  loss_iou_scores_1 0.0531  loss_iou_scores_2 0.0532  loss_label 0.0844  loss_label_0 0.1035  loss_label_1 0.0949  loss_label_2 0.0883  loss_lcb_d1_bind 0.2330  loss_lcb_drop 0.0007  loss_lcb_late_bind 0.0534  loss_lcb_owner_cons 0.0027  loss_mask_iou 0.0000  loss_mask_iou_0 1.4323  loss_mask_iou_1 1.4131  loss_mask_iou_2 1.3962  loss_overall 10.8089  loss_saliency 2.8889  loss_span 0.1953  loss_span_0 0.2393  loss_span_1 0.2077  loss_span_2 0.1988
2026-08-30 15:34:54,806 INFO Generate submissions
2026-08-30 15:34:59,257 INFO Saving/Evaluating before nms results
2026-08-30 15:35:02,860 INFO metrics_no_nms OrderedDict([   ('MR-full-R1@0.5', 67.94),
                ('MR-full-R1@0.7', 53.48),
                ('MR-full-mAP', 48.73),
                ('MR-full-mAP@0.5', 68.78),
                ('MR-full-mAP@0.75', 50.3),
                ('MR-long-mAP', 55.24),
                ('MR-middle-mAP', 50.42),
                ('MR-short-mAP', 13.1),
                ('HL-min-Fair-mAP', 77.51),
                ('HL-min-Fair-Hit1', 79.1),
                ('HL-min-Good-mAP', 66.44),
                ('HL-min-Good-Hit1', 77.16),
                ('HL-min-VeryGood-mAP', 40.54),
                ('HL-min-VeryGood-Hit1', 65.68)])
2026-08-30 15:35:03,394 INFO [Best] epoch 103, MR-full-mAP 48.7300
2026-08-30 15:35:03,798 INFO [Epoch 104]
2026-08-30 15:36:08,253 INFO Epoch[104] class_error 26.3024  class_error_0 34.2957  class_error_1 29.4445  class_error_2 27.0539  loss_giou 0.2638  loss_giou_0 0.3419  loss_giou_1 0.2868  loss_giou_2 0.2708  loss_iou_scores 0.0504  loss_iou_scores_0 0.0530  loss_iou_scores_1 0.0523  loss_iou_scores_2 0.0521  loss_label 0.0829  loss_label_0 0.1021  loss_label_1 0.0930  loss_label_2 0.0870  loss_lcb_d1_bind 0.2232  loss_lcb_drop 0.0007  loss_lcb_late_bind 0.0513  loss_lcb_owner_cons 0.0027  loss_mask_iou 0.0000  loss_mask_iou_0 1.3945  loss_mask_iou_1 1.3782  loss_mask_iou_2 1.3680  loss_overall 10.6333  loss_saliency 2.8774  loss_span 0.1920  loss_span_0 0.2335  loss_span_1 0.2026  loss_span_2 0.1951
2026-08-30 15:36:08,256 INFO Generate submissions
2026-08-30 15:36:12,395 INFO Saving/Evaluating before nms results
2026-08-30 15:36:16,017 INFO metrics_no_nms OrderedDict([   ('MR-full-R1@0.5', 68.13),
                ('MR-full-R1@0.7', 53.29),
                ('MR-full-mAP', 48.83),
                ('MR-full-mAP@0.5', 68.96),
                ('MR-full-mAP@0.75', 50.28),
                ('MR-long-mAP', 55.72),
                ('MR-middle-mAP', 50.29),
                ('MR-short-mAP', 12.86),
                ('HL-min-Fair-mAP', 77.74),
                ('HL-min-Fair-Hit1', 79.74),
                ('HL-min-Good-mAP', 66.64),
                ('HL-min-Good-Hit1', 78.0),
                ('HL-min-VeryGood-mAP', 40.72),
                ('HL-min-VeryGood-Hit1', 66.58)])
2026-08-30 15:36:16,265 INFO [Best] epoch 104, MR-full-mAP 48.8300
2026-08-30 15:36:16,514 INFO [Epoch 105]
2026-08-30 15:37:21,277 INFO Epoch[105] class_error 25.6408  class_error_0 33.3102  class_error_1 28.9759  class_error_2 26.2884  loss_giou 0.2634  loss_giou_0 0.3379  loss_giou_1 0.2841  loss_giou_2 0.2703  loss_iou_scores 0.0504  loss_iou_scores_0 0.0537  loss_iou_scores_1 0.0523  loss_iou_scores_2 0.0524  loss_label 0.0824  loss_label_0 0.1022  loss_label_1 0.0929  loss_label_2 0.0868  loss_lcb_d1_bind 0.2229  loss_lcb_drop 0.0006  loss_lcb_late_bind 0.0507  loss_lcb_owner_cons 0.0026  loss_mask_iou 0.0000  loss_mask_iou_0 1.3871  loss_mask_iou_1 1.3676  loss_mask_iou_2 1.3553  loss_overall 10.5803  loss_saliency 2.8824  loss_span 0.1880  loss_span_0 0.2319  loss_span_1 0.1982  loss_span_2 0.1909
2026-08-30 15:37:21,281 INFO Generate submissions
2026-08-30 15:37:25,412 INFO Saving/Evaluating before nms results
2026-08-30 15:37:29,007 INFO metrics_no_nms OrderedDict([   ('MR-full-R1@0.5', 68.32),
                ('MR-full-R1@0.7', 53.94),
                ('MR-full-mAP', 48.92),
                ('MR-full-mAP@0.5', 68.92),
                ('MR-full-mAP@0.75', 50.36),
                ('MR-long-mAP', 55.87),
                ('MR-middle-mAP', 50.31),
                ('MR-short-mAP', 12.81),
                ('HL-min-Fair-mAP', 77.5),
                ('HL-min-Fair-Hit1', 79.29),
                ('HL-min-Good-mAP', 66.39),
                ('HL-min-Good-Hit1', 77.42),
                ('HL-min-VeryGood-mAP', 40.53),
                ('HL-min-VeryGood-Hit1', 66.06)])
2026-08-30 15:37:29,326 INFO [Best] epoch 105, MR-full-mAP 48.9200
2026-08-30 15:37:29,601 INFO [Epoch 106]
2026-08-30 15:38:34,350 INFO Epoch[106] class_error 25.8283  class_error_0 34.4899  class_error_1 29.4138  class_error_2 27.0989  loss_giou 0.2633  loss_giou_0 0.3394  loss_giou_1 0.2843  loss_giou_2 0.2692  loss_iou_scores 0.0501  loss_iou_scores_0 0.0526  loss_iou_scores_1 0.0514  loss_iou_scores_2 0.0519  loss_label 0.0818  loss_label_0 0.1014  loss_label_1 0.0919  loss_label_2 0.0862  loss_lcb_d1_bind 0.2241  loss_lcb_drop 0.0006  loss_lcb_late_bind 0.0510  loss_lcb_owner_cons 0.0026  loss_mask_iou 0.0000  loss_mask_iou_0 1.3921  loss_mask_iou_1 1.3669  loss_mask_iou_2 1.3590  loss_overall 10.5696  loss_saliency 2.8713  loss_span 0.1874  loss_span_0 0.2305  loss_span_1 0.1976  loss_span_2 0.1896
2026-08-30 15:38:34,352 INFO Generate submissions
2026-08-30 15:38:38,505 INFO Saving/Evaluating before nms results
2026-08-30 15:38:42,307 INFO metrics_no_nms OrderedDict([   ('MR-full-R1@0.5', 67.94),
                ('MR-full-R1@0.7', 53.68),
                ('MR-full-mAP', 48.96),
                ('MR-full-mAP@0.5', 68.95),
                ('MR-full-mAP@0.75', 50.41),
                ('MR-long-mAP', 55.35),
                ('MR-middle-mAP', 50.72),
                ('MR-short-mAP', 12.97),
                ('HL-min-Fair-mAP', 77.65),
                ('HL-min-Fair-Hit1', 79.81),
                ('HL-min-Good-mAP', 66.54),
                ('HL-min-Good-Hit1', 78.0),
                ('HL-min-VeryGood-mAP', 40.55),
                ('HL-min-VeryGood-Hit1', 66.39)])
2026-08-30 15:38:42,624 INFO [Best] epoch 106, MR-full-mAP 48.9600
2026-08-30 15:38:42,901 INFO [Epoch 107]
2026-08-30 15:39:48,702 INFO Epoch[107] class_error 25.6482  class_error_0 34.2642  class_error_1 29.2828  class_error_2 26.7674  loss_giou 0.2635  loss_giou_0 0.3402  loss_giou_1 0.2841  loss_giou_2 0.2715  loss_iou_scores 0.0495  loss_iou_scores_0 0.0528  loss_iou_scores_1 0.0515  loss_iou_scores_2 0.0509  loss_label 0.0816  loss_label_0 0.1014  loss_label_1 0.0923  loss_label_2 0.0860  loss_lcb_d1_bind 0.2239  loss_lcb_drop 0.0006  loss_lcb_late_bind 0.0515  loss_lcb_owner_cons 0.0026  loss_mask_iou 0.0000  loss_mask_iou_0 1.3978  loss_mask_iou_1 1.3784  loss_mask_iou_2 1.3626  loss_overall 10.5969  loss_saliency 2.8766  loss_span 0.1881  loss_span_0 0.2313  loss_span_1 0.1982  loss_span_2 0.1909
2026-08-30 15:39:48,705 INFO Generate submissions
2026-08-30 15:39:52,945 INFO Saving/Evaluating before nms results
2026-08-30 15:39:56,747 INFO metrics_no_nms OrderedDict([   ('MR-full-R1@0.5', 68.26),
                ('MR-full-R1@0.7', 53.68),
                ('MR-full-mAP', 49.14),
                ('MR-full-mAP@0.5', 69.14),
                ('MR-full-mAP@0.75', 50.51),
                ('MR-long-mAP', 55.62),
                ('MR-middle-mAP', 50.98),
                ('MR-short-mAP', 13.07),
                ('HL-min-Fair-mAP', 77.67),
                ('HL-min-Fair-Hit1', 80.0),
                ('HL-min-Good-mAP', 66.66),
                ('HL-min-Good-Hit1', 78.06),
                ('HL-min-VeryGood-mAP', 40.72),
                ('HL-min-VeryGood-Hit1', 66.39)])
2026-08-30 15:39:57,513 INFO [Best] epoch 107, MR-full-mAP 49.1400
2026-08-30 15:39:57,763 INFO [Epoch 108]
2026-08-30 15:41:03,165 INFO Epoch[108] class_error 25.9162  class_error_0 33.3965  class_error_1 28.3525  class_error_2 26.6876  loss_giou 0.2612  loss_giou_0 0.3392  loss_giou_1 0.2817  loss_giou_2 0.2670  loss_iou_scores 0.0504  loss_iou_scores_0 0.0531  loss_iou_scores_1 0.0524  loss_iou_scores_2 0.0526  loss_label 0.0823  loss_label_0 0.1009  loss_label_1 0.0918  loss_label_2 0.0861  loss_lcb_d1_bind 0.2198  loss_lcb_drop 0.0006  loss_lcb_late_bind 0.0506  loss_lcb_owner_cons 0.0026  loss_mask_iou 0.0000  loss_mask_iou_0 1.3749  loss_mask_iou_1 1.3560  loss_mask_iou_2 1.3420  loss_overall 10.5185  loss_saliency 2.8743  loss_span 0.1868  loss_span_0 0.2297  loss_span_1 0.1975  loss_span_2 0.1896
2026-08-30 15:41:03,169 INFO Generate submissions
2026-08-30 15:41:07,279 INFO Saving/Evaluating before nms results
2026-08-30 15:41:10,875 INFO metrics_no_nms OrderedDict([   ('MR-full-R1@0.5', 67.42),
                ('MR-full-R1@0.7', 52.97),
                ('MR-full-mAP', 48.82),
                ('MR-full-mAP@0.5', 68.5),
                ('MR-full-mAP@0.75', 50.57),
                ('MR-long-mAP', 55.89),
                ('MR-middle-mAP', 50.28),
                ('MR-short-mAP', 12.75),
                ('HL-min-Fair-mAP', 77.43),
                ('HL-min-Fair-Hit1', 79.55),
                ('HL-min-Good-mAP', 66.38),
                ('HL-min-Good-Hit1', 77.61),
                ('HL-min-VeryGood-mAP', 40.5),
                ('HL-min-VeryGood-Hit1', 65.68)])
2026-08-30 15:41:11,110 INFO [Epoch 109]
2026-08-30 15:42:16,167 INFO Epoch[109] class_error 26.0784  class_error_0 32.7978  class_error_1 28.7107  class_error_2 26.4265  loss_giou 0.2621  loss_giou_0 0.3391  loss_giou_1 0.2824  loss_giou_2 0.2687  loss_iou_scores 0.0500  loss_iou_scores_0 0.0520  loss_iou_scores_1 0.0519  loss_iou_scores_2 0.0516  loss_label 0.0820  loss_label_0 0.1012  loss_label_1 0.0916  loss_label_2 0.0855  loss_lcb_d1_bind 0.2185  loss_lcb_drop 0.0006  loss_lcb_late_bind 0.0504  loss_lcb_owner_cons 0.0025  loss_mask_iou 0.0000  loss_mask_iou_0 1.3884  loss_mask_iou_1 1.3600  loss_mask_iou_2 1.3525  loss_overall 10.5265  loss_saliency 2.8687  loss_span 0.1840  loss_span_0 0.2279  loss_span_1 0.1953  loss_span_2 0.1870
2026-08-30 15:42:16,170 INFO Generate submissions
2026-08-30 15:42:20,870 INFO Saving/Evaluating before nms results
2026-08-30 15:42:24,576 INFO metrics_no_nms OrderedDict([   ('MR-full-R1@0.5', 68.0),
                ('MR-full-R1@0.7', 53.68),
                ('MR-full-mAP', 48.76),
                ('MR-full-mAP@0.5', 68.82),
                ('MR-full-mAP@0.75', 50.58),
                ('MR-long-mAP', 55.32),
                ('MR-middle-mAP', 50.5),
                ('MR-short-mAP', 12.7),
                ('HL-min-Fair-mAP', 77.5),
                ('HL-min-Fair-Hit1', 79.81),
                ('HL-min-Good-mAP', 66.45),
                ('HL-min-Good-Hit1', 77.87),
                ('HL-min-VeryGood-mAP', 40.5),
                ('HL-min-VeryGood-Hit1', 65.81)])
2026-08-30 15:42:24,864 INFO [Epoch 110]
2026-08-30 15:43:30,574 INFO Epoch[110] class_error 25.0284  class_error_0 32.9854  class_error_1 28.6803  class_error_2 26.0547  loss_giou 0.2616  loss_giou_0 0.3381  loss_giou_1 0.2822  loss_giou_2 0.2679  loss_iou_scores 0.0493  loss_iou_scores_0 0.0521  loss_iou_scores_1 0.0510  loss_iou_scores_2 0.0509  loss_label 0.0804  loss_label_0 0.0992  loss_label_1 0.0902  loss_label_2 0.0842  loss_lcb_d1_bind 0.2160  loss_lcb_drop 0.0006  loss_lcb_late_bind 0.0493  loss_lcb_owner_cons 0.0025  loss_mask_iou 0.0000  loss_mask_iou_0 1.3725  loss_mask_iou_1 1.3490  loss_mask_iou_2 1.3422  loss_overall 10.4815  loss_saliency 2.8735  loss_span 0.1863  loss_span_0 0.2295  loss_span_1 0.1971  loss_span_2 0.1893
2026-08-30 15:43:30,578 INFO Generate submissions
2026-08-30 15:43:34,799 INFO Saving/Evaluating before nms results
2026-08-30 15:43:38,602 INFO metrics_no_nms OrderedDict([   ('MR-full-R1@0.5', 67.94),
                ('MR-full-R1@0.7', 53.68),
                ('MR-full-mAP', 48.88),
                ('MR-full-mAP@0.5', 68.83),
                ('MR-full-mAP@0.75', 50.37),
                ('MR-long-mAP', 55.88),
                ('MR-middle-mAP', 50.31),
                ('MR-short-mAP', 12.68),
                ('HL-min-Fair-mAP', 77.47),
                ('HL-min-Fair-Hit1', 79.23),
                ('HL-min-Good-mAP', 66.46),
                ('HL-min-Good-Hit1', 77.35),
                ('HL-min-VeryGood-mAP', 40.56),
                ('HL-min-VeryGood-Hit1', 65.55)])
2026-08-30 15:43:38,883 INFO [Epoch 111]
2026-08-30 15:44:43,081 INFO Epoch[111] class_error 24.5606  class_error_0 32.8386  class_error_1 28.5802  class_error_2 25.6526  loss_giou 0.2562  loss_giou_0 0.3327  loss_giou_1 0.2772  loss_giou_2 0.2620  loss_iou_scores 0.0482  loss_iou_scores_0 0.0521  loss_iou_scores_1 0.0504  loss_iou_scores_2 0.0498  loss_label 0.0792  loss_label_0 0.0987  loss_label_1 0.0891  loss_label_2 0.0830  loss_lcb_d1_bind 0.2102  loss_lcb_drop 0.0006  loss_lcb_late_bind 0.0485  loss_lcb_owner_cons 0.0024  loss_mask_iou 0.0000  loss_mask_iou_0 1.3529  loss_mask_iou_1 1.3323  loss_mask_iou_2 1.3196  loss_overall 10.3666  loss_saliency 2.8661  loss_span 0.1821  loss_span_0 0.2251  loss_span_1 0.1934  loss_span_2 0.1850
2026-08-30 15:44:43,086 INFO Generate submissions
2026-08-30 15:44:47,048 INFO Saving/Evaluating before nms results
2026-08-30 15:44:50,819 INFO metrics_no_nms OrderedDict([   ('MR-full-R1@0.5', 68.0),
                ('MR-full-R1@0.7', 53.87),
                ('MR-full-mAP', 49.04),
                ('MR-full-mAP@0.5', 68.86),
                ('MR-full-mAP@0.75', 50.7),
                ('MR-long-mAP', 55.56),
                ('MR-middle-mAP', 50.81),
                ('MR-short-mAP', 12.81),
                ('HL-min-Fair-mAP', 77.51),
                ('HL-min-Fair-Hit1', 79.35),
                ('HL-min-Good-mAP', 66.54),
                ('HL-min-Good-Hit1', 77.29),
                ('HL-min-VeryGood-mAP', 40.68),
                ('HL-min-VeryGood-Hit1', 65.74)])
2026-08-30 15:44:51,097 INFO [Epoch 112]
2026-08-30 15:45:57,279 INFO Epoch[112] class_error 24.8589  class_error_0 31.9592  class_error_1 28.6669  class_error_2 26.0332  loss_giou 0.2598  loss_giou_0 0.3374  loss_giou_1 0.2823  loss_giou_2 0.2670  loss_iou_scores 0.0493  loss_iou_scores_0 0.0521  loss_iou_scores_1 0.0509  loss_iou_scores_2 0.0508  loss_label 0.0804  loss_label_0 0.0985  loss_label_1 0.0895  loss_label_2 0.0841  loss_lcb_d1_bind 0.2133  loss_lcb_drop 0.0006  loss_lcb_late_bind 0.0486  loss_lcb_owner_cons 0.0025  loss_mask_iou 0.0000  loss_mask_iou_0 1.3724  loss_mask_iou_1 1.3504  loss_mask_iou_2 1.3386  loss_overall 10.4565  loss_saliency 2.8703  loss_span 0.1839  loss_span_0 0.2267  loss_span_1 0.1947  loss_span_2 0.1868
2026-08-30 15:45:57,282 INFO Generate submissions
2026-08-30 15:46:01,885 INFO Saving/Evaluating before nms results
2026-08-30 15:46:05,713 INFO metrics_no_nms OrderedDict([   ('MR-full-R1@0.5', 68.13),
                ('MR-full-R1@0.7', 53.55),
                ('MR-full-mAP', 49.16),
                ('MR-full-mAP@0.5', 69.11),
                ('MR-full-mAP@0.75', 50.93),
                ('MR-long-mAP', 56.56),
                ('MR-middle-mAP', 50.34),
                ('MR-short-mAP', 12.92),
                ('HL-min-Fair-mAP', 77.54),
                ('HL-min-Fair-Hit1', 79.35),
                ('HL-min-Good-mAP', 66.5),
                ('HL-min-Good-Hit1', 77.35),
                ('HL-min-VeryGood-mAP', 40.59),
                ('HL-min-VeryGood-Hit1', 65.68)])
2026-08-30 15:46:06,023 INFO [Best] epoch 112, MR-full-mAP 49.1600
2026-08-30 15:46:06,282 INFO [Epoch 113]
2026-08-30 15:47:11,887 INFO Epoch[113] class_error 25.2366  class_error_0 32.9640  class_error_1 28.3747  class_error_2 26.1343  loss_giou 0.2584  loss_giou_0 0.3377  loss_giou_1 0.2804  loss_giou_2 0.2649  loss_iou_scores 0.0488  loss_iou_scores_0 0.0517  loss_iou_scores_1 0.0501  loss_iou_scores_2 0.0501  loss_label 0.0810  loss_label_0 0.1001  loss_label_1 0.0903  loss_label_2 0.0843  loss_lcb_d1_bind 0.2131  loss_lcb_drop 0.0006  loss_lcb_late_bind 0.0497  loss_lcb_owner_cons 0.0025  loss_mask_iou 0.0000  loss_mask_iou_0 1.3662  loss_mask_iou_1 1.3499  loss_mask_iou_2 1.3371  loss_overall 10.4344  loss_saliency 2.8666  loss_span 0.1819  loss_span_0 0.2247  loss_span_1 0.1929  loss_span_2 0.1852
2026-08-30 15:47:11,889 INFO Generate submissions
2026-08-30 15:47:16,453 INFO Saving/Evaluating before nms results
2026-08-30 15:47:20,064 INFO metrics_no_nms OrderedDict([   ('MR-full-R1@0.5', 67.74),
                ('MR-full-R1@0.7', 53.74),
                ('MR-full-mAP', 49.06),
                ('MR-full-mAP@0.5', 68.63),
                ('MR-full-mAP@0.75', 50.64),
                ('MR-long-mAP', 55.55),
                ('MR-middle-mAP', 50.39),
                ('MR-short-mAP', 13.43),
                ('HL-min-Fair-mAP', 77.43),
                ('HL-min-Fair-Hit1', 78.45),
                ('HL-min-Good-mAP', 66.29),
                ('HL-min-Good-Hit1', 76.39),
                ('HL-min-VeryGood-mAP', 40.53),
                ('HL-min-VeryGood-Hit1', 65.03)])
2026-08-30 15:47:20,378 INFO [Epoch 114]
2026-08-30 15:48:25,609 INFO Epoch[114] class_error 24.9233  class_error_0 31.4804  class_error_1 27.9303  class_error_2 25.6814  loss_giou 0.2607  loss_giou_0 0.3350  loss_giou_1 0.2814  loss_giou_2 0.2666  loss_iou_scores 0.0491  loss_iou_scores_0 0.0525  loss_iou_scores_1 0.0510  loss_iou_scores_2 0.0508  loss_label 0.0798  loss_label_0 0.0985  loss_label_1 0.0896  loss_label_2 0.0835  loss_lcb_d1_bind 0.2165  loss_lcb_drop 0.0006  loss_lcb_late_bind 0.0495  loss_lcb_owner_cons 0.0025  loss_mask_iou 0.0000  loss_mask_iou_0 1.3681  loss_mask_iou_1 1.3449  loss_mask_iou_2 1.3370  loss_overall 10.4355  loss_saliency 2.8591  loss_span 0.1842  loss_span_0 0.2271  loss_span_1 0.1946  loss_span_2 0.1870
2026-08-30 15:48:25,613 INFO Generate submissions
2026-08-30 15:48:29,887 INFO Saving/Evaluating before nms results
2026-08-30 15:48:33,524 INFO metrics_no_nms OrderedDict([   ('MR-full-R1@0.5', 67.61),
                ('MR-full-R1@0.7', 53.81),
                ('MR-full-mAP', 49.08),
                ('MR-full-mAP@0.5', 68.98),
                ('MR-full-mAP@0.75', 50.84),
                ('MR-long-mAP', 55.84),
                ('MR-middle-mAP', 50.35),
                ('MR-short-mAP', 13.44),
                ('HL-min-Fair-mAP', 77.35),
                ('HL-min-Fair-Hit1', 79.35),
                ('HL-min-Good-mAP', 66.34),
                ('HL-min-Good-Hit1', 77.68),
                ('HL-min-VeryGood-mAP', 40.58),
                ('HL-min-VeryGood-Hit1', 66.13)])
2026-08-30 15:48:34,079 INFO [Epoch 115]
2026-08-30 15:49:39,838 INFO Epoch[115] class_error 24.6297  class_error_0 32.2679  class_error_1 27.9094  class_error_2 25.5804  loss_giou 0.2571  loss_giou_0 0.3338  loss_giou_1 0.2784  loss_giou_2 0.2638  loss_iou_scores 0.0484  loss_iou_scores_0 0.0527  loss_iou_scores_1 0.0499  loss_iou_scores_2 0.0500  loss_label 0.0797  loss_label_0 0.0985  loss_label_1 0.0892  loss_label_2 0.0838  loss_lcb_d1_bind 0.2149  loss_lcb_drop 0.0006  loss_lcb_late_bind 0.0492  loss_lcb_owner_cons 0.0025  loss_mask_iou 0.0000  loss_mask_iou_0 1.3608  loss_mask_iou_1 1.3399  loss_mask_iou_2 1.3260  loss_overall 10.3913  loss_saliency 2.8635  loss_span 0.1824  loss_span_0 0.2235  loss_span_1 0.1928  loss_span_2 0.1844
2026-08-30 15:49:39,841 INFO Generate submissions
2026-08-30 15:49:43,911 INFO Saving/Evaluating before nms results
2026-08-30 15:49:47,724 INFO metrics_no_nms OrderedDict([   ('MR-full-R1@0.5', 68.32),
                ('MR-full-R1@0.7', 53.74),
                ('MR-full-mAP', 49.04),
                ('MR-full-mAP@0.5', 69.22),
                ('MR-full-mAP@0.75', 50.53),
                ('MR-long-mAP', 55.9),
                ('MR-middle-mAP', 50.1),
                ('MR-short-mAP', 13.63),
                ('HL-min-Fair-mAP', 77.55),
                ('HL-min-Fair-Hit1', 79.94),
                ('HL-min-Good-mAP', 66.45),
                ('HL-min-Good-Hit1', 78.26),
                ('HL-min-VeryGood-mAP', 40.69),
                ('HL-min-VeryGood-Hit1', 66.45)])
2026-08-30 15:49:48,015 INFO [Epoch 116]
2026-08-30 15:50:52,672 INFO Epoch[116] class_error 24.8564  class_error_0 32.7128  class_error_1 28.3055  class_error_2 25.7725  loss_giou 0.2587  loss_giou_0 0.3351  loss_giou_1 0.2810  loss_giou_2 0.2642  loss_iou_scores 0.0497  loss_iou_scores_0 0.0520  loss_iou_scores_1 0.0505  loss_iou_scores_2 0.0508  loss_label 0.0800  loss_label_0 0.0985  loss_label_1 0.0888  loss_label_2 0.0834  loss_lcb_d1_bind 0.2145  loss_lcb_drop 0.0006  loss_lcb_late_bind 0.0495  loss_lcb_owner_cons 0.0025  loss_mask_iou 0.0000  loss_mask_iou_0 1.3603  loss_mask_iou_1 1.3428  loss_mask_iou_2 1.3291  loss_overall 10.4099  loss_saliency 2.8658  loss_span 0.1823  loss_span_0 0.2236  loss_span_1 0.1926  loss_span_2 0.1845
2026-08-30 15:50:52,674 INFO Generate submissions
2026-08-30 15:50:56,987 INFO Saving/Evaluating before nms results
2026-08-30 15:51:00,690 INFO metrics_no_nms OrderedDict([   ('MR-full-R1@0.5', 68.71),
                ('MR-full-R1@0.7', 54.58),
                ('MR-full-mAP', 49.17),
                ('MR-full-mAP@0.5', 69.07),
                ('MR-full-mAP@0.75', 51.12),
                ('MR-long-mAP', 54.74),
                ('MR-middle-mAP', 51.14),
                ('MR-short-mAP', 13.84),
                ('HL-min-Fair-mAP', 77.61),
                ('HL-min-Fair-Hit1', 80.26),
                ('HL-min-Good-mAP', 66.52),
                ('HL-min-Good-Hit1', 78.13),
                ('HL-min-VeryGood-mAP', 40.71),
                ('HL-min-VeryGood-Hit1', 66.77)])
2026-08-30 15:51:01,025 INFO [Best] epoch 116, MR-full-mAP 49.1700
2026-08-30 15:51:01,259 INFO [Epoch 117]
2026-08-30 15:52:06,699 INFO Epoch[117] class_error 24.9481  class_error_0 32.0293  class_error_1 27.8148  class_error_2 25.8805  loss_giou 0.2566  loss_giou_0 0.3371  loss_giou_1 0.2794  loss_giou_2 0.2633  loss_iou_scores 0.0491  loss_iou_scores_0 0.0517  loss_iou_scores_1 0.0505  loss_iou_scores_2 0.0503  loss_label 0.0796  loss_label_0 0.0986  loss_label_1 0.0889  loss_label_2 0.0831  loss_lcb_d1_bind 0.2147  loss_lcb_drop 0.0006  loss_lcb_late_bind 0.0490  loss_lcb_owner_cons 0.0025  loss_mask_iou 0.0000  loss_mask_iou_0 1.3539  loss_mask_iou_1 1.3298  loss_mask_iou_2 1.3220  loss_overall 10.3711  loss_saliency 2.8618  loss_span 0.1804  loss_span_0 0.2251  loss_span_1 0.1912  loss_span_2 0.1826
2026-08-30 15:52:06,703 INFO Generate submissions
2026-08-30 15:52:11,598 INFO Saving/Evaluating before nms results
2026-08-30 15:52:15,179 INFO metrics_no_nms OrderedDict([   ('MR-full-R1@0.5', 68.71),
                ('MR-full-R1@0.7', 54.32),
                ('MR-full-mAP', 49.16),
                ('MR-full-mAP@0.5', 69.38),
                ('MR-full-mAP@0.75', 50.54),
                ('MR-long-mAP', 55.31),
                ('MR-middle-mAP', 50.89),
                ('MR-short-mAP', 13.68),
                ('HL-min-Fair-mAP', 77.41),
                ('HL-min-Fair-Hit1', 79.87),
                ('HL-min-Good-mAP', 66.38),
                ('HL-min-Good-Hit1', 78.0),
                ('HL-min-VeryGood-mAP', 40.72),
                ('HL-min-VeryGood-Hit1', 66.77)])
2026-08-30 15:52:15,473 INFO [Epoch 118]
2026-08-30 15:53:21,873 INFO Epoch[118] class_error 25.0420  class_error_0 32.6418  class_error_1 28.2425  class_error_2 26.4301  loss_giou 0.2563  loss_giou_0 0.3335  loss_giou_1 0.2772  loss_giou_2 0.2617  loss_iou_scores 0.0497  loss_iou_scores_0 0.0529  loss_iou_scores_1 0.0512  loss_iou_scores_2 0.0512  loss_label 0.0807  loss_label_0 0.0994  loss_label_1 0.0892  loss_label_2 0.0841  loss_lcb_d1_bind 0.2175  loss_lcb_drop 0.0006  loss_lcb_late_bind 0.0491  loss_lcb_owner_cons 0.0025  loss_mask_iou 0.0000  loss_mask_iou_0 1.3558  loss_mask_iou_1 1.3324  loss_mask_iou_2 1.3253  loss_overall 10.3854  loss_saliency 2.8681  loss_span 0.1799  loss_span_0 0.2240  loss_span_1 0.1909  loss_span_2 0.1829
2026-08-30 15:53:21,875 INFO Generate submissions
2026-08-30 15:53:26,019 INFO Saving/Evaluating before nms results
2026-08-30 15:53:29,610 INFO metrics_no_nms OrderedDict([   ('MR-full-R1@0.5', 67.94),
                ('MR-full-R1@0.7', 53.42),
                ('MR-full-mAP', 48.91),
                ('MR-full-mAP@0.5', 69.05),
                ('MR-full-mAP@0.75', 51.13),
                ('MR-long-mAP', 55.53),
                ('MR-middle-mAP', 50.25),
                ('MR-short-mAP', 13.41),
                ('HL-min-Fair-mAP', 77.38),
                ('HL-min-Fair-Hit1', 79.55),
                ('HL-min-Good-mAP', 66.3),
                ('HL-min-Good-Hit1', 77.61),
                ('HL-min-VeryGood-mAP', 40.57),
                ('HL-min-VeryGood-Hit1', 65.68)])
2026-08-30 15:53:29,896 INFO [Epoch 119]
2026-08-30 15:54:33,753 INFO Epoch[119] class_error 25.0024  class_error_0 33.1194  class_error_1 28.8131  class_error_2 25.9190  loss_giou 0.2538  loss_giou_0 0.3327  loss_giou_1 0.2752  loss_giou_2 0.2602  loss_iou_scores 0.0495  loss_iou_scores_0 0.0531  loss_iou_scores_1 0.0513  loss_iou_scores_2 0.0512  loss_label 0.0794  loss_label_0 0.0992  loss_label_1 0.0894  loss_label_2 0.0834  loss_lcb_d1_bind 0.2099  loss_lcb_drop 0.0006  loss_lcb_late_bind 0.0478  loss_lcb_owner_cons 0.0025  loss_mask_iou 0.0000  loss_mask_iou_0 1.3462  loss_mask_iou_1 1.3262  loss_mask_iou_2 1.3174  loss_overall 10.3302  loss_saliency 2.8635  loss_span 0.1789  loss_span_0 0.2212  loss_span_1 0.1895  loss_span_2 0.1815
2026-08-30 15:54:33,757 INFO Generate submissions
2026-08-30 15:54:37,897 INFO Saving/Evaluating before nms results
2026-08-30 15:54:41,716 INFO metrics_no_nms OrderedDict([   ('MR-full-R1@0.5', 68.06),
                ('MR-full-R1@0.7', 53.87),
                ('MR-full-mAP', 49.18),
                ('MR-full-mAP@0.5', 69.18),
                ('MR-full-mAP@0.75', 50.97),
                ('MR-long-mAP', 55.84),
                ('MR-middle-mAP', 50.8),
                ('MR-short-mAP', 12.99),
                ('HL-min-Fair-mAP', 77.29),
                ('HL-min-Fair-Hit1', 79.1),
                ('HL-min-Good-mAP', 66.19),
                ('HL-min-Good-Hit1', 77.1),
                ('HL-min-VeryGood-mAP', 40.42),
                ('HL-min-VeryGood-Hit1', 65.16)])
2026-08-30 15:54:41,986 INFO [Best] epoch 119, MR-full-mAP 49.1800
2026-08-30 15:54:42,212 INFO [Epoch 120]
2026-08-30 15:55:45,717 INFO Epoch[120] class_error 25.2171  class_error_0 32.9587  class_error_1 28.5068  class_error_2 25.7290  loss_giou 0.2542  loss_giou_0 0.3312  loss_giou_1 0.2754  loss_giou_2 0.2614  loss_iou_scores 0.0487  loss_iou_scores_0 0.0522  loss_iou_scores_1 0.0511  loss_iou_scores_2 0.0502  loss_label 0.0800  loss_label_0 0.0993  loss_label_1 0.0892  loss_label_2 0.0832  loss_lcb_d1_bind 0.2110  loss_lcb_drop 0.0006  loss_lcb_late_bind 0.0483  loss_lcb_owner_cons 0.0024  loss_mask_iou 0.0000  loss_mask_iou_0 1.3380  loss_mask_iou_1 1.3199  loss_mask_iou_2 1.3147  loss_overall 10.3024  loss_saliency 2.8617  loss_span 0.1769  loss_span_0 0.2201  loss_span_1 0.1884  loss_span_2 0.1806
2026-08-30 15:55:45,720 INFO Generate submissions
2026-08-30 15:55:50,080 INFO Saving/Evaluating before nms results
2026-08-30 15:55:53,931 INFO metrics_no_nms OrderedDict([   ('MR-full-R1@0.5', 68.19),
                ('MR-full-R1@0.7', 53.94),
                ('MR-full-mAP', 49.02),
                ('MR-full-mAP@0.5', 69.35),
                ('MR-full-mAP@0.75', 50.73),
                ('MR-long-mAP', 55.53),
                ('MR-middle-mAP', 50.49),
                ('MR-short-mAP', 13.34),
                ('HL-min-Fair-mAP', 77.29),
                ('HL-min-Fair-Hit1', 79.1),
                ('HL-min-Good-mAP', 66.28),
                ('HL-min-Good-Hit1', 77.23),
                ('HL-min-VeryGood-mAP', 40.5),
                ('HL-min-VeryGood-Hit1', 65.29)])
2026-08-30 15:55:54,171 INFO [Epoch 121]
2026-08-30 15:56:59,569 INFO Epoch[121] class_error 24.3471  class_error_0 31.3996  class_error_1 27.5296  class_error_2 25.1426  loss_giou 0.2562  loss_giou_0 0.3344  loss_giou_1 0.2772  loss_giou_2 0.2623  loss_iou_scores 0.0484  loss_iou_scores_0 0.0515  loss_iou_scores_1 0.0500  loss_iou_scores_2 0.0496  loss_label 0.0785  loss_label_0 0.0974  loss_label_1 0.0876  loss_label_2 0.0824  loss_lcb_d1_bind 0.2157  loss_lcb_drop 0.0006  loss_lcb_late_bind 0.0490  loss_lcb_owner_cons 0.0025  loss_mask_iou 0.0000  loss_mask_iou_0 1.3463  loss_mask_iou_1 1.3266  loss_mask_iou_2 1.3100  loss_overall 10.3206  loss_saliency 2.8569  loss_span 0.1786  loss_span_0 0.2214  loss_span_1 0.1895  loss_span_2 0.1808
2026-08-30 15:56:59,572 INFO Generate submissions
2026-08-30 15:57:04,096 INFO Saving/Evaluating before nms results
2026-08-30 15:57:07,723 INFO metrics_no_nms OrderedDict([   ('MR-full-R1@0.5', 68.58),
                ('MR-full-R1@0.7', 53.68),
                ('MR-full-mAP', 49.13),
                ('MR-full-mAP@0.5', 69.42),
                ('MR-full-mAP@0.75', 50.64),
                ('MR-long-mAP', 56.27),
                ('MR-middle-mAP', 50.26),
                ('MR-short-mAP', 13.51),
                ('HL-min-Fair-mAP', 77.16),
                ('HL-min-Fair-Hit1', 78.71),
                ('HL-min-Good-mAP', 66.08),
                ('HL-min-Good-Hit1', 76.84),
                ('HL-min-VeryGood-mAP', 40.3),
                ('HL-min-VeryGood-Hit1', 64.84)])
2026-08-30 15:57:08,000 INFO [Epoch 122]
2026-08-30 15:58:13,410 INFO Epoch[122] class_error 24.0853  class_error_0 31.6684  class_error_1 26.9239  class_error_2 24.7794  loss_giou 0.2528  loss_giou_0 0.3277  loss_giou_1 0.2738  loss_giou_2 0.2591  loss_iou_scores 0.0483  loss_iou_scores_0 0.0515  loss_iou_scores_1 0.0499  loss_iou_scores_2 0.0497  loss_label 0.0774  loss_label_0 0.0962  loss_label_1 0.0865  loss_label_2 0.0812  loss_lcb_d1_bind 0.2089  loss_lcb_drop 0.0006  loss_lcb_late_bind 0.0473  loss_lcb_owner_cons 0.0024  loss_mask_iou 0.0000  loss_mask_iou_0 1.3386  loss_mask_iou_1 1.3170  loss_mask_iou_2 1.3035  loss_overall 10.2626  loss_saliency 2.8618  loss_span 0.1778  loss_span_0 0.2193  loss_span_1 0.1882  loss_span_2 0.1804
2026-08-30 15:58:13,413 INFO Generate submissions
2026-08-30 15:58:17,701 INFO Saving/Evaluating before nms results
2026-08-30 15:58:21,426 INFO metrics_no_nms OrderedDict([   ('MR-full-R1@0.5', 67.68),
                ('MR-full-R1@0.7', 53.29),
                ('MR-full-mAP', 48.78),
                ('MR-full-mAP@0.5', 68.86),
                ('MR-full-mAP@0.75', 50.4),
                ('MR-long-mAP', 55.65),
                ('MR-middle-mAP', 50.24),
                ('MR-short-mAP', 12.63),
                ('HL-min-Fair-mAP', 77.29),
                ('HL-min-Fair-Hit1', 79.1),
                ('HL-min-Good-mAP', 66.21),
                ('HL-min-Good-Hit1', 77.1),
                ('HL-min-VeryGood-mAP', 40.43),
                ('HL-min-VeryGood-Hit1', 65.55)])
2026-08-30 15:58:21,690 INFO [Epoch 123]
2026-08-30 15:59:27,133 INFO Epoch[123] class_error 24.5176  class_error_0 31.8737  class_error_1 27.3130  class_error_2 25.0954  loss_giou 0.2557  loss_giou_0 0.3359  loss_giou_1 0.2783  loss_giou_2 0.2623  loss_iou_scores 0.0484  loss_iou_scores_0 0.0500  loss_iou_scores_1 0.0497  loss_iou_scores_2 0.0496  loss_label 0.0783  loss_label_0 0.0970  loss_label_1 0.0875  loss_label_2 0.0820  loss_lcb_d1_bind 0.2095  loss_lcb_drop 0.0006  loss_lcb_late_bind 0.0483  loss_lcb_owner_cons 0.0024  loss_mask_iou 0.0000  loss_mask_iou_0 1.3528  loss_mask_iou_1 1.3325  loss_mask_iou_2 1.3257  loss_overall 10.3439  loss_saliency 2.8601  loss_span 0.1771  loss_span_0 0.2224  loss_span_1 0.1892  loss_span_2 0.1805
2026-08-30 15:59:27,136 INFO Generate submissions
2026-08-30 15:59:31,607 INFO Saving/Evaluating before nms results
2026-08-30 15:59:35,470 INFO metrics_no_nms OrderedDict([   ('MR-full-R1@0.5', 68.58),
                ('MR-full-R1@0.7', 53.87),
                ('MR-full-mAP', 48.8),
                ('MR-full-mAP@0.5', 69.05),
                ('MR-full-mAP@0.75', 50.21),
                ('MR-long-mAP', 54.94),
                ('MR-middle-mAP', 50.54),
                ('MR-short-mAP', 12.94),
                ('HL-min-Fair-mAP', 77.51),
                ('HL-min-Fair-Hit1', 79.61),
                ('HL-min-Good-mAP', 66.34),
                ('HL-min-Good-Hit1', 77.68),
                ('HL-min-VeryGood-mAP', 40.52),
                ('HL-min-VeryGood-Hit1', 66.32)])
2026-08-30 15:59:35,739 INFO [Epoch 124]
2026-08-30 16:00:39,178 INFO Epoch[124] class_error 24.3704  class_error_0 31.8071  class_error_1 27.6852  class_error_2 25.1825  loss_giou 0.2537  loss_giou_0 0.3310  loss_giou_1 0.2758  loss_giou_2 0.2600  loss_iou_scores 0.0484  loss_iou_scores_0 0.0509  loss_iou_scores_1 0.0495  loss_iou_scores_2 0.0498  loss_label 0.0786  loss_label_0 0.0966  loss_label_1 0.0878  loss_label_2 0.0819  loss_lcb_d1_bind 0.2078  loss_lcb_drop 0.0006  loss_lcb_late_bind 0.0482  loss_lcb_owner_cons 0.0024  loss_mask_iou 0.0000  loss_mask_iou_0 1.3389  loss_mask_iou_1 1.3158  loss_mask_iou_2 1.3026  loss_overall 10.2661  loss_saliency 2.8545  loss_span 0.1769  loss_span_0 0.2181  loss_span_1 0.1863  loss_span_2 0.1794
2026-08-30 16:00:39,182 INFO Generate submissions
2026-08-30 16:00:43,714 INFO Saving/Evaluating before nms results
2026-08-30 16:00:47,370 INFO metrics_no_nms OrderedDict([   ('MR-full-R1@0.5', 68.32),
                ('MR-full-R1@0.7', 53.87),
                ('MR-full-mAP', 49.09),
                ('MR-full-mAP@0.5', 69.13),
                ('MR-full-mAP@0.75', 50.77),
                ('MR-long-mAP', 55.24),
                ('MR-middle-mAP', 50.73),
                ('MR-short-mAP', 13.38),
                ('HL-min-Fair-mAP', 77.47),
                ('HL-min-Fair-Hit1', 79.94),
                ('HL-min-Good-mAP', 66.37),
                ('HL-min-Good-Hit1', 77.74),
                ('HL-min-VeryGood-mAP', 40.6),
                ('HL-min-VeryGood-Hit1', 66.19)])
2026-08-30 16:00:47,654 INFO [Epoch 125]
2026-08-30 16:01:53,375 INFO Epoch[125] class_error 24.6725  class_error_0 31.6854  class_error_1 28.3380  class_error_2 26.0731  loss_giou 0.2549  loss_giou_0 0.3331  loss_giou_1 0.2751  loss_giou_2 0.2608  loss_iou_scores 0.0476  loss_iou_scores_0 0.0511  loss_iou_scores_1 0.0497  loss_iou_scores_2 0.0488  loss_label 0.0788  loss_label_0 0.0974  loss_label_1 0.0884  loss_label_2 0.0826  loss_lcb_d1_bind 0.2086  loss_lcb_drop 0.0006  loss_lcb_late_bind 0.0476  loss_lcb_owner_cons 0.0024  loss_mask_iou 0.0000  loss_mask_iou_0 1.3359  loss_mask_iou_1 1.3161  loss_mask_iou_2 1.3125  loss_overall 10.2784  loss_saliency 2.8576  loss_span 0.1780  loss_span_0 0.2201  loss_span_1 0.1882  loss_span_2 0.1805
2026-08-30 16:01:53,379 INFO Generate submissions
2026-08-30 16:01:57,573 INFO Saving/Evaluating before nms results
2026-08-30 16:02:01,390 INFO metrics_no_nms OrderedDict([   ('MR-full-R1@0.5', 68.0),
                ('MR-full-R1@0.7', 53.16),
                ('MR-full-mAP', 48.99),
                ('MR-full-mAP@0.5', 68.87),
                ('MR-full-mAP@0.75', 50.9),
                ('MR-long-mAP', 55.28),
                ('MR-middle-mAP', 50.45),
                ('MR-short-mAP', 13.59),
                ('HL-min-Fair-mAP', 77.26),
                ('HL-min-Fair-Hit1', 79.42),
                ('HL-min-Good-mAP', 66.12),
                ('HL-min-Good-Hit1', 77.23),
                ('HL-min-VeryGood-mAP', 40.36),
                ('HL-min-VeryGood-Hit1', 65.61)])
2026-08-30 16:02:01,662 INFO [Epoch 126]
2026-08-30 16:03:05,825 INFO Epoch[126] class_error 24.0937  class_error_0 30.8999  class_error_1 27.3504  class_error_2 25.2824  loss_giou 0.2526  loss_giou_0 0.3303  loss_giou_1 0.2732  loss_giou_2 0.2582  loss_iou_scores 0.0475  loss_iou_scores_0 0.0501  loss_iou_scores_1 0.0493  loss_iou_scores_2 0.0489  loss_label 0.0776  loss_label_0 0.0967  loss_label_1 0.0866  loss_label_2 0.0816  loss_lcb_d1_bind 0.2064  loss_lcb_drop 0.0006  loss_lcb_late_bind 0.0475  loss_lcb_owner_cons 0.0024  loss_mask_iou 0.0000  loss_mask_iou_0 1.3385  loss_mask_iou_1 1.3066  loss_mask_iou_2 1.2931  loss_overall 10.2244  loss_saliency 2.8570  loss_span 0.1758  loss_span_0 0.2184  loss_span_1 0.1863  loss_span_2 0.1785
2026-08-30 16:03:05,828 INFO Generate submissions
2026-08-30 16:03:10,256 INFO Saving/Evaluating before nms results
2026-08-30 16:03:13,995 INFO metrics_no_nms OrderedDict([   ('MR-full-R1@0.5', 68.0),
                ('MR-full-R1@0.7', 53.16),
                ('MR-full-mAP', 49.02),
                ('MR-full-mAP@0.5', 68.76),
                ('MR-full-mAP@0.75', 50.31),
                ('MR-long-mAP', 55.55),
                ('MR-middle-mAP', 50.6),
                ('MR-short-mAP', 13.19),
                ('HL-min-Fair-mAP', 77.55),
                ('HL-min-Fair-Hit1', 79.35),
                ('HL-min-Good-mAP', 66.51),
                ('HL-min-Good-Hit1', 77.42),
                ('HL-min-VeryGood-mAP', 40.69),
                ('HL-min-VeryGood-Hit1', 65.94)])
2026-08-30 16:03:14,279 INFO [Epoch 127]
2026-08-30 16:04:19,358 INFO Epoch[127] class_error 24.3465  class_error_0 30.9637  class_error_1 27.5082  class_error_2 24.9254  loss_giou 0.2517  loss_giou_0 0.3326  loss_giou_1 0.2728  loss_giou_2 0.2589  loss_iou_scores 0.0476  loss_iou_scores_0 0.0501  loss_iou_scores_1 0.0494  loss_iou_scores_2 0.0487  loss_label 0.0783  loss_label_0 0.0955  loss_label_1 0.0871  loss_label_2 0.0817  loss_lcb_d1_bind 0.2082  loss_lcb_drop 0.0006  loss_lcb_late_bind 0.0476  loss_lcb_owner_cons 0.0024  loss_mask_iou 0.0000  loss_mask_iou_0 1.3325  loss_mask_iou_1 1.3048  loss_mask_iou_2 1.2968  loss_overall 10.2274  loss_saliency 2.8591  loss_span 0.1745  loss_span_0 0.2187  loss_span_1 0.1860  loss_span_2 0.1776
2026-08-30 16:04:19,361 INFO Generate submissions
2026-08-30 16:04:23,763 INFO Saving/Evaluating before nms results
2026-08-30 16:04:27,408 INFO metrics_no_nms OrderedDict([   ('MR-full-R1@0.5', 67.42),
                ('MR-full-R1@0.7', 52.9),
                ('MR-full-mAP', 49.07),
                ('MR-full-mAP@0.5', 68.7),
                ('MR-full-mAP@0.75', 50.44),
                ('MR-long-mAP', 55.72),
                ('MR-middle-mAP', 50.44),
                ('MR-short-mAP', 13.26),
                ('HL-min-Fair-mAP', 77.44),
                ('HL-min-Fair-Hit1', 79.42),
                ('HL-min-Good-mAP', 66.44),
                ('HL-min-Good-Hit1', 77.42),
                ('HL-min-VeryGood-mAP', 40.6),
                ('HL-min-VeryGood-Hit1', 65.87)])
2026-08-30 16:04:27,657 INFO [Epoch 128]
2026-08-30 16:05:32,776 INFO Epoch[128] class_error 24.3144  class_error_0 31.2787  class_error_1 27.3348  class_error_2 25.1193  loss_giou 0.2524  loss_giou_0 0.3291  loss_giou_1 0.2730  loss_giou_2 0.2583  loss_iou_scores 0.0475  loss_iou_scores_0 0.0509  loss_iou_scores_1 0.0492  loss_iou_scores_2 0.0493  loss_label 0.0782  loss_label_0 0.0962  loss_label_1 0.0871  loss_label_2 0.0812  loss_lcb_d1_bind 0.2103  loss_lcb_drop 0.0006  loss_lcb_late_bind 0.0480  loss_lcb_owner_cons 0.0024  loss_mask_iou 0.0000  loss_mask_iou_0 1.3345  loss_mask_iou_1 1.3106  loss_mask_iou_2 1.3034  loss_overall 10.2392  loss_saliency 2.8589  loss_span 0.1765  loss_span_0 0.2174  loss_span_1 0.1864  loss_span_2 0.1790
2026-08-30 16:05:32,781 INFO Generate submissions
2026-08-30 16:05:37,337 INFO Saving/Evaluating before nms results
2026-08-30 16:05:41,182 INFO metrics_no_nms OrderedDict([   ('MR-full-R1@0.5', 67.94),
                ('MR-full-R1@0.7', 53.61),
                ('MR-full-mAP', 49.0),
                ('MR-full-mAP@0.5', 68.85),
                ('MR-full-mAP@0.75', 50.92),
                ('MR-long-mAP', 55.38),
                ('MR-middle-mAP', 50.55),
                ('MR-short-mAP', 13.48),
                ('HL-min-Fair-mAP', 77.34),
                ('HL-min-Fair-Hit1', 78.97),
                ('HL-min-Good-mAP', 66.42),
                ('HL-min-Good-Hit1', 77.16),
                ('HL-min-VeryGood-mAP', 40.69),
                ('HL-min-VeryGood-Hit1', 65.87)])
2026-08-30 16:05:41,545 INFO [Epoch 129]
2026-08-30 16:06:48,266 INFO Epoch[129] class_error 24.7447  class_error_0 31.5338  class_error_1 26.8886  class_error_2 25.4396  loss_giou 0.2532  loss_giou_0 0.3298  loss_giou_1 0.2762  loss_giou_2 0.2603  loss_iou_scores 0.0487  loss_iou_scores_0 0.0514  loss_iou_scores_1 0.0498  loss_iou_scores_2 0.0498  loss_label 0.0784  loss_label_0 0.0959  loss_label_1 0.0874  loss_label_2 0.0816  loss_lcb_d1_bind 0.2071  loss_lcb_drop 0.0006  loss_lcb_late_bind 0.0476  loss_lcb_owner_cons 0.0024  loss_mask_iou 0.0000  loss_mask_iou_0 1.3396  loss_mask_iou_1 1.3137  loss_mask_iou_2 1.3024  loss_overall 10.2586  loss_saliency 2.8587  loss_span 0.1752  loss_span_0 0.2200  loss_span_1 0.1882  loss_span_2 0.1783
2026-08-30 16:06:48,270 INFO Generate submissions
2026-08-30 16:06:53,125 INFO Saving/Evaluating before nms results
2026-08-30 16:06:57,085 INFO metrics_no_nms OrderedDict([   ('MR-full-R1@0.5', 68.0),
                ('MR-full-R1@0.7', 53.42),
                ('MR-full-mAP', 48.98),
                ('MR-full-mAP@0.5', 69.11),
                ('MR-full-mAP@0.75', 50.88),
                ('MR-long-mAP', 55.81),
                ('MR-middle-mAP', 50.38),
                ('MR-short-mAP', 13.22),
                ('HL-min-Fair-mAP', 77.21),
                ('HL-min-Fair-Hit1', 79.74),
                ('HL-min-Good-mAP', 66.29),
                ('HL-min-Good-Hit1', 77.87),
                ('HL-min-VeryGood-mAP', 40.58),
                ('HL-min-VeryGood-Hit1', 66.65)])
2026-08-30 16:06:57,343 INFO [Epoch 130]
2026-08-30 16:08:03,940 INFO Epoch[130] class_error 24.8021  class_error_0 32.2193  class_error_1 27.8086  class_error_2 25.6036  loss_giou 0.2527  loss_giou_0 0.3300  loss_giou_1 0.2747  loss_giou_2 0.2603  loss_iou_scores 0.0487  loss_iou_scores_0 0.0510  loss_iou_scores_1 0.0499  loss_iou_scores_2 0.0500  loss_label 0.0788  loss_label_0 0.0961  loss_label_1 0.0870  loss_label_2 0.0819  loss_lcb_d1_bind 0.2103  loss_lcb_drop 0.0006  loss_lcb_late_bind 0.0479  loss_lcb_owner_cons 0.0024  loss_mask_iou 0.0000  loss_mask_iou_0 1.3328  loss_mask_iou_1 1.3077  loss_mask_iou_2 1.3007  loss_overall 10.2411  loss_saliency 2.8563  loss_span 0.1748  loss_span_0 0.2200  loss_span_1 0.1864  loss_span_2 0.1780
2026-08-30 16:08:03,942 INFO Generate submissions
2026-08-30 16:08:08,111 INFO Saving/Evaluating before nms results
2026-08-30 16:08:11,978 INFO metrics_no_nms OrderedDict([   ('MR-full-R1@0.5', 67.42),
                ('MR-full-R1@0.7', 53.03),
                ('MR-full-mAP', 48.82),
                ('MR-full-mAP@0.5', 68.72),
                ('MR-full-mAP@0.75', 50.43),
                ('MR-long-mAP', 54.99),
                ('MR-middle-mAP', 50.16),
                ('MR-short-mAP', 13.93),
                ('HL-min-Fair-mAP', 77.27),
                ('HL-min-Fair-Hit1', 79.87),
                ('HL-min-Good-mAP', 66.32),
                ('HL-min-Good-Hit1', 78.0),
                ('HL-min-VeryGood-mAP', 40.64),
                ('HL-min-VeryGood-Hit1', 66.65)])
2026-08-30 16:08:12,760 INFO [Epoch 131]
2026-08-30 16:09:19,808 INFO Epoch[131] class_error 23.8429  class_error_0 30.9495  class_error_1 27.0276  class_error_2 24.4239  loss_giou 0.2525  loss_giou_0 0.3326  loss_giou_1 0.2739  loss_giou_2 0.2579  loss_iou_scores 0.0476  loss_iou_scores_0 0.0503  loss_iou_scores_1 0.0488  loss_iou_scores_2 0.0492  loss_label 0.0768  loss_label_0 0.0955  loss_label_1 0.0863  loss_label_2 0.0806  loss_lcb_d1_bind 0.2085  loss_lcb_drop 0.0006  loss_lcb_late_bind 0.0478  loss_lcb_owner_cons 0.0024  loss_mask_iou 0.0000  loss_mask_iou_0 1.3396  loss_mask_iou_1 1.3096  loss_mask_iou_2 1.2964  loss_overall 10.2361  loss_saliency 2.8545  loss_span 0.1751  loss_span_0 0.2194  loss_span_1 0.1861  loss_span_2 0.1785
2026-08-30 16:09:19,811 INFO Generate submissions
2026-08-30 16:09:24,688 INFO Saving/Evaluating before nms results
2026-08-30 16:09:28,527 INFO metrics_no_nms OrderedDict([   ('MR-full-R1@0.5', 67.61),
                ('MR-full-R1@0.7', 53.35),
                ('MR-full-mAP', 49.1),
                ('MR-full-mAP@0.5', 68.89),
                ('MR-full-mAP@0.75', 50.6),
                ('MR-long-mAP', 55.36),
                ('MR-middle-mAP', 50.54),
                ('MR-short-mAP', 13.59),
                ('HL-min-Fair-mAP', 77.32),
                ('HL-min-Fair-Hit1', 79.48),
                ('HL-min-Good-mAP', 66.37),
                ('HL-min-Good-Hit1', 77.81),
                ('HL-min-VeryGood-mAP', 40.69),
                ('HL-min-VeryGood-Hit1', 66.58)])
2026-08-30 16:09:28,892 INFO [Epoch 132]
2026-08-30 16:10:34,325 INFO Epoch[132] class_error 24.6050  class_error_0 31.9782  class_error_1 27.7479  class_error_2 25.4775  loss_giou 0.2501  loss_giou_0 0.3293  loss_giou_1 0.2727  loss_giou_2 0.2573  loss_iou_scores 0.0488  loss_iou_scores_0 0.0508  loss_iou_scores_1 0.0496  loss_iou_scores_2 0.0498  loss_label 0.0785  loss_label_0 0.0955  loss_label_1 0.0865  loss_label_2 0.0817  loss_lcb_d1_bind 0.2082  loss_lcb_drop 0.0005  loss_lcb_late_bind 0.0470  loss_lcb_owner_cons 0.0024  loss_mask_iou 0.0000  loss_mask_iou_0 1.3327  loss_mask_iou_1 1.3095  loss_mask_iou_2 1.2977  loss_overall 10.2275  loss_saliency 2.8569  loss_span 0.1753  loss_span_0 0.2197  loss_span_1 0.1869  loss_span_2 0.1788
2026-08-30 16:10:34,328 INFO Generate submissions
2026-08-30 16:10:39,251 INFO Saving/Evaluating before nms results
2026-08-30 16:10:42,957 INFO metrics_no_nms OrderedDict([   ('MR-full-R1@0.5', 67.87),
                ('MR-full-R1@0.7', 53.42),
                ('MR-full-mAP', 49.0),
                ('MR-full-mAP@0.5', 68.48),
                ('MR-full-mAP@0.75', 50.28),
                ('MR-long-mAP', 55.87),
                ('MR-middle-mAP', 50.29),
                ('MR-short-mAP', 13.25),
                ('HL-min-Fair-mAP', 77.22),
                ('HL-min-Fair-Hit1', 79.74),
                ('HL-min-Good-mAP', 66.27),
                ('HL-min-Good-Hit1', 78.13),
                ('HL-min-VeryGood-mAP', 40.63),
                ('HL-min-VeryGood-Hit1', 66.52)])
2026-08-30 16:10:43,302 INFO [Epoch 133]
2026-08-30 16:11:48,499 INFO Epoch[133] class_error 23.7909  class_error_0 30.2039  class_error_1 26.3566  class_error_2 24.3639  loss_giou 0.2501  loss_giou_0 0.3312  loss_giou_1 0.2707  loss_giou_2 0.2573  loss_iou_scores 0.0482  loss_iou_scores_0 0.0502  loss_iou_scores_1 0.0495  loss_iou_scores_2 0.0495  loss_label 0.0770  loss_label_0 0.0949  loss_label_1 0.0862  loss_label_2 0.0808  loss_lcb_d1_bind 0.2086  loss_lcb_drop 0.0006  loss_lcb_late_bind 0.0475  loss_lcb_owner_cons 0.0025  loss_mask_iou 0.0000  loss_mask_iou_0 1.3264  loss_mask_iou_1 1.3025  loss_mask_iou_2 1.2859  loss_overall 10.1869  loss_saliency 2.8605  loss_span 0.1722  loss_span_0 0.2178  loss_span_1 0.1826  loss_span_2 0.1752
2026-08-30 16:11:48,502 INFO Generate submissions
2026-08-30 16:11:52,538 INFO Saving/Evaluating before nms results
2026-08-30 16:11:56,168 INFO metrics_no_nms OrderedDict([   ('MR-full-R1@0.5', 67.48),
                ('MR-full-R1@0.7', 53.61),
                ('MR-full-mAP', 48.89),
                ('MR-full-mAP@0.5', 68.76),
                ('MR-full-mAP@0.75', 50.22),
                ('MR-long-mAP', 56.24),
                ('MR-middle-mAP', 49.98),
                ('MR-short-mAP', 13.21),
                ('HL-min-Fair-mAP', 77.2),
                ('HL-min-Fair-Hit1', 79.23),
                ('HL-min-Good-mAP', 66.23),
                ('HL-min-Good-Hit1', 77.29),
                ('HL-min-VeryGood-mAP', 40.54),
                ('HL-min-VeryGood-Hit1', 65.74)])
2026-08-30 16:11:56,855 INFO [Epoch 134]
2026-08-30 16:13:02,509 INFO Epoch[134] class_error 23.8222  class_error_0 30.0325  class_error_1 26.7125  class_error_2 25.0199  loss_giou 0.2495  loss_giou_0 0.3267  loss_giou_1 0.2715  loss_giou_2 0.2560  loss_iou_scores 0.0481  loss_iou_scores_0 0.0506  loss_iou_scores_1 0.0492  loss_iou_scores_2 0.0491  loss_label 0.0786  loss_label_0 0.0960  loss_label_1 0.0871  loss_label_2 0.0820  loss_lcb_d1_bind 0.2046  loss_lcb_drop 0.0006  loss_lcb_late_bind 0.0468  loss_lcb_owner_cons 0.0024  loss_mask_iou 0.0000  loss_mask_iou_0 1.3116  loss_mask_iou_1 1.2919  loss_mask_iou_2 1.2746  loss_overall 10.1370  loss_saliency 2.8531  loss_span 0.1725  loss_span_0 0.2159  loss_span_1 0.1843  loss_span_2 0.1748
2026-08-30 16:13:02,512 INFO Generate submissions
2026-08-30 16:13:06,700 INFO Saving/Evaluating before nms results
2026-08-30 16:13:10,359 INFO metrics_no_nms OrderedDict([   ('MR-full-R1@0.5', 68.19),
                ('MR-full-R1@0.7', 52.71),
                ('MR-full-mAP', 49.01),
                ('MR-full-mAP@0.5', 68.97),
                ('MR-full-mAP@0.75', 50.16),
                ('MR-long-mAP', 55.77),
                ('MR-middle-mAP', 50.21),
                ('MR-short-mAP', 13.48),
                ('HL-min-Fair-mAP', 77.45),
                ('HL-min-Fair-Hit1', 80.06),
                ('HL-min-Good-mAP', 66.43),
                ('HL-min-Good-Hit1', 78.06),
                ('HL-min-VeryGood-mAP', 40.59),
                ('HL-min-VeryGood-Hit1', 66.06)])
2026-08-30 16:13:10,809 INFO [Epoch 135]
2026-08-30 16:14:17,421 INFO Epoch[135] class_error 23.9969  class_error_0 31.5504  class_error_1 26.9885  class_error_2 25.2154  loss_giou 0.2506  loss_giou_0 0.3299  loss_giou_1 0.2707  loss_giou_2 0.2558  loss_iou_scores 0.0475  loss_iou_scores_0 0.0507  loss_iou_scores_1 0.0488  loss_iou_scores_2 0.0489  loss_label 0.0767  loss_label_0 0.0951  loss_label_1 0.0867  loss_label_2 0.0806  loss_lcb_d1_bind 0.2044  loss_lcb_drop 0.0005  loss_lcb_late_bind 0.0467  loss_lcb_owner_cons 0.0024  loss_mask_iou 0.0000  loss_mask_iou_0 1.3040  loss_mask_iou_1 1.2826  loss_mask_iou_2 1.2787  loss_overall 10.1261  loss_saliency 2.8585  loss_span 0.1718  loss_span_0 0.2170  loss_span_1 0.1817  loss_span_2 0.1745
2026-08-30 16:14:17,425 INFO Generate submissions
2026-08-30 16:14:22,215 INFO Saving/Evaluating before nms results
2026-08-30 16:14:26,222 INFO metrics_no_nms OrderedDict([   ('MR-full-R1@0.5', 67.48),
                ('MR-full-R1@0.7', 53.29),
                ('MR-full-mAP', 49.03),
                ('MR-full-mAP@0.5', 68.68),
                ('MR-full-mAP@0.75', 50.32),
                ('MR-long-mAP', 56.25),
                ('MR-middle-mAP', 49.93),
                ('MR-short-mAP', 13.58),
                ('HL-min-Fair-mAP', 77.34),
                ('HL-min-Fair-Hit1', 79.29),
                ('HL-min-Good-mAP', 66.38),
                ('HL-min-Good-Hit1', 77.35),
                ('HL-min-VeryGood-mAP', 40.7),
                ('HL-min-VeryGood-Hit1', 66.26)])
2026-08-30 16:14:26,576 INFO [Epoch 136]
2026-08-30 16:15:32,774 INFO Epoch[136] class_error 23.9130  class_error_0 30.5831  class_error_1 26.5753  class_error_2 24.5650  loss_giou 0.2528  loss_giou_0 0.3303  loss_giou_1 0.2750  loss_giou_2 0.2590  loss_iou_scores 0.0475  loss_iou_scores_0 0.0510  loss_iou_scores_1 0.0485  loss_iou_scores_2 0.0487  loss_label 0.0772  loss_label_0 0.0945  loss_label_1 0.0862  loss_label_2 0.0807  loss_lcb_d1_bind 0.2071  loss_lcb_drop 0.0006  loss_lcb_late_bind 0.0472  loss_lcb_owner_cons 0.0024  loss_mask_iou 0.0000  loss_mask_iou_0 1.3338  loss_mask_iou_1 1.3069  loss_mask_iou_2 1.2989  loss_overall 10.2111  loss_saliency 2.8505  loss_span 0.1743  loss_span_0 0.2169  loss_span_1 0.1852  loss_span_2 0.1775
2026-08-30 16:15:32,778 INFO Generate submissions
2026-08-30 16:15:37,434 INFO Saving/Evaluating before nms results
2026-08-30 16:15:41,428 INFO metrics_no_nms OrderedDict([   ('MR-full-R1@0.5', 67.61),
                ('MR-full-R1@0.7', 53.29),
                ('MR-full-mAP', 49.04),
                ('MR-full-mAP@0.5', 69.0),
                ('MR-full-mAP@0.75', 50.65),
                ('MR-long-mAP', 56.25),
                ('MR-middle-mAP', 50.19),
                ('MR-short-mAP', 13.16),
                ('HL-min-Fair-mAP', 77.27),
                ('HL-min-Fair-Hit1', 79.42),
                ('HL-min-Good-mAP', 66.3),
                ('HL-min-Good-Hit1', 77.81),
                ('HL-min-VeryGood-mAP', 40.54),
                ('HL-min-VeryGood-Hit1', 65.87)])
2026-08-30 16:15:41,731 INFO [Epoch 137]
2026-08-30 16:16:48,757 INFO Epoch[137] class_error 24.2305  class_error_0 30.8490  class_error_1 26.7613  class_error_2 25.0731  loss_giou 0.2500  loss_giou_0 0.3294  loss_giou_1 0.2714  loss_giou_2 0.2566  loss_iou_scores 0.0474  loss_iou_scores_0 0.0508  loss_iou_scores_1 0.0489  loss_iou_scores_2 0.0488  loss_label 0.0776  loss_label_0 0.0953  loss_label_1 0.0869  loss_label_2 0.0812  loss_lcb_d1_bind 0.2012  loss_lcb_drop 0.0006  loss_lcb_late_bind 0.0467  loss_lcb_owner_cons 0.0024  loss_mask_iou 0.0000  loss_mask_iou_0 1.3165  loss_mask_iou_1 1.2963  loss_mask_iou_2 1.2807  loss_overall 10.1444  loss_saliency 2.8499  loss_span 0.1727  loss_span_0 0.2174  loss_span_1 0.1834  loss_span_2 0.1755
2026-08-30 16:16:48,761 INFO Generate submissions
2026-08-30 16:16:53,248 INFO Saving/Evaluating before nms results
2026-08-30 16:16:56,836 INFO metrics_no_nms OrderedDict([   ('MR-full-R1@0.5', 67.87),
                ('MR-full-R1@0.7', 53.74),
                ('MR-full-mAP', 49.14),
                ('MR-full-mAP@0.5', 68.97),
                ('MR-full-mAP@0.75', 50.29),
                ('MR-long-mAP', 55.96),
                ('MR-middle-mAP', 50.51),
                ('MR-short-mAP', 13.42),
                ('HL-min-Fair-mAP', 77.49),
                ('HL-min-Fair-Hit1', 79.29),
                ('HL-min-Good-mAP', 66.43),
                ('HL-min-Good-Hit1', 77.29),
                ('HL-min-VeryGood-mAP', 40.66),
                ('HL-min-VeryGood-Hit1', 65.61)])
2026-08-30 16:16:57,151 INFO [Epoch 138]
2026-08-30 16:18:02,444 INFO Epoch[138] class_error 24.2107  class_error_0 30.7424  class_error_1 27.1684  class_error_2 25.2527  loss_giou 0.2507  loss_giou_0 0.3318  loss_giou_1 0.2727  loss_giou_2 0.2568  loss_iou_scores 0.0474  loss_iou_scores_0 0.0512  loss_iou_scores_1 0.0490  loss_iou_scores_2 0.0490  loss_label 0.0768  loss_label_0 0.0951  loss_label_1 0.0851  loss_label_2 0.0802  loss_lcb_d1_bind 0.2078  loss_lcb_drop 0.0006  loss_lcb_late_bind 0.0477  loss_lcb_owner_cons 0.0024  loss_mask_iou 0.0000  loss_mask_iou_0 1.3277  loss_mask_iou_1 1.3007  loss_mask_iou_2 1.2852  loss_overall 10.1766  loss_saliency 2.8482  loss_span 0.1728  loss_span_0 0.2165  loss_span_1 0.1842  loss_span_2 0.1759
2026-08-30 16:18:02,447 INFO Generate submissions
2026-08-30 16:18:06,959 INFO Saving/Evaluating before nms results
2026-08-30 16:18:10,403 INFO metrics_no_nms OrderedDict([   ('MR-full-R1@0.5', 67.55),
                ('MR-full-R1@0.7', 52.9),
                ('MR-full-mAP', 48.67),
                ('MR-full-mAP@0.5', 68.84),
                ('MR-full-mAP@0.75', 49.99),
                ('MR-long-mAP', 55.17),
                ('MR-middle-mAP', 49.72),
                ('MR-short-mAP', 13.63),
                ('HL-min-Fair-mAP', 77.48),
                ('HL-min-Fair-Hit1', 79.68),
                ('HL-min-Good-mAP', 66.48),
                ('HL-min-Good-Hit1', 77.87),
                ('HL-min-VeryGood-mAP', 40.76),
                ('HL-min-VeryGood-Hit1', 66.45)])
2026-08-30 16:18:10,690 INFO [Epoch 139]
2026-08-30 16:19:15,651 INFO Epoch[139] class_error 23.8373  class_error_0 31.4385  class_error_1 26.7500  class_error_2 25.0480  loss_giou 0.2501  loss_giou_0 0.3301  loss_giou_1 0.2718  loss_giou_2 0.2563  loss_iou_scores 0.0482  loss_iou_scores_0 0.0503  loss_iou_scores_1 0.0496  loss_iou_scores_2 0.0495  loss_label 0.0771  loss_label_0 0.0953  loss_label_1 0.0859  loss_label_2 0.0806  loss_lcb_d1_bind 0.2053  loss_lcb_drop 0.0006  loss_lcb_late_bind 0.0477  loss_lcb_owner_cons 0.0024  loss_mask_iou 0.0000  loss_mask_iou_0 1.3172  loss_mask_iou_1 1.2913  loss_mask_iou_2 1.2736  loss_overall 10.1405  loss_saliency 2.8508  loss_span 0.1728  loss_span_0 0.2165  loss_span_1 0.1835  loss_span_2 0.1753
2026-08-30 16:19:15,653 INFO Generate submissions
2026-08-30 16:19:20,032 INFO Saving/Evaluating before nms results
2026-08-30 16:19:23,855 INFO metrics_no_nms OrderedDict([   ('MR-full-R1@0.5', 68.0),
                ('MR-full-R1@0.7', 53.03),
                ('MR-full-mAP', 48.85),
                ('MR-full-mAP@0.5', 69.03),
                ('MR-full-mAP@0.75', 50.15),
                ('MR-long-mAP', 55.81),
                ('MR-middle-mAP', 49.9),
                ('MR-short-mAP', 13.46),
                ('HL-min-Fair-mAP', 77.35),
                ('HL-min-Fair-Hit1', 79.81),
                ('HL-min-Good-mAP', 66.32),
                ('HL-min-Good-Hit1', 77.87),
                ('HL-min-VeryGood-mAP', 40.58),
                ('HL-min-VeryGood-Hit1', 66.06)])
2026-08-30 16:19:24,132 INFO [Epoch 140]
2026-08-30 16:20:30,508 INFO Epoch[140] class_error 23.9068  class_error_0 30.6161  class_error_1 27.0451  class_error_2 24.3842  loss_giou 0.2494  loss_giou_0 0.3294  loss_giou_1 0.2717  loss_giou_2 0.2564  loss_iou_scores 0.0477  loss_iou_scores_0 0.0505  loss_iou_scores_1 0.0492  loss_iou_scores_2 0.0491  loss_label 0.0762  loss_label_0 0.0944  loss_label_1 0.0851  loss_label_2 0.0798  loss_lcb_d1_bind 0.2058  loss_lcb_drop 0.0006  loss_lcb_late_bind 0.0469  loss_lcb_owner_cons 0.0024  loss_mask_iou 0.0000  loss_mask_iou_0 1.3261  loss_mask_iou_1 1.2991  loss_mask_iou_2 1.2848  loss_overall 10.1519  loss_saliency 2.8512  loss_span 0.1697  loss_span_0 0.2153  loss_span_1 0.1819  loss_span_2 0.1729
2026-08-30 16:20:30,512 INFO Generate submissions
2026-08-30 16:20:34,940 INFO Saving/Evaluating before nms results
2026-08-30 16:20:38,729 INFO metrics_no_nms OrderedDict([   ('MR-full-R1@0.5', 67.81),
                ('MR-full-R1@0.7', 53.16),
                ('MR-full-mAP', 48.76),
                ('MR-full-mAP@0.5', 68.77),
                ('MR-full-mAP@0.75', 50.26),
                ('MR-long-mAP', 55.25),
                ('MR-middle-mAP', 50.13),
                ('MR-short-mAP', 13.24),
                ('HL-min-Fair-mAP', 77.44),
                ('HL-min-Fair-Hit1', 80.13),
                ('HL-min-Good-mAP', 66.43),
                ('HL-min-Good-Hit1', 78.06),
                ('HL-min-VeryGood-mAP', 40.68),
                ('HL-min-VeryGood-Hit1', 66.65)])
2026-08-30 16:20:39,005 INFO [Epoch 141]
2026-08-30 16:21:42,542 INFO Epoch[141] class_error 23.4270  class_error_0 30.2355  class_error_1 26.7429  class_error_2 24.1390  loss_giou 0.2482  loss_giou_0 0.3278  loss_giou_1 0.2703  loss_giou_2 0.2543  loss_iou_scores 0.0482  loss_iou_scores_0 0.0508  loss_iou_scores_1 0.0498  loss_iou_scores_2 0.0497  loss_label 0.0775  loss_label_0 0.0955  loss_label_1 0.0868  loss_label_2 0.0812  loss_lcb_d1_bind 0.2074  loss_lcb_drop 0.0006  loss_lcb_late_bind 0.0468  loss_lcb_owner_cons 0.0024  loss_mask_iou 0.0000  loss_mask_iou_0 1.3133  loss_mask_iou_1 1.2858  loss_mask_iou_2 1.2744  loss_overall 10.1236  loss_saliency 2.8532  loss_span 0.1705  loss_span_0 0.2145  loss_span_1 0.1819  loss_span_2 0.1733
2026-08-30 16:21:42,545 INFO Generate submissions
2026-08-30 16:21:46,890 INFO Saving/Evaluating before nms results
2026-08-30 16:21:50,412 INFO metrics_no_nms OrderedDict([   ('MR-full-R1@0.5', 67.61),
                ('MR-full-R1@0.7', 53.1),
                ('MR-full-mAP', 49.02),
                ('MR-full-mAP@0.5', 68.87),
                ('MR-full-mAP@0.75', 50.18),
                ('MR-long-mAP', 56.36),
                ('MR-middle-mAP', 50.14),
                ('MR-short-mAP', 12.84),
                ('HL-min-Fair-mAP', 77.37),
                ('HL-min-Fair-Hit1', 80.0),
                ('HL-min-Good-mAP', 66.35),
                ('HL-min-Good-Hit1', 78.0),
                ('HL-min-VeryGood-mAP', 40.58),
                ('HL-min-VeryGood-Hit1', 66.19)])
2026-08-30 16:21:50,706 INFO [Epoch 142]
2026-08-30 16:22:56,333 INFO Epoch[142] class_error 23.6822  class_error_0 30.8888  class_error_1 27.2951  class_error_2 24.9564  loss_giou 0.2489  loss_giou_0 0.3285  loss_giou_1 0.2721  loss_giou_2 0.2547  loss_iou_scores 0.0481  loss_iou_scores_0 0.0512  loss_iou_scores_1 0.0500  loss_iou_scores_2 0.0501  loss_label 0.0775  loss_label_0 0.0962  loss_label_1 0.0865  loss_label_2 0.0810  loss_lcb_d1_bind 0.2052  loss_lcb_drop 0.0006  loss_lcb_late_bind 0.0473  loss_lcb_owner_cons 0.0024  loss_mask_iou 0.0000  loss_mask_iou_0 1.3144  loss_mask_iou_1 1.2969  loss_mask_iou_2 1.2860  loss_overall 10.1521  loss_saliency 2.8518  loss_span 0.1716  loss_span_0 0.2149  loss_span_1 0.1825  loss_span_2 0.1741
2026-08-30 16:22:56,336 INFO Generate submissions
2026-08-30 16:23:00,800 INFO Saving/Evaluating before nms results
2026-08-30 16:23:04,408 INFO metrics_no_nms OrderedDict([   ('MR-full-R1@0.5', 67.55),
                ('MR-full-R1@0.7', 53.42),
                ('MR-full-mAP', 49.01),
                ('MR-full-mAP@0.5', 68.59),
                ('MR-full-mAP@0.75', 51.14),
                ('MR-long-mAP', 55.74),
                ('MR-middle-mAP', 50.33),
                ('MR-short-mAP', 13.2),
                ('HL-min-Fair-mAP', 77.5),
                ('HL-min-Fair-Hit1', 79.35),
                ('HL-min-Good-mAP', 66.4),
                ('HL-min-Good-Hit1', 77.29),
                ('HL-min-VeryGood-mAP', 40.67),
                ('HL-min-VeryGood-Hit1', 65.81)])
2026-08-30 16:23:04,755 INFO [Epoch 143]
2026-08-30 16:24:11,021 INFO Epoch[143] class_error 23.2076  class_error_0 30.9368  class_error_1 26.4599  class_error_2 24.6847  loss_giou 0.2459  loss_giou_0 0.3248  loss_giou_1 0.2682  loss_giou_2 0.2523  loss_iou_scores 0.0475  loss_iou_scores_0 0.0505  loss_iou_scores_1 0.0494  loss_iou_scores_2 0.0488  loss_label 0.0758  loss_label_0 0.0949  loss_label_1 0.0855  loss_label_2 0.0793  loss_lcb_d1_bind 0.2019  loss_lcb_drop 0.0006  loss_lcb_late_bind 0.0460  loss_lcb_owner_cons 0.0024  loss_mask_iou 0.0000  loss_mask_iou_0 1.3024  loss_mask_iou_1 1.2888  loss_mask_iou_2 1.2774  loss_overall 10.0886  loss_saliency 2.8457  loss_span 0.1721  loss_span_0 0.2130  loss_span_1 0.1819  loss_span_2 0.1750
2026-08-30 16:24:11,024 INFO Generate submissions
2026-08-30 16:24:16,591 INFO Saving/Evaluating before nms results
2026-08-30 16:24:20,641 INFO metrics_no_nms OrderedDict([   ('MR-full-R1@0.5', 68.32),
                ('MR-full-R1@0.7', 53.55),
                ('MR-full-mAP', 48.78),
                ('MR-full-mAP@0.5', 68.92),
                ('MR-full-mAP@0.75', 50.74),
                ('MR-long-mAP', 54.59),
                ('MR-middle-mAP', 50.77),
                ('MR-short-mAP', 13.22),
                ('HL-min-Fair-mAP', 77.6),
                ('HL-min-Fair-Hit1', 79.03),
                ('HL-min-Good-mAP', 66.53),
                ('HL-min-Good-Hit1', 77.1),
                ('HL-min-VeryGood-mAP', 40.63),
                ('HL-min-VeryGood-Hit1', 65.42)])
2026-08-30 16:24:20,943 INFO [Epoch 144]
2026-08-30 16:25:26,123 INFO Epoch[144] class_error 23.2427  class_error_0 30.2643  class_error_1 26.1905  class_error_2 24.0391  loss_giou 0.2475  loss_giou_0 0.3264  loss_giou_1 0.2683  loss_giou_2 0.2534  loss_iou_scores 0.0478  loss_iou_scores_0 0.0506  loss_iou_scores_1 0.0493  loss_iou_scores_2 0.0492  loss_label 0.0766  loss_label_0 0.0943  loss_label_1 0.0856  loss_label_2 0.0800  loss_lcb_d1_bind 0.2023  loss_lcb_drop 0.0006  loss_lcb_late_bind 0.0466  loss_lcb_owner_cons 0.0024  loss_mask_iou 0.0000  loss_mask_iou_0 1.3064  loss_mask_iou_1 1.2824  loss_mask_iou_2 1.2643  loss_overall 10.0795  loss_saliency 2.8534  loss_span 0.1691  loss_span_0 0.2140  loss_span_1 0.1799  loss_span_2 0.1722
2026-08-30 16:25:26,125 INFO Generate submissions
2026-08-30 16:25:30,662 INFO Saving/Evaluating before nms results
2026-08-30 16:25:34,407 INFO metrics_no_nms OrderedDict([   ('MR-full-R1@0.5', 68.52),
                ('MR-full-R1@0.7', 53.61),
                ('MR-full-mAP', 49.16),
                ('MR-full-mAP@0.5', 69.26),
                ('MR-full-mAP@0.75', 50.74),
                ('MR-long-mAP', 55.55),
                ('MR-middle-mAP', 50.54),
                ('MR-short-mAP', 13.67),
                ('HL-min-Fair-mAP', 77.52),
                ('HL-min-Fair-Hit1', 79.61),
                ('HL-min-Good-mAP', 66.47),
                ('HL-min-Good-Hit1', 77.55),
                ('HL-min-VeryGood-mAP', 40.68),
                ('HL-min-VeryGood-Hit1', 66.0)])
2026-08-30 16:25:34,705 INFO [Epoch 145]
2026-08-30 16:26:40,410 INFO Epoch[145] class_error 23.5587  class_error_0 30.3531  class_error_1 26.2904  class_error_2 23.9302  loss_giou 0.2486  loss_giou_0 0.3267  loss_giou_1 0.2706  loss_giou_2 0.2551  loss_iou_scores 0.0479  loss_iou_scores_0 0.0510  loss_iou_scores_1 0.0494  loss_iou_scores_2 0.0492  loss_label 0.0765  loss_label_0 0.0947  loss_label_1 0.0849  loss_label_2 0.0798  loss_lcb_d1_bind 0.2064  loss_lcb_drop 0.0006  loss_lcb_late_bind 0.0471  loss_lcb_owner_cons 0.0024  loss_mask_iou 0.0000  loss_mask_iou_0 1.3065  loss_mask_iou_1 1.2787  loss_mask_iou_2 1.2626  loss_overall 10.0850  loss_saliency 2.8513  loss_span 0.1699  loss_span_0 0.2124  loss_span_1 0.1802  loss_span_2 0.1728
2026-08-30 16:26:40,414 INFO Generate submissions
2026-08-30 16:26:45,907 INFO Saving/Evaluating before nms results
2026-08-30 16:26:49,905 INFO metrics_no_nms OrderedDict([   ('MR-full-R1@0.5', 68.13),
                ('MR-full-R1@0.7', 53.35),
                ('MR-full-mAP', 49.19),
                ('MR-full-mAP@0.5', 69.13),
                ('MR-full-mAP@0.75', 50.82),
                ('MR-long-mAP', 56.07),
                ('MR-middle-mAP', 50.72),
                ('MR-short-mAP', 12.86),
                ('HL-min-Fair-mAP', 77.55),
                ('HL-min-Fair-Hit1', 79.74),
                ('HL-min-Good-mAP', 66.51),
                ('HL-min-Good-Hit1', 77.61),
                ('HL-min-VeryGood-mAP', 40.76),
                ('HL-min-VeryGood-Hit1', 66.32)])
2026-08-30 16:26:50,244 INFO [Best] epoch 145, MR-full-mAP 49.1900
2026-08-30 16:26:50,501 INFO [Epoch 146]
2026-08-30 16:27:55,745 INFO Epoch[146] class_error 23.5819  class_error_0 30.4997  class_error_1 26.7939  class_error_2 24.1423  loss_giou 0.2452  loss_giou_0 0.3240  loss_giou_1 0.2670  loss_giou_2 0.2516  loss_iou_scores 0.0479  loss_iou_scores_0 0.0509  loss_iou_scores_1 0.0495  loss_iou_scores_2 0.0495  loss_label 0.0759  loss_label_0 0.0946  loss_label_1 0.0851  loss_label_2 0.0794  loss_lcb_d1_bind 0.2007  loss_lcb_drop 0.0006  loss_lcb_late_bind 0.0460  loss_lcb_owner_cons 0.0024  loss_mask_iou 0.0000  loss_mask_iou_0 1.2924  loss_mask_iou_1 1.2724  loss_mask_iou_2 1.2638  loss_overall 10.0356  loss_saliency 2.8502  loss_span 0.1688  loss_span_0 0.2107  loss_span_1 0.1795  loss_span_2 0.1717
2026-08-30 16:27:55,748 INFO Generate submissions
2026-08-30 16:28:00,346 INFO Saving/Evaluating before nms results
2026-08-30 16:28:04,120 INFO metrics_no_nms OrderedDict([   ('MR-full-R1@0.5', 67.87),
                ('MR-full-R1@0.7', 53.48),
                ('MR-full-mAP', 48.88),
                ('MR-full-mAP@0.5', 68.69),
                ('MR-full-mAP@0.75', 50.32),
                ('MR-long-mAP', 55.0),
                ('MR-middle-mAP', 50.62),
                ('MR-short-mAP', 13.58),
                ('HL-min-Fair-mAP', 77.59),
                ('HL-min-Fair-Hit1', 79.81),
                ('HL-min-Good-mAP', 66.61),
                ('HL-min-Good-Hit1', 77.74),
                ('HL-min-VeryGood-mAP', 40.82),
                ('HL-min-VeryGood-Hit1', 66.19)])
2026-08-30 16:28:04,378 INFO [Epoch 147]
2026-08-30 16:29:10,334 INFO Epoch[147] class_error 23.5486  class_error_0 30.7103  class_error_1 26.7922  class_error_2 24.3106  loss_giou 0.2469  loss_giou_0 0.3268  loss_giou_1 0.2690  loss_giou_2 0.2535  loss_iou_scores 0.0478  loss_iou_scores_0 0.0506  loss_iou_scores_1 0.0490  loss_iou_scores_2 0.0492  loss_label 0.0759  loss_label_0 0.0944  loss_label_1 0.0855  loss_label_2 0.0798  loss_lcb_d1_bind 0.2000  loss_lcb_drop 0.0006  loss_lcb_late_bind 0.0464  loss_lcb_owner_cons 0.0024  loss_mask_iou 0.0000  loss_mask_iou_0 1.3051  loss_mask_iou_1 1.2809  loss_mask_iou_2 1.2713  loss_overall 10.0888  loss_saliency 2.8473  loss_span 0.1716  loss_span_0 0.2159  loss_span_1 0.1824  loss_span_2 0.1744
2026-08-30 16:29:10,337 INFO Generate submissions
2026-08-30 16:29:14,720 INFO Saving/Evaluating before nms results
2026-08-30 16:29:18,380 INFO metrics_no_nms OrderedDict([   ('MR-full-R1@0.5', 66.9),
                ('MR-full-R1@0.7', 52.65),
                ('MR-full-mAP', 48.25),
                ('MR-full-mAP@0.5', 67.99),
                ('MR-full-mAP@0.75', 49.83),
                ('MR-long-mAP', 54.35),
                ('MR-middle-mAP', 49.77),
                ('MR-short-mAP', 13.55),
                ('HL-min-Fair-mAP', 77.47),
                ('HL-min-Fair-Hit1', 79.74),
                ('HL-min-Good-mAP', 66.45),
                ('HL-min-Good-Hit1', 77.81),
                ('HL-min-VeryGood-mAP', 40.78),
                ('HL-min-VeryGood-Hit1', 66.52)])
2026-08-30 16:29:18,766 INFO [Epoch 148]
2026-08-30 16:30:25,722 INFO Epoch[148] class_error 23.8627  class_error_0 31.1052  class_error_1 26.5197  class_error_2 24.3334  loss_giou 0.2473  loss_giou_0 0.3262  loss_giou_1 0.2685  loss_giou_2 0.2536  loss_iou_scores 0.0474  loss_iou_scores_0 0.0505  loss_iou_scores_1 0.0489  loss_iou_scores_2 0.0486  loss_label 0.0757  loss_label_0 0.0936  loss_label_1 0.0842  loss_label_2 0.0787  loss_lcb_d1_bind 0.2047  loss_lcb_drop 0.0006  loss_lcb_late_bind 0.0473  loss_lcb_owner_cons 0.0025  loss_mask_iou 0.0000  loss_mask_iou_0 1.3023  loss_mask_iou_1 1.2790  loss_mask_iou_2 1.2698  loss_overall 10.0664  loss_saliency 2.8486  loss_span 0.1688  loss_span_0 0.2106  loss_span_1 0.1794  loss_span_2 0.1716
2026-08-30 16:30:25,729 INFO Generate submissions
2026-08-30 16:30:31,343 INFO Saving/Evaluating before nms results
2026-08-30 16:30:35,762 INFO metrics_no_nms OrderedDict([   ('MR-full-R1@0.5', 67.87),
                ('MR-full-R1@0.7', 53.35),
                ('MR-full-mAP', 49.03),
                ('MR-full-mAP@0.5', 68.52),
                ('MR-full-mAP@0.75', 50.77),
                ('MR-long-mAP', 54.99),
                ('MR-middle-mAP', 50.73),
                ('MR-short-mAP', 13.68),
                ('HL-min-Fair-mAP', 77.37),
                ('HL-min-Fair-Hit1', 79.48),
                ('HL-min-Good-mAP', 66.3),
                ('HL-min-Good-Hit1', 77.68),
                ('HL-min-VeryGood-mAP', 40.61),
                ('HL-min-VeryGood-Hit1', 66.0)])
2026-08-30 16:30:36,050 INFO [Epoch 149]
2026-08-30 16:31:41,912 INFO Epoch[149] class_error 23.6723  class_error_0 30.9099  class_error_1 26.6210  class_error_2 24.2833  loss_giou 0.2479  loss_giou_0 0.3253  loss_giou_1 0.2702  loss_giou_2 0.2539  loss_iou_scores 0.0465  loss_iou_scores_0 0.0504  loss_iou_scores_1 0.0480  loss_iou_scores_2 0.0481  loss_label 0.0753  loss_label_0 0.0940  loss_label_1 0.0848  loss_label_2 0.0794  loss_lcb_d1_bind 0.2031  loss_lcb_drop 0.0006  loss_lcb_late_bind 0.0469  loss_lcb_owner_cons 0.0025  loss_mask_iou 0.0000  loss_mask_iou_0 1.3039  loss_mask_iou_1 1.2823  loss_mask_iou_2 1.2726  loss_overall 10.0755  loss_saliency 2.8445  loss_span 0.1699  loss_span_0 0.2125  loss_span_1 0.1813  loss_span_2 0.1723
2026-08-30 16:31:41,916 INFO Generate submissions
2026-08-30 16:31:46,356 INFO Saving/Evaluating before nms results
2026-08-30 16:31:50,145 INFO metrics_no_nms OrderedDict([   ('MR-full-R1@0.5', 67.48),
                ('MR-full-R1@0.7', 53.48),
                ('MR-full-mAP', 48.85),
                ('MR-full-mAP@0.5', 68.89),
                ('MR-full-mAP@0.75', 50.67),
                ('MR-long-mAP', 55.26),
                ('MR-middle-mAP', 50.07),
                ('MR-short-mAP', 13.83),
                ('HL-min-Fair-mAP', 77.43),
                ('HL-min-Fair-Hit1', 79.74),
                ('HL-min-Good-mAP', 66.45),
                ('HL-min-Good-Hit1', 77.68),
                ('HL-min-VeryGood-mAP', 40.68),
                ('HL-min-VeryGood-Hit1', 65.87)])
2026-08-30 16:31:50,562 INFO [Epoch 150]
2026-08-30 16:32:56,301 INFO Epoch[150] class_error 23.3334  class_error_0 29.4838  class_error_1 26.0691  class_error_2 24.2216  loss_giou 0.2462  loss_giou_0 0.3230  loss_giou_1 0.2668  loss_giou_2 0.2518  loss_iou_scores 0.0480  loss_iou_scores_0 0.0508  loss_iou_scores_1 0.0491  loss_iou_scores_2 0.0490  loss_label 0.0763  loss_label_0 0.0933  loss_label_1 0.0850  loss_label_2 0.0797  loss_lcb_d1_bind 0.1977  loss_lcb_drop 0.0006  loss_lcb_late_bind 0.0464  loss_lcb_owner_cons 0.0024  loss_mask_iou 0.0000  loss_mask_iou_0 1.3022  loss_mask_iou_1 1.2715  loss_mask_iou_2 1.2655  loss_overall 10.0408  loss_saliency 2.8485  loss_span 0.1696  loss_span_0 0.2115  loss_span_1 0.1798  loss_span_2 0.1720
2026-08-30 16:32:56,304 INFO Generate submissions
2026-08-30 16:33:00,905 INFO Saving/Evaluating before nms results
2026-08-30 16:33:05,300 INFO metrics_no_nms OrderedDict([   ('MR-full-R1@0.5', 67.68),
                ('MR-full-R1@0.7', 53.29),
                ('MR-full-mAP', 48.75),
                ('MR-full-mAP@0.5', 68.69),
                ('MR-full-mAP@0.75', 50.55),
                ('MR-long-mAP', 54.91),
                ('MR-middle-mAP', 50.3),
                ('MR-short-mAP', 13.51),
                ('HL-min-Fair-mAP', 77.35),
                ('HL-min-Fair-Hit1', 79.23),
                ('HL-min-Good-mAP', 66.32),
                ('HL-min-Good-Hit1', 77.16),
                ('HL-min-VeryGood-mAP', 40.54),
                ('HL-min-VeryGood-Hit1', 65.74)])
2026-08-30 16:33:06,105 INFO [Epoch 151]
2026-08-30 16:34:11,464 INFO Epoch[151] class_error 23.3208  class_error_0 30.3104  class_error_1 26.2088  class_error_2 24.4998  loss_giou 0.2452  loss_giou_0 0.3244  loss_giou_1 0.2662  loss_giou_2 0.2508  loss_iou_scores 0.0474  loss_iou_scores_0 0.0505  loss_iou_scores_1 0.0486  loss_iou_scores_2 0.0485  loss_label 0.0759  loss_label_0 0.0935  loss_label_1 0.0845  loss_label_2 0.0794  loss_lcb_d1_bind 0.2015  loss_lcb_drop 0.0006  loss_lcb_late_bind 0.0460  loss_lcb_owner_cons 0.0024  loss_mask_iou 0.0000  loss_mask_iou_0 1.2965  loss_mask_iou_1 1.2684  loss_mask_iou_2 1.2517  loss_overall 10.0176  loss_saliency 2.8468  loss_span 0.1674  loss_span_0 0.2123  loss_span_1 0.1789  loss_span_2 0.1701
2026-08-30 16:34:11,468 INFO Generate submissions
2026-08-30 16:34:16,649 INFO Saving/Evaluating before nms results
2026-08-30 16:34:20,293 INFO metrics_no_nms OrderedDict([   ('MR-full-R1@0.5', 67.48),
                ('MR-full-R1@0.7', 53.35),
                ('MR-full-mAP', 48.69),
                ('MR-full-mAP@0.5', 68.69),
                ('MR-full-mAP@0.75', 50.07),
                ('MR-long-mAP', 54.64),
                ('MR-middle-mAP', 50.48),
                ('MR-short-mAP', 13.42),
                ('HL-min-Fair-mAP', 77.47),
                ('HL-min-Fair-Hit1', 79.48),
                ('HL-min-Good-mAP', 66.45),
                ('HL-min-Good-Hit1', 77.35),
                ('HL-min-VeryGood-mAP', 40.67),
                ('HL-min-VeryGood-Hit1', 66.0)])
2026-08-30 16:34:20,651 INFO [Epoch 152]
2026-08-30 16:35:25,949 INFO Epoch[152] class_error 23.5876  class_error_0 30.4571  class_error_1 26.0992  class_error_2 24.1370  loss_giou 0.2463  loss_giou_0 0.3231  loss_giou_1 0.2678  loss_giou_2 0.2529  loss_iou_scores 0.0483  loss_iou_scores_0 0.0506  loss_iou_scores_1 0.0497  loss_iou_scores_2 0.0496  loss_label 0.0768  loss_label_0 0.0948  loss_label_1 0.0856  loss_label_2 0.0799  loss_lcb_d1_bind 0.2036  loss_lcb_drop 0.0006  loss_lcb_late_bind 0.0466  loss_lcb_owner_cons 0.0024  loss_mask_iou 0.0000  loss_mask_iou_0 1.3006  loss_mask_iou_1 1.2730  loss_mask_iou_2 1.2561  loss_overall 10.0433  loss_saliency 2.8500  loss_span 0.1672  loss_span_0 0.2087  loss_span_1 0.1784  loss_span_2 0.1702
2026-08-30 16:35:25,952 INFO Generate submissions
2026-08-30 16:35:30,176 INFO Saving/Evaluating before nms results
2026-08-30 16:35:33,758 INFO metrics_no_nms OrderedDict([   ('MR-full-R1@0.5', 67.48),
                ('MR-full-R1@0.7', 53.35),
                ('MR-full-mAP', 48.96),
                ('MR-full-mAP@0.5', 68.85),
                ('MR-full-mAP@0.75', 50.46),
                ('MR-long-mAP', 55.94),
                ('MR-middle-mAP', 50.03),
                ('MR-short-mAP', 13.38),
                ('HL-min-Fair-mAP', 77.39),
                ('HL-min-Fair-Hit1', 79.81),
                ('HL-min-Good-mAP', 66.33),
                ('HL-min-Good-Hit1', 77.94),
                ('HL-min-VeryGood-mAP', 40.58),
                ('HL-min-VeryGood-Hit1', 66.13)])
2026-08-30 16:35:34,026 INFO [Epoch 153]
2026-08-30 16:36:36,607 INFO Epoch[153] class_error 23.8156  class_error_0 30.9668  class_error_1 26.5510  class_error_2 24.4956  loss_giou 0.2447  loss_giou_0 0.3208  loss_giou_1 0.2667  loss_giou_2 0.2514  loss_iou_scores 0.0474  loss_iou_scores_0 0.0505  loss_iou_scores_1 0.0487  loss_iou_scores_2 0.0488  loss_label 0.0757  loss_label_0 0.0941  loss_label_1 0.0847  loss_label_2 0.0791  loss_lcb_d1_bind 0.2050  loss_lcb_drop 0.0006  loss_lcb_late_bind 0.0461  loss_lcb_owner_cons 0.0024  loss_mask_iou 0.0000  loss_mask_iou_0 1.2847  loss_mask_iou_1 1.2643  loss_mask_iou_2 1.2546  loss_overall 9.9977  loss_saliency 2.8500  loss_span 0.1680  loss_span_0 0.2096  loss_span_1 0.1787  loss_span_2 0.1705
2026-08-30 16:36:36,610 INFO Generate submissions
2026-08-30 16:36:41,328 INFO Saving/Evaluating before nms results
2026-08-30 16:36:44,883 INFO metrics_no_nms OrderedDict([   ('MR-full-R1@0.5', 67.55),
                ('MR-full-R1@0.7', 53.87),
                ('MR-full-mAP', 48.73),
                ('MR-full-mAP@0.5', 68.61),
                ('MR-full-mAP@0.75', 50.4),
                ('MR-long-mAP', 54.43),
                ('MR-middle-mAP', 50.62),
                ('MR-short-mAP', 13.43),
                ('HL-min-Fair-mAP', 77.47),
                ('HL-min-Fair-Hit1', 79.74),
                ('HL-min-Good-mAP', 66.44),
                ('HL-min-Good-Hit1', 77.48),
                ('HL-min-VeryGood-mAP', 40.63),
                ('HL-min-VeryGood-Hit1', 65.74)])
2026-08-30 16:36:45,180 INFO [Epoch 154]
2026-08-30 16:37:51,205 INFO Epoch[154] class_error 23.6085  class_error_0 30.3852  class_error_1 26.5803  class_error_2 24.1420  loss_giou 0.2463  loss_giou_0 0.3270  loss_giou_1 0.2672  loss_giou_2 0.2520  loss_iou_scores 0.0476  loss_iou_scores_0 0.0497  loss_iou_scores_1 0.0490  loss_iou_scores_2 0.0494  loss_label 0.0766  loss_label_0 0.0937  loss_label_1 0.0847  loss_label_2 0.0800  loss_lcb_d1_bind 0.1969  loss_lcb_drop 0.0006  loss_lcb_late_bind 0.0460  loss_lcb_owner_cons 0.0024  loss_mask_iou 0.0000  loss_mask_iou_0 1.2896  loss_mask_iou_1 1.2715  loss_mask_iou_2 1.2518  loss_overall 10.0190  loss_saliency 2.8502  loss_span 0.1680  loss_span_0 0.2142  loss_span_1 0.1796  loss_span_2 0.1712
2026-08-30 16:37:51,207 INFO Generate submissions
2026-08-30 16:37:55,666 INFO Saving/Evaluating before nms results
2026-08-30 16:37:59,489 INFO metrics_no_nms OrderedDict([   ('MR-full-R1@0.5', 67.74),
                ('MR-full-R1@0.7', 53.1),
                ('MR-full-mAP', 48.89),
                ('MR-full-mAP@0.5', 68.61),
                ('MR-full-mAP@0.75', 50.45),
                ('MR-long-mAP', 55.8),
                ('MR-middle-mAP', 50.45),
                ('MR-short-mAP', 12.97),
                ('HL-min-Fair-mAP', 77.29),
                ('HL-min-Fair-Hit1', 79.74),
                ('HL-min-Good-mAP', 66.25),
                ('HL-min-Good-Hit1', 77.81),
                ('HL-min-VeryGood-mAP', 40.6),
                ('HL-min-VeryGood-Hit1', 66.39)])
2026-08-30 16:37:59,754 INFO [Epoch 155]
2026-08-30 16:39:05,966 INFO Epoch[155] class_error 23.8168  class_error_0 30.7686  class_error_1 26.2492  class_error_2 24.3367  loss_giou 0.2432  loss_giou_0 0.3238  loss_giou_1 0.2671  loss_giou_2 0.2497  loss_iou_scores 0.0471  loss_iou_scores_0 0.0505  loss_iou_scores_1 0.0484  loss_iou_scores_2 0.0488  loss_label 0.0765  loss_label_0 0.0942  loss_label_1 0.0854  loss_label_2 0.0798  loss_lcb_d1_bind 0.1995  loss_lcb_drop 0.0005  loss_lcb_late_bind 0.0456  loss_lcb_owner_cons 0.0024  loss_mask_iou 0.0000  loss_mask_iou_0 1.2871  loss_mask_iou_1 1.2597  loss_mask_iou_2 1.2488  loss_overall 9.9910  loss_saliency 2.8504  loss_span 0.1669  loss_span_0 0.2098  loss_span_1 0.1776  loss_span_2 0.1699
2026-08-30 16:39:05,970 INFO Generate submissions
2026-08-30 16:39:10,971 INFO Saving/Evaluating before nms results
2026-08-30 16:39:15,047 INFO metrics_no_nms OrderedDict([   ('MR-full-R1@0.5', 68.0),
                ('MR-full-R1@0.7', 53.03),
                ('MR-full-mAP', 48.53),
                ('MR-full-mAP@0.5', 68.7),
                ('MR-full-mAP@0.75', 50.06),
                ('MR-long-mAP', 54.84),
                ('MR-middle-mAP', 50.33),
                ('MR-short-mAP', 13.24),
                ('HL-min-Fair-mAP', 77.42),
                ('HL-min-Fair-Hit1', 79.68),
                ('HL-min-Good-mAP', 66.35),
                ('HL-min-Good-Hit1', 77.87),
                ('HL-min-VeryGood-mAP', 40.72),
                ('HL-min-VeryGood-Hit1', 66.71)])
2026-08-30 16:39:15,805 INFO [Epoch 156]
2026-08-30 16:40:22,741 INFO Epoch[156] class_error 24.0678  class_error_0 31.2605  class_error_1 26.8757  class_error_2 24.6570  loss_giou 0.2476  loss_giou_0 0.3266  loss_giou_1 0.2689  loss_giou_2 0.2533  loss_iou_scores 0.0483  loss_iou_scores_0 0.0511  loss_iou_scores_1 0.0497  loss_iou_scores_2 0.0497  loss_label 0.0776  loss_label_0 0.0953  loss_label_1 0.0866  loss_label_2 0.0815  loss_lcb_d1_bind 0.2022  loss_lcb_drop 0.0006  loss_lcb_late_bind 0.0472  loss_lcb_owner_cons 0.0024  loss_mask_iou 0.0000  loss_mask_iou_0 1.2918  loss_mask_iou_1 1.2657  loss_mask_iou_2 1.2493  loss_overall 10.0289  loss_saliency 2.8434  loss_span 0.1705  loss_span_0 0.2131  loss_span_1 0.1812  loss_span_2 0.1723
2026-08-30 16:40:22,745 INFO Generate submissions
2026-08-30 16:40:26,788 INFO Saving/Evaluating before nms results
2026-08-30 16:40:30,581 INFO metrics_no_nms OrderedDict([   ('MR-full-R1@0.5', 67.68),
                ('MR-full-R1@0.7', 53.94),
                ('MR-full-mAP', 48.63),
                ('MR-full-mAP@0.5', 68.16),
                ('MR-full-mAP@0.75', 49.94),
                ('MR-long-mAP', 54.93),
                ('MR-middle-mAP', 50.34),
                ('MR-short-mAP', 13.19),
                ('HL-min-Fair-mAP', 77.35),
                ('HL-min-Fair-Hit1', 79.1),
                ('HL-min-Good-mAP', 66.33),
                ('HL-min-Good-Hit1', 76.97),
                ('HL-min-VeryGood-mAP', 40.5),
                ('HL-min-VeryGood-Hit1', 65.74)])
2026-08-30 16:40:30,830 INFO [Epoch 157]
2026-08-30 16:41:33,729 INFO Epoch[157] class_error 23.5617  class_error_0 30.3052  class_error_1 26.3718  class_error_2 24.9285  loss_giou 0.2437  loss_giou_0 0.3239  loss_giou_1 0.2665  loss_giou_2 0.2504  loss_iou_scores 0.0476  loss_iou_scores_0 0.0506  loss_iou_scores_1 0.0489  loss_iou_scores_2 0.0489  loss_label 0.0761  loss_label_0 0.0938  loss_label_1 0.0845  loss_label_2 0.0798  loss_lcb_d1_bind 0.1968  loss_lcb_drop 0.0006  loss_lcb_late_bind 0.0462  loss_lcb_owner_cons 0.0024  loss_mask_iou 0.0000  loss_mask_iou_0 1.2920  loss_mask_iou_1 1.2639  loss_mask_iou_2 1.2482  loss_overall 9.9824  loss_saliency 2.8425  loss_span 0.1659  loss_span_0 0.2104  loss_span_1 0.1773  loss_span_2 0.1681
2026-08-30 16:41:33,732 INFO Generate submissions
2026-08-30 16:41:38,104 INFO Saving/Evaluating before nms results
2026-08-30 16:41:41,842 INFO metrics_no_nms OrderedDict([   ('MR-full-R1@0.5', 67.48),
                ('MR-full-R1@0.7', 53.16),
                ('MR-full-mAP', 48.92),
                ('MR-full-mAP@0.5', 68.63),
                ('MR-full-mAP@0.75', 50.43),
                ('MR-long-mAP', 55.82),
                ('MR-middle-mAP', 50.13),
                ('MR-short-mAP', 13.61),
                ('HL-min-Fair-mAP', 77.19),
                ('HL-min-Fair-Hit1', 78.9),
                ('HL-min-Good-mAP', 66.24),
                ('HL-min-Good-Hit1', 76.97),
                ('HL-min-VeryGood-mAP', 40.52),
                ('HL-min-VeryGood-Hit1', 65.42)])
2026-08-30 16:41:42,069 INFO [Epoch 158]
2026-08-30 16:42:46,450 INFO Epoch[158] class_error 23.1379  class_error_0 30.2575  class_error_1 25.7483  class_error_2 24.2837  loss_giou 0.2424  loss_giou_0 0.3206  loss_giou_1 0.2639  loss_giou_2 0.2489  loss_iou_scores 0.0475  loss_iou_scores_0 0.0505  loss_iou_scores_1 0.0487  loss_iou_scores_2 0.0488  loss_label 0.0756  loss_label_0 0.0940  loss_label_1 0.0849  loss_label_2 0.0792  loss_lcb_d1_bind 0.2004  loss_lcb_drop 0.0006  loss_lcb_late_bind 0.0463  loss_lcb_owner_cons 0.0024  loss_mask_iou 0.0000  loss_mask_iou_0 1.2676  loss_mask_iou_1 1.2450  loss_mask_iou_2 1.2285  loss_overall 9.9085  loss_saliency 2.8441  loss_span 0.1650  loss_span_0 0.2079  loss_span_1 0.1754  loss_span_2 0.1676
2026-08-30 16:42:46,453 INFO Generate submissions
2026-08-30 16:42:51,026 INFO Saving/Evaluating before nms results
2026-08-30 16:42:54,682 INFO metrics_no_nms OrderedDict([   ('MR-full-R1@0.5', 67.42),
                ('MR-full-R1@0.7', 53.1),
                ('MR-full-mAP', 48.49),
                ('MR-full-mAP@0.5', 68.44),
                ('MR-full-mAP@0.75', 49.66),
                ('MR-long-mAP', 54.93),
                ('MR-middle-mAP', 49.86),
                ('MR-short-mAP', 13.56),
                ('HL-min-Fair-mAP', 77.67),
                ('HL-min-Fair-Hit1', 79.61),
                ('HL-min-Good-mAP', 66.67),
                ('HL-min-Good-Hit1', 77.55),
                ('HL-min-VeryGood-mAP', 40.9),
                ('HL-min-VeryGood-Hit1', 66.32)])
2026-08-30 16:42:54,957 INFO [Epoch 159]
2026-08-30 16:43:59,209 INFO Epoch[159] class_error 23.7223  class_error_0 29.8106  class_error_1 25.8689  class_error_2 24.7136  loss_giou 0.2448  loss_giou_0 0.3240  loss_giou_1 0.2658  loss_giou_2 0.2507  loss_iou_scores 0.0472  loss_iou_scores_0 0.0503  loss_iou_scores_1 0.0482  loss_iou_scores_2 0.0484  loss_label 0.0762  loss_label_0 0.0934  loss_label_1 0.0845  loss_label_2 0.0800  loss_lcb_d1_bind 0.1979  loss_lcb_drop 0.0006  loss_lcb_late_bind 0.0465  loss_lcb_owner_cons 0.0024  loss_mask_iou 0.0000  loss_mask_iou_0 1.2832  loss_mask_iou_1 1.2638  loss_mask_iou_2 1.2466  loss_overall 9.9776  loss_saliency 2.8428  loss_span 0.1671  loss_span_0 0.2102  loss_span_1 0.1777  loss_span_2 0.1693
2026-08-30 16:43:59,213 INFO Generate submissions
2026-08-30 16:44:03,279 INFO Saving/Evaluating before nms results
2026-08-30 16:44:06,871 INFO metrics_no_nms OrderedDict([   ('MR-full-R1@0.5', 68.0),
                ('MR-full-R1@0.7', 53.48),
                ('MR-full-mAP', 48.63),
                ('MR-full-mAP@0.5', 68.47),
                ('MR-full-mAP@0.75', 49.64),
                ('MR-long-mAP', 54.69),
                ('MR-middle-mAP', 50.3),
                ('MR-short-mAP', 13.33),
                ('HL-min-Fair-mAP', 77.58),
                ('HL-min-Fair-Hit1', 79.42),
                ('HL-min-Good-mAP', 66.51),
                ('HL-min-Good-Hit1', 77.29),
                ('HL-min-VeryGood-mAP', 40.62),
                ('HL-min-VeryGood-Hit1', 66.0)])
2026-08-30 16:44:07,148 INFO [Epoch 160]
2026-08-30 16:45:12,926 INFO Epoch[160] class_error 24.1491  class_error_0 30.5082  class_error_1 26.2676  class_error_2 25.0291  loss_giou 0.2445  loss_giou_0 0.3208  loss_giou_1 0.2664  loss_giou_2 0.2501  loss_iou_scores 0.0475  loss_iou_scores_0 0.0503  loss_iou_scores_1 0.0488  loss_iou_scores_2 0.0485  loss_label 0.0764  loss_label_0 0.0941  loss_label_1 0.0844  loss_label_2 0.0792  loss_lcb_d1_bind 0.1948  loss_lcb_drop 0.0006  loss_lcb_late_bind 0.0451  loss_lcb_owner_cons 0.0024  loss_mask_iou 0.0000  loss_mask_iou_0 1.2867  loss_mask_iou_1 1.2655  loss_mask_iou_2 1.2551  loss_overall 9.9943  loss_saliency 2.8475  loss_span 0.1681  loss_span_0 0.2094  loss_span_1 0.1792  loss_span_2 0.1709
2026-08-30 16:45:12,931 INFO Generate submissions
2026-08-30 16:45:17,228 INFO Saving/Evaluating before nms results
2026-08-30 16:45:20,797 INFO metrics_no_nms OrderedDict([   ('MR-full-R1@0.5', 67.81),
                ('MR-full-R1@0.7', 53.42),
                ('MR-full-mAP', 48.84),
                ('MR-full-mAP@0.5', 68.4),
                ('MR-full-mAP@0.75', 50.06),
                ('MR-long-mAP', 55.64),
                ('MR-middle-mAP', 50.27),
                ('MR-short-mAP', 13.56),
                ('HL-min-Fair-mAP', 77.65),
                ('HL-min-Fair-Hit1', 80.0),
                ('HL-min-Good-mAP', 66.6),
                ('HL-min-Good-Hit1', 77.94),
                ('HL-min-VeryGood-mAP', 40.81),
                ('HL-min-VeryGood-Hit1', 66.71)])
2026-08-30 16:45:21,050 INFO [Epoch 161]
2026-08-30 16:46:26,120 INFO Epoch[161] class_error 23.3309  class_error_0 29.6843  class_error_1 25.6706  class_error_2 24.0442  loss_giou 0.2422  loss_giou_0 0.3219  loss_giou_1 0.2637  loss_giou_2 0.2486  loss_iou_scores 0.0474  loss_iou_scores_0 0.0501  loss_iou_scores_1 0.0486  loss_iou_scores_2 0.0486  loss_label 0.0756  loss_label_0 0.0928  loss_label_1 0.0835  loss_label_2 0.0787  loss_lcb_d1_bind 0.1984  loss_lcb_drop 0.0006  loss_lcb_late_bind 0.0454  loss_lcb_owner_cons 0.0024  loss_mask_iou 0.0000  loss_mask_iou_0 1.2863  loss_mask_iou_1 1.2694  loss_mask_iou_2 1.2552  loss_overall 9.9750  loss_saliency 2.8469  loss_span 0.1642  loss_span_0 0.2067  loss_span_1 0.1755  loss_span_2 0.1679
2026-08-30 16:46:26,122 INFO Generate submissions
2026-08-30 16:46:30,480 INFO Saving/Evaluating before nms results
2026-08-30 16:46:34,813 INFO metrics_no_nms OrderedDict([   ('MR-full-R1@0.5', 67.35),
                ('MR-full-R1@0.7', 52.84),
                ('MR-full-mAP', 48.31),
                ('MR-full-mAP@0.5', 68.26),
                ('MR-full-mAP@0.75', 49.45),
                ('MR-long-mAP', 55.24),
                ('MR-middle-mAP', 49.62),
                ('MR-short-mAP', 13.71),
                ('HL-min-Fair-mAP', 77.61),
                ('HL-min-Fair-Hit1', 79.81),
                ('HL-min-Good-mAP', 66.62),
                ('HL-min-Good-Hit1', 77.81),
                ('HL-min-VeryGood-mAP', 40.76),
                ('HL-min-VeryGood-Hit1', 66.45)])
2026-08-30 16:46:35,115 INFO [Epoch 162]
2026-08-30 16:47:39,382 INFO Epoch[162] class_error 23.1497  class_error_0 30.2134  class_error_1 26.6676  class_error_2 24.3385  loss_giou 0.2417  loss_giou_0 0.3206  loss_giou_1 0.2646  loss_giou_2 0.2473  loss_iou_scores 0.0470  loss_iou_scores_0 0.0505  loss_iou_scores_1 0.0486  loss_iou_scores_2 0.0485  loss_label 0.0744  loss_label_0 0.0936  loss_label_1 0.0835  loss_label_2 0.0780  loss_lcb_d1_bind 0.1966  loss_lcb_drop 0.0006  loss_lcb_late_bind 0.0452  loss_lcb_owner_cons 0.0024  loss_mask_iou 0.0000  loss_mask_iou_0 1.2857  loss_mask_iou_1 1.2571  loss_mask_iou_2 1.2457  loss_overall 9.9431  loss_saliency 2.8388  loss_span 0.1650  loss_span_0 0.2073  loss_span_1 0.1760  loss_span_2 0.1677
2026-08-30 16:47:39,385 INFO Generate submissions
2026-08-30 16:47:43,814 INFO Saving/Evaluating before nms results
2026-08-30 16:47:47,585 INFO metrics_no_nms OrderedDict([   ('MR-full-R1@0.5', 67.74),
                ('MR-full-R1@0.7', 52.45),
                ('MR-full-mAP', 48.59),
                ('MR-full-mAP@0.5', 68.58),
                ('MR-full-mAP@0.75', 49.77),
                ('MR-long-mAP', 55.43),
                ('MR-middle-mAP', 49.84),
                ('MR-short-mAP', 13.2),
                ('HL-min-Fair-mAP', 77.63),
                ('HL-min-Fair-Hit1', 79.87),
                ('HL-min-Good-mAP', 66.59),
                ('HL-min-Good-Hit1', 77.68),
                ('HL-min-VeryGood-mAP', 40.7),
                ('HL-min-VeryGood-Hit1', 66.0)])
2026-08-30 16:47:47,858 INFO [Epoch 163]
2026-08-30 16:48:52,109 INFO Epoch[163] class_error 23.1071  class_error_0 28.9682  class_error_1 26.1803  class_error_2 23.8252  loss_giou 0.2457  loss_giou_0 0.3259  loss_giou_1 0.2665  loss_giou_2 0.2509  loss_iou_scores 0.0466  loss_iou_scores_0 0.0499  loss_iou_scores_1 0.0481  loss_iou_scores_2 0.0480  loss_label 0.0753  loss_label_0 0.0931  loss_label_1 0.0836  loss_label_2 0.0786  loss_lcb_d1_bind 0.2001  loss_lcb_drop 0.0006  loss_lcb_late_bind 0.0455  loss_lcb_owner_cons 0.0024  loss_mask_iou 0.0000  loss_mask_iou_0 1.2868  loss_mask_iou_1 1.2585  loss_mask_iou_2 1.2465  loss_overall 9.9660  loss_saliency 2.8458  loss_span 0.1643  loss_span_0 0.2092  loss_span_1 0.1749  loss_span_2 0.1674
2026-08-30 16:48:52,112 INFO Generate submissions
2026-08-30 16:48:56,427 INFO Saving/Evaluating before nms results
2026-08-30 16:49:00,248 INFO metrics_no_nms OrderedDict([   ('MR-full-R1@0.5', 68.32),
                ('MR-full-R1@0.7', 52.45),
                ('MR-full-mAP', 48.77),
                ('MR-full-mAP@0.5', 68.89),
                ('MR-full-mAP@0.75', 50.03),
                ('MR-long-mAP', 55.35),
                ('MR-middle-mAP', 50.19),
                ('MR-short-mAP', 13.57),
                ('HL-min-Fair-mAP', 77.42),
                ('HL-min-Fair-Hit1', 79.29),
                ('HL-min-Good-mAP', 66.44),
                ('HL-min-Good-Hit1', 77.16),
                ('HL-min-VeryGood-mAP', 40.61),
                ('HL-min-VeryGood-Hit1', 65.42)])
2026-08-30 16:49:00,553 INFO [Epoch 164]
2026-08-30 16:50:06,377 INFO Epoch[164] class_error 23.8147  class_error_0 29.4727  class_error_1 27.0679  class_error_2 24.7713  loss_giou 0.2427  loss_giou_0 0.3242  loss_giou_1 0.2634  loss_giou_2 0.2492  loss_iou_scores 0.0475  loss_iou_scores_0 0.0502  loss_iou_scores_1 0.0493  loss_iou_scores_2 0.0491  loss_label 0.0756  loss_label_0 0.0931  loss_label_1 0.0842  loss_label_2 0.0789  loss_lcb_d1_bind 0.1992  loss_lcb_drop 0.0006  loss_lcb_late_bind 0.0459  loss_lcb_owner_cons 0.0024  loss_mask_iou 0.0000  loss_mask_iou_0 1.2756  loss_mask_iou_1 1.2505  loss_mask_iou_2 1.2355  loss_overall 9.9326  loss_saliency 2.8451  loss_span 0.1649  loss_span_0 0.2086  loss_span_1 0.1753  loss_span_2 0.1674
2026-08-30 16:50:06,380 INFO Generate submissions
2026-08-30 16:50:11,238 INFO Saving/Evaluating before nms results
2026-08-30 16:50:14,760 INFO metrics_no_nms OrderedDict([   ('MR-full-R1@0.5', 67.87),
                ('MR-full-R1@0.7', 52.58),
                ('MR-full-mAP', 48.57),
                ('MR-full-mAP@0.5', 68.44),
                ('MR-full-mAP@0.75', 49.96),
                ('MR-long-mAP', 55.55),
                ('MR-middle-mAP', 50.15),
                ('MR-short-mAP', 12.88),
                ('HL-min-Fair-mAP', 77.25),
                ('HL-min-Fair-Hit1', 78.45),
                ('HL-min-Good-mAP', 66.21),
                ('HL-min-Good-Hit1', 76.06),
                ('HL-min-VeryGood-mAP', 40.5),
                ('HL-min-VeryGood-Hit1', 64.65)])
2026-08-30 16:50:15,035 INFO [Epoch 165]
2026-08-30 16:51:19,870 INFO Epoch[165] class_error 23.6915  class_error_0 30.6361  class_error_1 26.6235  class_error_2 24.3745  loss_giou 0.2424  loss_giou_0 0.3215  loss_giou_1 0.2641  loss_giou_2 0.2487  loss_iou_scores 0.0470  loss_iou_scores_0 0.0501  loss_iou_scores_1 0.0485  loss_iou_scores_2 0.0483  loss_label 0.0753  loss_label_0 0.0933  loss_label_1 0.0842  loss_label_2 0.0788  loss_lcb_d1_bind 0.1962  loss_lcb_drop 0.0006  loss_lcb_late_bind 0.0453  loss_lcb_owner_cons 0.0024  loss_mask_iou 0.0000  loss_mask_iou_0 1.2808  loss_mask_iou_1 1.2561  loss_mask_iou_2 1.2416  loss_overall 9.9330  loss_saliency 2.8436  loss_span 0.1642  loss_span_0 0.2079  loss_span_1 0.1746  loss_span_2 0.1670
2026-08-30 16:51:19,874 INFO Generate submissions
2026-08-30 16:51:24,353 INFO Saving/Evaluating before nms results
2026-08-30 16:51:28,004 INFO metrics_no_nms OrderedDict([   ('MR-full-R1@0.5', 68.0),
                ('MR-full-R1@0.7', 53.03),
                ('MR-full-mAP', 48.93),
                ('MR-full-mAP@0.5', 68.65),
                ('MR-full-mAP@0.75', 50.34),
                ('MR-long-mAP', 55.91),
                ('MR-middle-mAP', 50.24),
                ('MR-short-mAP', 13.07),
                ('HL-min-Fair-mAP', 77.4),
                ('HL-min-Fair-Hit1', 79.29),
                ('HL-min-Good-mAP', 66.31),
                ('HL-min-Good-Hit1', 77.1),
                ('HL-min-VeryGood-mAP', 40.51),
                ('HL-min-VeryGood-Hit1', 65.68)])
2026-08-30 16:51:28,593 INFO [Epoch 166]
2026-08-30 16:52:33,624 INFO Epoch[166] class_error 23.0831  class_error_0 30.5878  class_error_1 26.0358  class_error_2 23.9388  loss_giou 0.2449  loss_giou_0 0.3241  loss_giou_1 0.2655  loss_giou_2 0.2508  loss_iou_scores 0.0473  loss_iou_scores_0 0.0512  loss_iou_scores_1 0.0490  loss_iou_scores_2 0.0490  loss_label 0.0749  loss_label_0 0.0940  loss_label_1 0.0844  loss_label_2 0.0788  loss_lcb_d1_bind 0.2013  loss_lcb_drop 0.0006  loss_lcb_late_bind 0.0459  loss_lcb_owner_cons 0.0024  loss_mask_iou 0.0000  loss_mask_iou_0 1.2729  loss_mask_iou_1 1.2494  loss_mask_iou_2 1.2396  loss_overall 9.9391  loss_saliency 2.8444  loss_span 0.1639  loss_span_0 0.2075  loss_span_1 0.1746  loss_span_2 0.1671
2026-08-30 16:52:33,627 INFO Generate submissions
2026-08-30 16:52:38,236 INFO Saving/Evaluating before nms results
2026-08-30 16:52:42,031 INFO metrics_no_nms OrderedDict([   ('MR-full-R1@0.5', 67.29),
                ('MR-full-R1@0.7', 52.97),
                ('MR-full-mAP', 48.68),
                ('MR-full-mAP@0.5', 68.39),
                ('MR-full-mAP@0.75', 50.21),
                ('MR-long-mAP', 55.39),
                ('MR-middle-mAP', 50.23),
                ('MR-short-mAP', 13.35),
                ('HL-min-Fair-mAP', 77.36),
                ('HL-min-Fair-Hit1', 79.16),
                ('HL-min-Good-mAP', 66.29),
                ('HL-min-Good-Hit1', 77.03),
                ('HL-min-VeryGood-mAP', 40.65),
                ('HL-min-VeryGood-Hit1', 65.35)])
2026-08-30 16:52:42,349 INFO [Epoch 167]
2026-08-30 16:53:47,196 INFO Epoch[167] class_error 23.4729  class_error_0 30.4170  class_error_1 26.4774  class_error_2 24.0153  loss_giou 0.2429  loss_giou_0 0.3202  loss_giou_1 0.2643  loss_giou_2 0.2490  loss_iou_scores 0.0470  loss_iou_scores_0 0.0504  loss_iou_scores_1 0.0486  loss_iou_scores_2 0.0490  loss_label 0.0757  loss_label_0 0.0932  loss_label_1 0.0841  loss_label_2 0.0791  loss_lcb_d1_bind 0.1948  loss_lcb_drop 0.0006  loss_lcb_late_bind 0.0453  loss_lcb_owner_cons 0.0024  loss_mask_iou 0.0000  loss_mask_iou_0 1.2756  loss_mask_iou_1 1.2479  loss_mask_iou_2 1.2403  loss_overall 9.9221  loss_saliency 2.8456  loss_span 0.1638  loss_span_0 0.2068  loss_span_1 0.1742  loss_span_2 0.1663
2026-08-30 16:53:47,199 INFO Generate submissions
2026-08-30 16:53:51,855 INFO Saving/Evaluating before nms results
2026-08-30 16:53:55,630 INFO metrics_no_nms OrderedDict([   ('MR-full-R1@0.5', 67.87),
                ('MR-full-R1@0.7', 52.65),
                ('MR-full-mAP', 48.48),
                ('MR-full-mAP@0.5', 68.55),
                ('MR-full-mAP@0.75', 49.89),
                ('MR-long-mAP', 54.8),
                ('MR-middle-mAP', 50.07),
                ('MR-short-mAP', 13.35),
                ('HL-min-Fair-mAP', 77.36),
                ('HL-min-Fair-Hit1', 79.03),
                ('HL-min-Good-mAP', 66.33),
                ('HL-min-Good-Hit1', 76.97),
                ('HL-min-VeryGood-mAP', 40.57),
                ('HL-min-VeryGood-Hit1', 65.35)])
2026-08-30 16:53:55,921 INFO [Epoch 168]
2026-08-30 16:55:02,159 INFO Epoch[168] class_error 23.1606  class_error_0 29.7797  class_error_1 25.9158  class_error_2 23.7859  loss_giou 0.2435  loss_giou_0 0.3221  loss_giou_1 0.2654  loss_giou_2 0.2489  loss_iou_scores 0.0464  loss_iou_scores_0 0.0504  loss_iou_scores_1 0.0481  loss_iou_scores_2 0.0484  loss_label 0.0743  loss_label_0 0.0924  loss_label_1 0.0835  loss_label_2 0.0780  loss_lcb_d1_bind 0.2008  loss_lcb_drop 0.0006  loss_lcb_late_bind 0.0461  loss_lcb_owner_cons 0.0024  loss_mask_iou 0.0000  loss_mask_iou_0 1.2742  loss_mask_iou_1 1.2487  loss_mask_iou_2 1.2394  loss_overall 9.9233  loss_saliency 2.8439  loss_span 0.1647  loss_span_0 0.2082  loss_span_1 0.1751  loss_span_2 0.1675
2026-08-30 16:55:02,161 INFO Generate submissions
2026-08-30 16:55:06,623 INFO Saving/Evaluating before nms results
2026-08-30 16:55:10,458 INFO metrics_no_nms OrderedDict([   ('MR-full-R1@0.5', 67.94),
                ('MR-full-R1@0.7', 53.29),
                ('MR-full-mAP', 49.04),
                ('MR-full-mAP@0.5', 68.9),
                ('MR-full-mAP@0.75', 49.96),
                ('MR-long-mAP', 56.03),
                ('MR-middle-mAP', 50.31),
                ('MR-short-mAP', 13.32),
                ('HL-min-Fair-mAP', 77.42),
                ('HL-min-Fair-Hit1', 79.87),
                ('HL-min-Good-mAP', 66.38),
                ('HL-min-Good-Hit1', 78.0),
                ('HL-min-VeryGood-mAP', 40.68),
                ('HL-min-VeryGood-Hit1', 66.19)])
2026-08-30 16:55:10,750 INFO [Epoch 169]
2026-08-30 16:56:17,859 INFO Epoch[169] class_error 22.8501  class_error_0 29.6377  class_error_1 26.1628  class_error_2 23.9939  loss_giou 0.2415  loss_giou_0 0.3222  loss_giou_1 0.2636  loss_giou_2 0.2487  loss_iou_scores 0.0464  loss_iou_scores_0 0.0499  loss_iou_scores_1 0.0481  loss_iou_scores_2 0.0478  loss_label 0.0745  loss_label_0 0.0926  loss_label_1 0.0834  loss_label_2 0.0782  loss_lcb_d1_bind 0.1940  loss_lcb_drop 0.0006  loss_lcb_late_bind 0.0452  loss_lcb_owner_cons 0.0024  loss_mask_iou 0.0000  loss_mask_iou_0 1.2800  loss_mask_iou_1 1.2507  loss_mask_iou_2 1.2353  loss_overall 9.9214  loss_saliency 2.8477  loss_span 0.1640  loss_span_0 0.2076  loss_span_1 0.1747  loss_span_2 0.1670
2026-08-30 16:56:17,864 INFO Generate submissions
2026-08-30 16:56:23,496 INFO Saving/Evaluating before nms results
2026-08-30 16:56:27,323 INFO metrics_no_nms OrderedDict([   ('MR-full-R1@0.5', 67.74),
                ('MR-full-R1@0.7', 53.1),
                ('MR-full-mAP', 48.7),
                ('MR-full-mAP@0.5', 68.48),
                ('MR-full-mAP@0.75', 50.07),
                ('MR-long-mAP', 55.58),
                ('MR-middle-mAP', 49.99),
                ('MR-short-mAP', 13.22),
                ('HL-min-Fair-mAP', 77.29),
                ('HL-min-Fair-Hit1', 79.29),
                ('HL-min-Good-mAP', 66.24),
                ('HL-min-Good-Hit1', 77.29),
                ('HL-min-VeryGood-mAP', 40.59),
                ('HL-min-VeryGood-Hit1', 66.13)])
2026-08-30 16:56:27,637 INFO [Epoch 170]
2026-08-30 16:57:35,045 INFO Epoch[170] class_error 22.8718  class_error_0 30.7785  class_error_1 26.4397  class_error_2 24.0237  loss_giou 0.2419  loss_giou_0 0.3235  loss_giou_1 0.2642  loss_giou_2 0.2484  loss_iou_scores 0.0467  loss_iou_scores_0 0.0498  loss_iou_scores_1 0.0484  loss_iou_scores_2 0.0482  loss_label 0.0744  loss_label_0 0.0928  loss_label_1 0.0835  loss_label_2 0.0781  loss_lcb_d1_bind 0.1986  loss_lcb_drop 0.0006  loss_lcb_late_bind 0.0456  loss_lcb_owner_cons 0.0024  loss_mask_iou 0.0000  loss_mask_iou_0 1.2757  loss_mask_iou_1 1.2483  loss_mask_iou_2 1.2359  loss_overall 9.9259  loss_saliency 2.8464  loss_span 0.1648  loss_span_0 0.2081  loss_span_1 0.1759  loss_span_2 0.1678
2026-08-30 16:57:35,048 INFO Generate submissions
2026-08-30 16:57:40,281 INFO Saving/Evaluating before nms results
2026-08-30 16:57:44,123 INFO metrics_no_nms OrderedDict([   ('MR-full-R1@0.5', 68.32),
                ('MR-full-R1@0.7', 53.74),
                ('MR-full-mAP', 49.17),
                ('MR-full-mAP@0.5', 68.87),
                ('MR-full-mAP@0.75', 51.02),
                ('MR-long-mAP', 55.51),
                ('MR-middle-mAP', 50.76),
                ('MR-short-mAP', 13.5),
                ('HL-min-Fair-mAP', 77.58),
                ('HL-min-Fair-Hit1', 79.81),
                ('HL-min-Good-mAP', 66.58),
                ('HL-min-Good-Hit1', 77.61),
                ('HL-min-VeryGood-mAP', 40.79),
                ('HL-min-VeryGood-Hit1', 66.06)])
2026-08-30 16:57:44,458 INFO [Epoch 171]
2026-08-30 16:58:51,853 INFO Epoch[171] class_error 22.7661  class_error_0 30.5216  class_error_1 25.4448  class_error_2 23.3228  loss_giou 0.2414  loss_giou_0 0.3204  loss_giou_1 0.2618  loss_giou_2 0.2477  loss_iou_scores 0.0464  loss_iou_scores_0 0.0499  loss_iou_scores_1 0.0483  loss_iou_scores_2 0.0479  loss_label 0.0737  loss_label_0 0.0930  loss_label_1 0.0832  loss_label_2 0.0770  loss_lcb_d1_bind 0.1948  loss_lcb_drop 0.0006  loss_lcb_late_bind 0.0451  loss_lcb_owner_cons 0.0024  loss_mask_iou 0.0000  loss_mask_iou_0 1.2685  loss_mask_iou_1 1.2480  loss_mask_iou_2 1.2377  loss_overall 9.8905  loss_saliency 2.8417  loss_span 0.1643  loss_span_0 0.2060  loss_span_1 0.1733  loss_span_2 0.1664
2026-08-30 16:58:51,856 INFO Generate submissions
2026-08-30 16:58:56,865 INFO Saving/Evaluating before nms results
2026-08-30 16:59:00,870 INFO metrics_no_nms OrderedDict([   ('MR-full-R1@0.5', 67.87),
                ('MR-full-R1@0.7', 52.58),
                ('MR-full-mAP', 48.88),
                ('MR-full-mAP@0.5', 68.66),
                ('MR-full-mAP@0.75', 50.24),
                ('MR-long-mAP', 55.86),
                ('MR-middle-mAP', 50.4),
                ('MR-short-mAP', 12.59),
                ('HL-min-Fair-mAP', 77.42),
                ('HL-min-Fair-Hit1', 79.42),
                ('HL-min-Good-mAP', 66.39),
                ('HL-min-Good-Hit1', 77.1),
                ('HL-min-VeryGood-mAP', 40.61),
                ('HL-min-VeryGood-Hit1', 65.55)])
2026-08-30 16:59:01,178 INFO [Epoch 172]
2026-08-30 17:00:08,822 INFO Epoch[172] class_error 22.8007  class_error_0 29.9288  class_error_1 26.0825  class_error_2 23.4202  loss_giou 0.2419  loss_giou_0 0.3206  loss_giou_1 0.2635  loss_giou_2 0.2476  loss_iou_scores 0.0469  loss_iou_scores_0 0.0492  loss_iou_scores_1 0.0484  loss_iou_scores_2 0.0483  loss_label 0.0738  loss_label_0 0.0916  loss_label_1 0.0827  loss_label_2 0.0771  loss_lcb_d1_bind 0.1974  loss_lcb_drop 0.0006  loss_lcb_late_bind 0.0451  loss_lcb_owner_cons 0.0024  loss_mask_iou 0.0000  loss_mask_iou_0 1.2716  loss_mask_iou_1 1.2496  loss_mask_iou_2 1.2365  loss_overall 9.8973  loss_saliency 2.8402  loss_span 0.1636  loss_span_0 0.2054  loss_span_1 0.1749  loss_span_2 0.1663
2026-08-30 17:00:08,824 INFO Generate submissions
2026-08-30 17:00:14,019 INFO Saving/Evaluating before nms results
2026-08-30 17:00:18,172 INFO metrics_no_nms OrderedDict([   ('MR-full-R1@0.5', 67.55),
                ('MR-full-R1@0.7', 52.65),
                ('MR-full-mAP', 48.79),
                ('MR-full-mAP@0.5', 68.65),
                ('MR-full-mAP@0.75', 50.13),
                ('MR-long-mAP', 54.98),
                ('MR-middle-mAP', 50.43),
                ('MR-short-mAP', 13.46),
                ('HL-min-Fair-mAP', 77.51),
                ('HL-min-Fair-Hit1', 79.94),
                ('HL-min-Good-mAP', 66.45),
                ('HL-min-Good-Hit1', 77.55),
                ('HL-min-VeryGood-mAP', 40.72),
                ('HL-min-VeryGood-Hit1', 66.13)])
2026-08-30 17:00:18,496 INFO [Epoch 173]
2026-08-30 17:01:25,873 INFO Epoch[173] class_error 22.6603  class_error_0 29.5374  class_error_1 25.9086  class_error_2 23.7077  loss_giou 0.2438  loss_giou_0 0.3226  loss_giou_1 0.2649  loss_giou_2 0.2490  loss_iou_scores 0.0464  loss_iou_scores_0 0.0491  loss_iou_scores_1 0.0480  loss_iou_scores_2 0.0477  loss_label 0.0744  loss_label_0 0.0921  loss_label_1 0.0828  loss_label_2 0.0777  loss_lcb_d1_bind 0.1991  loss_lcb_drop 0.0006  loss_lcb_late_bind 0.0460  loss_lcb_owner_cons 0.0024  loss_mask_iou 0.0000  loss_mask_iou_0 1.2745  loss_mask_iou_1 1.2529  loss_mask_iou_2 1.2368  loss_overall 9.9227  loss_saliency 2.8383  loss_span 0.1654  loss_span_0 0.2092  loss_span_1 0.1772  loss_span_2 0.1682
2026-08-30 17:01:25,876 INFO Generate submissions
2026-08-30 17:01:31,049 INFO Saving/Evaluating before nms results
2026-08-30 17:01:35,266 INFO metrics_no_nms OrderedDict([   ('MR-full-R1@0.5', 67.74),
                ('MR-full-R1@0.7', 52.65),
                ('MR-full-mAP', 48.71),
                ('MR-full-mAP@0.5', 68.7),
                ('MR-full-mAP@0.75', 50.11),
                ('MR-long-mAP', 55.25),
                ('MR-middle-mAP', 50.23),
                ('MR-short-mAP', 13.25),
                ('HL-min-Fair-mAP', 77.5),
                ('HL-min-Fair-Hit1', 79.74),
                ('HL-min-Good-mAP', 66.43),
                ('HL-min-Good-Hit1', 77.55),
                ('HL-min-VeryGood-mAP', 40.72),
                ('HL-min-VeryGood-Hit1', 65.74)])
2026-08-30 17:01:35,543 INFO [Epoch 174]
2026-08-30 17:02:44,079 INFO Epoch[174] class_error 23.4467  class_error_0 29.4450  class_error_1 26.7870  class_error_2 24.0008  loss_giou 0.2412  loss_giou_0 0.3223  loss_giou_1 0.2617  loss_giou_2 0.2468  loss_iou_scores 0.0477  loss_iou_scores_0 0.0500  loss_iou_scores_1 0.0488  loss_iou_scores_2 0.0488  loss_label 0.0748  loss_label_0 0.0934  loss_label_1 0.0839  loss_label_2 0.0786  loss_lcb_d1_bind 0.1963  loss_lcb_drop 0.0006  loss_lcb_late_bind 0.0453  loss_lcb_owner_cons 0.0024  loss_mask_iou 0.0000  loss_mask_iou_0 1.2711  loss_mask_iou_1 1.2410  loss_mask_iou_2 1.2359  loss_overall 9.9051  loss_saliency 2.8478  loss_span 0.1650  loss_span_0 0.2078  loss_span_1 0.1742  loss_span_2 0.1671
2026-08-30 17:02:44,083 INFO Generate submissions
2026-08-30 17:02:49,190 INFO Saving/Evaluating before nms results
2026-08-30 17:02:53,318 INFO metrics_no_nms OrderedDict([   ('MR-full-R1@0.5', 67.35),
                ('MR-full-R1@0.7', 53.55),
                ('MR-full-mAP', 48.89),
                ('MR-full-mAP@0.5', 68.48),
                ('MR-full-mAP@0.75', 50.58),
                ('MR-long-mAP', 55.4),
                ('MR-middle-mAP', 50.5),
                ('MR-short-mAP', 13.54),
                ('HL-min-Fair-mAP', 77.42),
                ('HL-min-Fair-Hit1', 79.48),
                ('HL-min-Good-mAP', 66.44),
                ('HL-min-Good-Hit1', 77.61),
                ('HL-min-VeryGood-mAP', 40.77),
                ('HL-min-VeryGood-Hit1', 66.32)])
2026-08-30 17:02:53,621 INFO [Epoch 175]
2026-08-30 17:04:02,603 INFO Epoch[175] class_error 23.2795  class_error_0 29.6230  class_error_1 26.5206  class_error_2 24.2547  loss_giou 0.2413  loss_giou_0 0.3212  loss_giou_1 0.2615  loss_giou_2 0.2465  loss_iou_scores 0.0469  loss_iou_scores_0 0.0498  loss_iou_scores_1 0.0487  loss_iou_scores_2 0.0483  loss_label 0.0743  loss_label_0 0.0922  loss_label_1 0.0827  loss_label_2 0.0772  loss_lcb_d1_bind 0.1981  loss_lcb_drop 0.0006  loss_lcb_late_bind 0.0455  loss_lcb_owner_cons 0.0024  loss_mask_iou 0.0000  loss_mask_iou_0 1.2706  loss_mask_iou_1 1.2455  loss_mask_iou_2 1.2320  loss_overall 9.8843  loss_saliency 2.8399  loss_span 0.1632  loss_span_0 0.2052  loss_span_1 0.1735  loss_span_2 0.1653
2026-08-30 17:04:02,607 INFO Generate submissions
2026-08-30 17:04:07,742 INFO Saving/Evaluating before nms results
2026-08-30 17:04:11,609 INFO metrics_no_nms OrderedDict([   ('MR-full-R1@0.5', 68.19),
                ('MR-full-R1@0.7', 52.77),
                ('MR-full-mAP', 48.84),
                ('MR-full-mAP@0.5', 68.83),
                ('MR-full-mAP@0.75', 50.37),
                ('MR-long-mAP', 55.45),
                ('MR-middle-mAP', 50.47),
                ('MR-short-mAP', 13.1),
                ('HL-min-Fair-mAP', 77.33),
                ('HL-min-Fair-Hit1', 78.26),
                ('HL-min-Good-mAP', 66.26),
                ('HL-min-Good-Hit1', 76.06),
                ('HL-min-VeryGood-mAP', 40.64),
                ('HL-min-VeryGood-Hit1', 64.84)])
2026-08-30 17:04:11,886 INFO [Epoch 176]
2026-08-30 17:05:19,948 INFO Epoch[176] class_error 22.9098  class_error_0 29.8004  class_error_1 26.3174  class_error_2 23.4822  loss_giou 0.2401  loss_giou_0 0.3217  loss_giou_1 0.2623  loss_giou_2 0.2463  loss_iou_scores 0.0463  loss_iou_scores_0 0.0488  loss_iou_scores_1 0.0478  loss_iou_scores_2 0.0479  loss_label 0.0742  loss_label_0 0.0923  loss_label_1 0.0830  loss_label_2 0.0777  loss_lcb_d1_bind 0.1958  loss_lcb_drop 0.0006  loss_lcb_late_bind 0.0452  loss_lcb_owner_cons 0.0024  loss_mask_iou 0.0000  loss_mask_iou_0 1.2578  loss_mask_iou_1 1.2364  loss_mask_iou_2 1.2224  loss_overall 9.8544  loss_saliency 2.8380  loss_span 0.1650  loss_span_0 0.2072  loss_span_1 0.1749  loss_span_2 0.1678
2026-08-30 17:05:19,952 INFO Generate submissions
2026-08-30 17:05:25,247 INFO Saving/Evaluating before nms results
2026-08-30 17:05:29,364 INFO metrics_no_nms OrderedDict([   ('MR-full-R1@0.5', 67.81),
                ('MR-full-R1@0.7', 53.23),
                ('MR-full-mAP', 48.76),
                ('MR-full-mAP@0.5', 68.48),
                ('MR-full-mAP@0.75', 50.07),
                ('MR-long-mAP', 55.1),
                ('MR-middle-mAP', 50.59),
                ('MR-short-mAP', 13.2),
                ('HL-min-Fair-mAP', 77.51),
                ('HL-min-Fair-Hit1', 79.29),
                ('HL-min-Good-mAP', 66.51),
                ('HL-min-Good-Hit1', 77.1),
                ('HL-min-VeryGood-mAP', 40.76),
                ('HL-min-VeryGood-Hit1', 65.48)])
2026-08-30 17:05:29,630 INFO [Epoch 177]
2026-08-30 17:06:38,475 INFO Epoch[177] class_error 22.6497  class_error_0 30.1253  class_error_1 25.5894  class_error_2 23.5987  loss_giou 0.2403  loss_giou_0 0.3184  loss_giou_1 0.2613  loss_giou_2 0.2472  loss_iou_scores 0.0467  loss_iou_scores_0 0.0499  loss_iou_scores_1 0.0482  loss_iou_scores_2 0.0478  loss_label 0.0736  loss_label_0 0.0925  loss_label_1 0.0829  loss_label_2 0.0776  loss_lcb_d1_bind 0.1982  loss_lcb_drop 0.0006  loss_lcb_late_bind 0.0456  loss_lcb_owner_cons 0.0024  loss_mask_iou 0.0000  loss_mask_iou_0 1.2639  loss_mask_iou_1 1.2390  loss_mask_iou_2 1.2283  loss_overall 9.8591  loss_saliency 2.8397  loss_span 0.1625  loss_span_0 0.2037  loss_span_1 0.1718  loss_span_2 0.1651
2026-08-30 17:06:38,478 INFO Generate submissions
2026-08-30 17:06:42,967 INFO Saving/Evaluating before nms results
2026-08-30 17:06:46,833 INFO metrics_no_nms OrderedDict([   ('MR-full-R1@0.5', 67.42),
                ('MR-full-R1@0.7', 53.03),
                ('MR-full-mAP', 48.8),
                ('MR-full-mAP@0.5', 68.55),
                ('MR-full-mAP@0.75', 50.2),
                ('MR-long-mAP', 55.48),
                ('MR-middle-mAP', 50.3),
                ('MR-short-mAP', 13.44),
                ('HL-min-Fair-mAP', 77.2),
                ('HL-min-Fair-Hit1', 79.23),
                ('HL-min-Good-mAP', 66.14),
                ('HL-min-Good-Hit1', 76.9),
                ('HL-min-VeryGood-mAP', 40.58),
                ('HL-min-VeryGood-Hit1', 65.48)])
2026-08-30 17:06:47,106 INFO [Epoch 178]
2026-08-30 17:07:53,083 INFO Epoch[178] class_error 22.6850  class_error_0 28.7278  class_error_1 26.1338  class_error_2 23.4209  loss_giou 0.2384  loss_giou_0 0.3217  loss_giou_1 0.2622  loss_giou_2 0.2452  loss_iou_scores 0.0465  loss_iou_scores_0 0.0492  loss_iou_scores_1 0.0480  loss_iou_scores_2 0.0477  loss_label 0.0738  loss_label_0 0.0912  loss_label_1 0.0820  loss_label_2 0.0770  loss_lcb_d1_bind 0.1999  loss_lcb_drop 0.0006  loss_lcb_late_bind 0.0461  loss_lcb_owner_cons 0.0024  loss_mask_iou 0.0000  loss_mask_iou_0 1.2582  loss_mask_iou_1 1.2387  loss_mask_iou_2 1.2264  loss_overall 9.8488  loss_saliency 2.8359  loss_span 0.1625  loss_span_0 0.2065  loss_span_1 0.1731  loss_span_2 0.1650
2026-08-30 17:07:53,088 INFO Generate submissions
2026-08-30 17:07:58,375 INFO Saving/Evaluating before nms results
2026-08-30 17:08:02,401 INFO metrics_no_nms OrderedDict([   ('MR-full-R1@0.5', 68.06),
                ('MR-full-R1@0.7', 52.84),
                ('MR-full-mAP', 48.82),
                ('MR-full-mAP@0.5', 68.98),
                ('MR-full-mAP@0.75', 49.77),
                ('MR-long-mAP', 55.71),
                ('MR-middle-mAP', 50.32),
                ('MR-short-mAP', 13.38),
                ('HL-min-Fair-mAP', 77.26),
                ('HL-min-Fair-Hit1', 78.97),
                ('HL-min-Good-mAP', 66.14),
                ('HL-min-Good-Hit1', 76.71),
                ('HL-min-VeryGood-mAP', 40.57),
                ('HL-min-VeryGood-Hit1', 65.03)])
2026-08-30 17:08:02,711 INFO [Epoch 179]
2026-08-30 17:09:10,160 INFO Epoch[179] class_error 22.8347  class_error_0 30.0084  class_error_1 26.0005  class_error_2 24.0138  loss_giou 0.2413  loss_giou_0 0.3224  loss_giou_1 0.2637  loss_giou_2 0.2479  loss_iou_scores 0.0467  loss_iou_scores_0 0.0489  loss_iou_scores_1 0.0478  loss_iou_scores_2 0.0482  loss_label 0.0739  loss_label_0 0.0913  loss_label_1 0.0826  loss_label_2 0.0774  loss_lcb_d1_bind 0.1958  loss_lcb_drop 0.0006  loss_lcb_late_bind 0.0455  loss_lcb_owner_cons 0.0025  loss_mask_iou 0.0000  loss_mask_iou_0 1.2625  loss_mask_iou_1 1.2376  loss_mask_iou_2 1.2252  loss_overall 9.8652  loss_saliency 2.8419  loss_span 0.1633  loss_span_0 0.2053  loss_span_1 0.1732  loss_span_2 0.1661
2026-08-30 17:09:10,163 INFO Generate submissions
2026-08-30 17:09:14,929 INFO Saving/Evaluating before nms results
2026-08-30 17:09:18,888 INFO metrics_no_nms OrderedDict([   ('MR-full-R1@0.5', 68.26),
                ('MR-full-R1@0.7', 53.61),
                ('MR-full-mAP', 48.87),
                ('MR-full-mAP@0.5', 68.89),
                ('MR-full-mAP@0.75', 50.22),
                ('MR-long-mAP', 55.3),
                ('MR-middle-mAP', 50.38),
                ('MR-short-mAP', 13.6),
                ('HL-min-Fair-mAP', 77.24),
                ('HL-min-Fair-Hit1', 78.84),
                ('HL-min-Good-mAP', 66.22),
                ('HL-min-Good-Hit1', 76.58),
                ('HL-min-VeryGood-mAP', 40.68),
                ('HL-min-VeryGood-Hit1', 65.68)])
2026-08-30 17:09:19,143 INFO [Epoch 180]
2026-08-30 17:10:26,267 INFO Epoch[180] class_error 22.8950  class_error_0 29.9068  class_error_1 25.7530  class_error_2 23.8963  loss_giou 0.2422  loss_giou_0 0.3203  loss_giou_1 0.2632  loss_giou_2 0.2480  loss_iou_scores 0.0464  loss_iou_scores_0 0.0496  loss_iou_scores_1 0.0477  loss_iou_scores_2 0.0476  loss_label 0.0737  loss_label_0 0.0914  loss_label_1 0.0827  loss_label_2 0.0773  loss_lcb_d1_bind 0.1939  loss_lcb_drop 0.0006  loss_lcb_late_bind 0.0451  loss_lcb_owner_cons 0.0024  loss_mask_iou 0.0000  loss_mask_iou_0 1.2702  loss_mask_iou_1 1.2474  loss_mask_iou_2 1.2339  loss_overall 9.8873  loss_saliency 2.8393  loss_span 0.1644  loss_span_0 0.2072  loss_span_1 0.1744  loss_span_2 0.1666
2026-08-30 17:10:26,271 INFO Generate submissions
2026-08-30 17:10:31,375 INFO Saving/Evaluating before nms results
2026-08-30 17:10:35,083 INFO metrics_no_nms OrderedDict([   ('MR-full-R1@0.5', 67.68),
                ('MR-full-R1@0.7', 52.65),
                ('MR-full-mAP', 48.68),
                ('MR-full-mAP@0.5', 68.83),
                ('MR-full-mAP@0.75', 49.61),
                ('MR-long-mAP', 55.24),
                ('MR-middle-mAP', 50.08),
                ('MR-short-mAP', 13.43),
                ('HL-min-Fair-mAP', 77.24),
                ('HL-min-Fair-Hit1', 78.77),
                ('HL-min-Good-mAP', 66.24),
                ('HL-min-Good-Hit1', 76.65),
                ('HL-min-VeryGood-mAP', 40.57),
                ('HL-min-VeryGood-Hit1', 65.03)])
2026-08-30 17:10:35,327 INFO [Epoch 181]
2026-08-30 17:11:43,131 INFO Epoch[181] class_error 23.2940  class_error_0 29.5736  class_error_1 25.9365  class_error_2 24.0352  loss_giou 0.2395  loss_giou_0 0.3196  loss_giou_1 0.2612  loss_giou_2 0.2454  loss_iou_scores 0.0470  loss_iou_scores_0 0.0501  loss_iou_scores_1 0.0485  loss_iou_scores_2 0.0485  loss_label 0.0748  loss_label_0 0.0926  loss_label_1 0.0834  loss_label_2 0.0785  loss_lcb_d1_bind 0.1913  loss_lcb_drop 0.0006  loss_lcb_late_bind 0.0440  loss_lcb_owner_cons 0.0024  loss_mask_iou 0.0000  loss_mask_iou_0 1.2524  loss_mask_iou_1 1.2246  loss_mask_iou_2 1.2154  loss_overall 9.8191  loss_saliency 2.8424  loss_span 0.1616  loss_span_0 0.2058  loss_span_1 0.1730  loss_span_2 0.1641
2026-08-30 17:11:43,134 INFO Generate submissions
2026-08-30 17:11:48,076 INFO Saving/Evaluating before nms results
2026-08-30 17:11:52,121 INFO metrics_no_nms OrderedDict([   ('MR-full-R1@0.5', 67.55),
                ('MR-full-R1@0.7', 52.65),
                ('MR-full-mAP', 48.8),
                ('MR-full-mAP@0.5', 68.76),
                ('MR-full-mAP@0.75', 49.81),
                ('MR-long-mAP', 55.68),
                ('MR-middle-mAP', 49.75),
                ('MR-short-mAP', 14.05),
                ('HL-min-Fair-mAP', 77.24),
                ('HL-min-Fair-Hit1', 78.77),
                ('HL-min-Good-mAP', 66.22),
                ('HL-min-Good-Hit1', 76.71),
                ('HL-min-VeryGood-mAP', 40.64),
                ('HL-min-VeryGood-Hit1', 64.97)])
2026-08-30 17:11:52,445 INFO [Epoch 182]
2026-08-30 17:13:06,184 INFO Epoch[182] class_error 22.4265  class_error_0 28.6368  class_error_1 24.9160  class_error_2 22.9179  loss_giou 0.2371  loss_giou_0 0.3178  loss_giou_1 0.2600  loss_giou_2 0.2443  loss_iou_scores 0.0455  loss_iou_scores_0 0.0490  loss_iou_scores_1 0.0471  loss_iou_scores_2 0.0471  loss_label 0.0732  loss_label_0 0.0914  loss_label_1 0.0830  loss_label_2 0.0770  loss_lcb_d1_bind 0.1935  loss_lcb_drop 0.0006  loss_lcb_late_bind 0.0440  loss_lcb_owner_cons 0.0024  loss_mask_iou 0.0000  loss_mask_iou_0 1.2459  loss_mask_iou_1 1.2224  loss_mask_iou_2 1.2103  loss_overall 9.7778  loss_saliency 2.8404  loss_span 0.1600  loss_span_0 0.2033  loss_span_1 0.1709  loss_span_2 0.1627
2026-08-30 17:13:06,186 INFO Generate submissions
2026-08-30 17:13:10,652 INFO Saving/Evaluating before nms results
2026-08-30 17:13:14,537 INFO metrics_no_nms OrderedDict([   ('MR-full-R1@0.5', 67.61),
                ('MR-full-R1@0.7', 53.16),
                ('MR-full-mAP', 48.93),
                ('MR-full-mAP@0.5', 68.55),
                ('MR-full-mAP@0.75', 49.95),
                ('MR-long-mAP', 55.55),
                ('MR-middle-mAP', 50.14),
                ('MR-short-mAP', 13.94),
                ('HL-min-Fair-mAP', 77.34),
                ('HL-min-Fair-Hit1', 79.03),
                ('HL-min-Good-mAP', 66.34),
                ('HL-min-Good-Hit1', 76.84),
                ('HL-min-VeryGood-mAP', 40.72),
                ('HL-min-VeryGood-Hit1', 65.23)])
2026-08-30 17:13:14,834 INFO [Epoch 183]
2026-08-30 17:14:30,479 INFO Epoch[183] class_error 22.8004  class_error_0 29.9154  class_error_1 25.8211  class_error_2 23.7942  loss_giou 0.2400  loss_giou_0 0.3216  loss_giou_1 0.2616  loss_giou_2 0.2459  loss_iou_scores 0.0460  loss_iou_scores_0 0.0494  loss_iou_scores_1 0.0476  loss_iou_scores_2 0.0477  loss_label 0.0731  loss_label_0 0.0914  loss_label_1 0.0822  loss_label_2 0.0765  loss_lcb_d1_bind 0.1938  loss_lcb_drop 0.0006  loss_lcb_late_bind 0.0450  loss_lcb_owner_cons 0.0024  loss_mask_iou 0.0000  loss_mask_iou_0 1.2468  loss_mask_iou_1 1.2317  loss_mask_iou_2 1.2189  loss_overall 9.8220  loss_saliency 2.8424  loss_span 0.1625  loss_span_0 0.2073  loss_span_1 0.1725  loss_span_2 0.1654
2026-08-30 17:14:30,483 INFO Generate submissions
2026-08-30 17:14:34,751 INFO Saving/Evaluating before nms results
2026-08-30 17:14:38,876 INFO metrics_no_nms OrderedDict([   ('MR-full-R1@0.5', 67.81),
                ('MR-full-R1@0.7', 52.97),
                ('MR-full-mAP', 48.73),
                ('MR-full-mAP@0.5', 68.64),
                ('MR-full-mAP@0.75', 49.68),
                ('MR-long-mAP', 55.88),
                ('MR-middle-mAP', 49.7),
                ('MR-short-mAP', 13.43),
                ('HL-min-Fair-mAP', 77.21),
                ('HL-min-Fair-Hit1', 78.71),
                ('HL-min-Good-mAP', 66.11),
                ('HL-min-Good-Hit1', 76.45),
                ('HL-min-VeryGood-mAP', 40.52),
                ('HL-min-VeryGood-Hit1', 65.03)])
2026-08-30 17:14:39,168 INFO [Epoch 184]
2026-08-30 17:15:54,143 INFO Epoch[184] class_error 22.3438  class_error_0 28.8284  class_error_1 25.3876  class_error_2 23.1918  loss_giou 0.2411  loss_giou_0 0.3193  loss_giou_1 0.2621  loss_giou_2 0.2475  loss_iou_scores 0.0469  loss_iou_scores_0 0.0492  loss_iou_scores_1 0.0483  loss_iou_scores_2 0.0481  loss_label 0.0730  loss_label_0 0.0907  loss_label_1 0.0819  loss_label_2 0.0768  loss_lcb_d1_bind 0.1962  loss_lcb_drop 0.0006  loss_lcb_late_bind 0.0456  loss_lcb_owner_cons 0.0024  loss_mask_iou 0.0000  loss_mask_iou_0 1.2579  loss_mask_iou_1 1.2336  loss_mask_iou_2 1.2158  loss_overall 9.8405  loss_saliency 2.8405  loss_span 0.1637  loss_span_0 0.2063  loss_span_1 0.1749  loss_span_2 0.1660
2026-08-30 17:15:54,146 INFO Generate submissions
2026-08-30 17:15:58,852 INFO Saving/Evaluating before nms results
2026-08-30 17:16:02,895 INFO metrics_no_nms OrderedDict([   ('MR-full-R1@0.5', 67.74),
                ('MR-full-R1@0.7', 53.16),
                ('MR-full-mAP', 48.84),
                ('MR-full-mAP@0.5', 68.75),
                ('MR-full-mAP@0.75', 50.42),
                ('MR-long-mAP', 55.47),
                ('MR-middle-mAP', 50.24),
                ('MR-short-mAP', 13.61),
                ('HL-min-Fair-mAP', 77.44),
                ('HL-min-Fair-Hit1', 79.35),
                ('HL-min-Good-mAP', 66.38),
                ('HL-min-Good-Hit1', 77.23),
                ('HL-min-VeryGood-mAP', 40.74),
                ('HL-min-VeryGood-Hit1', 66.06)])
2026-08-30 17:16:03,135 INFO [Epoch 185]
2026-08-30 17:17:17,925 INFO Epoch[185] class_error 23.3861  class_error_0 29.5178  class_error_1 26.1708  class_error_2 24.0604  loss_giou 0.2377  loss_giou_0 0.3182  loss_giou_1 0.2611  loss_giou_2 0.2443  loss_iou_scores 0.0469  loss_iou_scores_0 0.0486  loss_iou_scores_1 0.0480  loss_iou_scores_2 0.0482  loss_label 0.0746  loss_label_0 0.0919  loss_label_1 0.0823  loss_label_2 0.0778  loss_lcb_d1_bind 0.1921  loss_lcb_drop 0.0006  loss_lcb_late_bind 0.0445  loss_lcb_owner_cons 0.0024  loss_mask_iou 0.0000  loss_mask_iou_0 1.2509  loss_mask_iou_1 1.2321  loss_mask_iou_2 1.2142  loss_overall 9.8013  loss_saliency 2.8394  loss_span 0.1592  loss_span_0 0.2021  loss_span_1 0.1703  loss_span_2 0.1618
2026-08-30 17:17:17,930 INFO Generate submissions
2026-08-30 17:17:22,757 INFO Saving/Evaluating before nms results
2026-08-30 17:17:27,086 INFO metrics_no_nms OrderedDict([   ('MR-full-R1@0.5', 68.0),
                ('MR-full-R1@0.7', 53.87),
                ('MR-full-mAP', 48.69),
                ('MR-full-mAP@0.5', 68.49),
                ('MR-full-mAP@0.75', 50.38),
                ('MR-long-mAP', 54.25),
                ('MR-middle-mAP', 50.67),
                ('MR-short-mAP', 13.66),
                ('HL-min-Fair-mAP', 77.38),
                ('HL-min-Fair-Hit1', 79.03),
                ('HL-min-Good-mAP', 66.3),
                ('HL-min-Good-Hit1', 76.97),
                ('HL-min-VeryGood-mAP', 40.72),
                ('HL-min-VeryGood-Hit1', 65.87)])
2026-08-30 17:17:27,385 INFO [Epoch 186]
2026-08-30 17:18:41,541 INFO Epoch[186] class_error 22.9290  class_error_0 30.0968  class_error_1 25.8018  class_error_2 23.4061  loss_giou 0.2385  loss_giou_0 0.3183  loss_giou_1 0.2602  loss_giou_2 0.2449  loss_iou_scores 0.0463  loss_iou_scores_0 0.0492  loss_iou_scores_1 0.0472  loss_iou_scores_2 0.0473  loss_label 0.0736  loss_label_0 0.0920  loss_label_1 0.0817  loss_label_2 0.0772  loss_lcb_d1_bind 0.1947  loss_lcb_drop 0.0006  loss_lcb_late_bind 0.0444  loss_lcb_owner_cons 0.0024  loss_mask_iou 0.0000  loss_mask_iou_0 1.2514  loss_mask_iou_1 1.2343  loss_mask_iou_2 1.2189  loss_overall 9.8160  loss_saliency 2.8393  loss_span 0.1610  loss_span_0 0.2036  loss_span_1 0.1724  loss_span_2 0.1642
2026-08-30 17:18:41,544 INFO Generate submissions
2026-08-30 17:18:45,930 INFO Saving/Evaluating before nms results
2026-08-30 17:18:49,986 INFO metrics_no_nms OrderedDict([   ('MR-full-R1@0.5', 67.74),
                ('MR-full-R1@0.7', 53.23),
                ('MR-full-mAP', 48.7),
                ('MR-full-mAP@0.5', 68.68),
                ('MR-full-mAP@0.75', 49.89),
                ('MR-long-mAP', 54.85),
                ('MR-middle-mAP', 50.2),
                ('MR-short-mAP', 13.66),
                ('HL-min-Fair-mAP', 77.41),
                ('HL-min-Fair-Hit1', 79.16),
                ('HL-min-Good-mAP', 66.38),
                ('HL-min-Good-Hit1', 77.1),
                ('HL-min-VeryGood-mAP', 40.71),
                ('HL-min-VeryGood-Hit1', 65.35)])
2026-08-30 17:18:50,257 INFO [Epoch 187]
2026-08-30 17:20:05,176 INFO Epoch[187] class_error 22.2804  class_error_0 29.7477  class_error_1 25.0045  class_error_2 23.3699  loss_giou 0.2384  loss_giou_0 0.3181  loss_giou_1 0.2608  loss_giou_2 0.2447  loss_iou_scores 0.0462  loss_iou_scores_0 0.0490  loss_iou_scores_1 0.0476  loss_iou_scores_2 0.0476  loss_label 0.0730  loss_label_0 0.0918  loss_label_1 0.0820  loss_label_2 0.0765  loss_lcb_d1_bind 0.1945  loss_lcb_drop 0.0006  loss_lcb_late_bind 0.0453  loss_lcb_owner_cons 0.0024  loss_mask_iou 0.0000  loss_mask_iou_0 1.2571  loss_mask_iou_1 1.2320  loss_mask_iou_2 1.2165  loss_overall 9.8126  loss_saliency 2.8381  loss_span 0.1608  loss_span_0 0.2037  loss_span_1 0.1717  loss_span_2 0.1638
2026-08-30 17:20:05,179 INFO Generate submissions
2026-08-30 17:20:09,608 INFO Saving/Evaluating before nms results
2026-08-30 17:20:13,434 INFO metrics_no_nms OrderedDict([   ('MR-full-R1@0.5', 68.19),
                ('MR-full-R1@0.7', 53.61),
                ('MR-full-mAP', 48.64),
                ('MR-full-mAP@0.5', 68.98),
                ('MR-full-mAP@0.75', 49.97),
                ('MR-long-mAP', 54.92),
                ('MR-middle-mAP', 50.18),
                ('MR-short-mAP', 13.48),
                ('HL-min-Fair-mAP', 77.51),
                ('HL-min-Fair-Hit1', 79.16),
                ('HL-min-Good-mAP', 66.42),
                ('HL-min-Good-Hit1', 77.1),
                ('HL-min-VeryGood-mAP', 40.65),
                ('HL-min-VeryGood-Hit1', 65.61)])
2026-08-30 17:20:13,724 INFO [Epoch 188]
2026-08-30 17:21:28,347 INFO Epoch[188] class_error 22.4490  class_error_0 29.0689  class_error_1 24.7644  class_error_2 23.5397  loss_giou 0.2408  loss_giou_0 0.3209  loss_giou_1 0.2621  loss_giou_2 0.2478  loss_iou_scores 0.0461  loss_iou_scores_0 0.0492  loss_iou_scores_1 0.0477  loss_iou_scores_2 0.0474  loss_label 0.0734  loss_label_0 0.0918  loss_label_1 0.0818  loss_label_2 0.0767  loss_lcb_d1_bind 0.1954  loss_lcb_drop 0.0006  loss_lcb_late_bind 0.0452  loss_lcb_owner_cons 0.0024  loss_mask_iou 0.0000  loss_mask_iou_0 1.2560  loss_mask_iou_1 1.2404  loss_mask_iou_2 1.2245  loss_overall 9.8382  loss_saliency 2.8397  loss_span 0.1599  loss_span_0 0.2041  loss_span_1 0.1709  loss_span_2 0.1630
2026-08-30 17:21:28,350 INFO Generate submissions
2026-08-30 17:21:32,815 INFO Saving/Evaluating before nms results
2026-08-30 17:21:36,559 INFO metrics_no_nms OrderedDict([   ('MR-full-R1@0.5', 67.74),
                ('MR-full-R1@0.7', 52.77),
                ('MR-full-mAP', 48.51),
                ('MR-full-mAP@0.5', 68.59),
                ('MR-full-mAP@0.75', 49.79),
                ('MR-long-mAP', 54.82),
                ('MR-middle-mAP', 50.06),
                ('MR-short-mAP', 13.38),
                ('HL-min-Fair-mAP', 77.38),
                ('HL-min-Fair-Hit1', 78.58),
                ('HL-min-Good-mAP', 66.36),
                ('HL-min-Good-Hit1', 76.39),
                ('HL-min-VeryGood-mAP', 40.55),
                ('HL-min-VeryGood-Hit1', 65.29)])
2026-08-30 17:21:36,834 INFO [Epoch 189]
2026-08-30 17:22:51,624 INFO Epoch[189] class_error 22.8917  class_error_0 29.2419  class_error_1 25.4705  class_error_2 23.1937  loss_giou 0.2362  loss_giou_0 0.3179  loss_giou_1 0.2578  loss_giou_2 0.2424  loss_iou_scores 0.0463  loss_iou_scores_0 0.0499  loss_iou_scores_1 0.0480  loss_iou_scores_2 0.0478  loss_label 0.0729  loss_label_0 0.0910  loss_label_1 0.0819  loss_label_2 0.0766  loss_lcb_d1_bind 0.1916  loss_lcb_drop 0.0006  loss_lcb_late_bind 0.0448  loss_lcb_owner_cons 0.0024  loss_mask_iou 0.0000  loss_mask_iou_0 1.2370  loss_mask_iou_1 1.2102  loss_mask_iou_2 1.1982  loss_overall 9.7339  loss_saliency 2.8353  loss_span 0.1592  loss_span_0 0.2030  loss_span_1 0.1704  loss_span_2 0.1623
2026-08-30 17:22:51,627 INFO Generate submissions
2026-08-30 17:22:56,041 INFO Saving/Evaluating before nms results
2026-08-30 17:22:59,676 INFO metrics_no_nms OrderedDict([   ('MR-full-R1@0.5', 67.87),
                ('MR-full-R1@0.7', 53.03),
                ('MR-full-mAP', 48.63),
                ('MR-full-mAP@0.5', 68.69),
                ('MR-full-mAP@0.75', 50.08),
                ('MR-long-mAP', 55.27),
                ('MR-middle-mAP', 50.07),
                ('MR-short-mAP', 12.95),
                ('HL-min-Fair-mAP', 77.29),
                ('HL-min-Fair-Hit1', 78.32),
                ('HL-min-Good-mAP', 66.25),
                ('HL-min-Good-Hit1', 76.19),
                ('HL-min-VeryGood-mAP', 40.47),
                ('HL-min-VeryGood-Hit1', 65.1)])
2026-08-30 17:22:59,965 INFO [Epoch 190]
2026-08-30 17:24:14,350 INFO Epoch[190] class_error 22.2695  class_error_0 28.6784  class_error_1 24.8085  class_error_2 22.9682  loss_giou 0.2373  loss_giou_0 0.3193  loss_giou_1 0.2596  loss_giou_2 0.2436  loss_iou_scores 0.0460  loss_iou_scores_0 0.0489  loss_iou_scores_1 0.0480  loss_iou_scores_2 0.0474  loss_label 0.0729  loss_label_0 0.0912  loss_label_1 0.0817  loss_label_2 0.0766  loss_lcb_d1_bind 0.1937  loss_lcb_drop 0.0006  loss_lcb_late_bind 0.0443  loss_lcb_owner_cons 0.0024  loss_mask_iou 0.0000  loss_mask_iou_0 1.2489  loss_mask_iou_1 1.2308  loss_mask_iou_2 1.2125  loss_overall 9.7888  loss_saliency 2.8424  loss_span 0.1584  loss_span_0 0.2017  loss_span_1 0.1693  loss_span_2 0.1617
2026-08-30 17:24:14,353 INFO Generate submissions
2026-08-30 17:24:18,997 INFO Saving/Evaluating before nms results
2026-08-30 17:24:22,941 INFO metrics_no_nms OrderedDict([   ('MR-full-R1@0.5', 68.39),
                ('MR-full-R1@0.7', 52.97),
                ('MR-full-mAP', 49.05),
                ('MR-full-mAP@0.5', 69.08),
                ('MR-full-mAP@0.75', 50.44),
                ('MR-long-mAP', 55.85),
                ('MR-middle-mAP', 50.53),
                ('MR-short-mAP', 12.97),
                ('HL-min-Fair-mAP', 77.56),
                ('HL-min-Fair-Hit1', 79.35),
                ('HL-min-Good-mAP', 66.65),
                ('HL-min-Good-Hit1', 77.23),
                ('HL-min-VeryGood-mAP', 40.81),
                ('HL-min-VeryGood-Hit1', 66.0)])
2026-08-30 17:24:23,202 INFO [Epoch 191]
2026-08-30 17:25:39,430 INFO Epoch[191] class_error 23.0405  class_error_0 29.0204  class_error_1 25.7587  class_error_2 23.9473  loss_giou 0.2377  loss_giou_0 0.3184  loss_giou_1 0.2594  loss_giou_2 0.2443  loss_iou_scores 0.0462  loss_iou_scores_0 0.0489  loss_iou_scores_1 0.0479  loss_iou_scores_2 0.0477  loss_label 0.0746  loss_label_0 0.0913  loss_label_1 0.0829  loss_label_2 0.0782  loss_lcb_d1_bind 0.1909  loss_lcb_drop 0.0006  loss_lcb_late_bind 0.0437  loss_lcb_owner_cons 0.0024  loss_mask_iou 0.0000  loss_mask_iou_0 1.2580  loss_mask_iou_1 1.2365  loss_mask_iou_2 1.2166  loss_overall 9.8103  loss_saliency 2.8397  loss_span 0.1593  loss_span_0 0.2046  loss_span_1 0.1699  loss_span_2 0.1620
2026-08-30 17:25:39,434 INFO Generate submissions
2026-08-30 17:25:44,467 INFO Saving/Evaluating before nms results
2026-08-30 17:25:48,661 INFO metrics_no_nms OrderedDict([   ('MR-full-R1@0.5', 67.87),
                ('MR-full-R1@0.7', 53.35),
                ('MR-full-mAP', 48.74),
                ('MR-full-mAP@0.5', 68.83),
                ('MR-full-mAP@0.75', 50.44),
                ('MR-long-mAP', 55.78),
                ('MR-middle-mAP', 50.02),
                ('MR-short-mAP', 13.32),
                ('HL-min-Fair-mAP', 77.3),
                ('HL-min-Fair-Hit1', 79.42),
                ('HL-min-Good-mAP', 66.23),
                ('HL-min-Good-Hit1', 77.48),
                ('HL-min-VeryGood-mAP', 40.53),
                ('HL-min-VeryGood-Hit1', 65.94)])
2026-08-30 17:25:48,940 INFO [Epoch 192]
2026-08-30 17:27:04,360 INFO Epoch[192] class_error 22.7536  class_error_0 29.1567  class_error_1 25.3484  class_error_2 23.3786  loss_giou 0.2367  loss_giou_0 0.3179  loss_giou_1 0.2573  loss_giou_2 0.2427  loss_iou_scores 0.0466  loss_iou_scores_0 0.0492  loss_iou_scores_1 0.0481  loss_iou_scores_2 0.0479  loss_label 0.0731  loss_label_0 0.0916  loss_label_1 0.0817  loss_label_2 0.0766  loss_lcb_d1_bind 0.1893  loss_lcb_drop 0.0006  loss_lcb_late_bind 0.0439  loss_lcb_owner_cons 0.0023  loss_mask_iou 0.0000  loss_mask_iou_0 1.2453  loss_mask_iou_1 1.2285  loss_mask_iou_2 1.2155  loss_overall 9.7812  loss_saliency 2.8381  loss_span 0.1606  loss_span_0 0.2051  loss_span_1 0.1705  loss_span_2 0.1631
2026-08-30 17:27:04,363 INFO Generate submissions
2026-08-30 17:27:08,776 INFO Saving/Evaluating before nms results
2026-08-30 17:27:12,672 INFO metrics_no_nms OrderedDict([   ('MR-full-R1@0.5', 67.81),
                ('MR-full-R1@0.7', 52.97),
                ('MR-full-mAP', 48.91),
                ('MR-full-mAP@0.5', 68.73),
                ('MR-full-mAP@0.75', 50.12),
                ('MR-long-mAP', 55.63),
                ('MR-middle-mAP', 50.27),
                ('MR-short-mAP', 13.16),
                ('HL-min-Fair-mAP', 77.38),
                ('HL-min-Fair-Hit1', 78.84),
                ('HL-min-Good-mAP', 66.33),
                ('HL-min-Good-Hit1', 76.9),
                ('HL-min-VeryGood-mAP', 40.64),
                ('HL-min-VeryGood-Hit1', 65.1)])
2026-08-30 17:27:12,960 INFO [Epoch 193]
2026-08-30 17:28:27,198 INFO Epoch[193] class_error 22.7266  class_error_0 29.8330  class_error_1 25.9676  class_error_2 23.1587  loss_giou 0.2386  loss_giou_0 0.3180  loss_giou_1 0.2597  loss_giou_2 0.2451  loss_iou_scores 0.0461  loss_iou_scores_0 0.0488  loss_iou_scores_1 0.0476  loss_iou_scores_2 0.0472  loss_label 0.0727  loss_label_0 0.0911  loss_label_1 0.0816  loss_label_2 0.0762  loss_lcb_d1_bind 0.1908  loss_lcb_drop 0.0006  loss_lcb_late_bind 0.0443  loss_lcb_owner_cons 0.0024  loss_mask_iou 0.0000  loss_mask_iou_0 1.2507  loss_mask_iou_1 1.2225  loss_mask_iou_2 1.2159  loss_overall 9.7835  loss_saliency 2.8338  loss_span 0.1624  loss_span_0 0.2048  loss_span_1 0.1725  loss_span_2 0.1652
2026-08-30 17:28:27,201 INFO Generate submissions
2026-08-30 17:28:31,832 INFO Saving/Evaluating before nms results
2026-08-30 17:28:35,751 INFO metrics_no_nms OrderedDict([   ('MR-full-R1@0.5', 67.94),
                ('MR-full-R1@0.7', 53.35),
                ('MR-full-mAP', 48.72),
                ('MR-full-mAP@0.5', 68.71),
                ('MR-full-mAP@0.75', 50.06),
                ('MR-long-mAP', 55.54),
                ('MR-middle-mAP', 50.09),
                ('MR-short-mAP', 13.07),
                ('HL-min-Fair-mAP', 77.28),
                ('HL-min-Fair-Hit1', 78.65),
                ('HL-min-Good-mAP', 66.27),
                ('HL-min-Good-Hit1', 76.77),
                ('HL-min-VeryGood-mAP', 40.61),
                ('HL-min-VeryGood-Hit1', 65.03)])
2026-08-30 17:28:36,066 INFO [Epoch 194]
2026-08-30 17:29:49,244 INFO Epoch[194] class_error 21.9857  class_error_0 29.4327  class_error_1 25.1851  class_error_2 23.2669  loss_giou 0.2393  loss_giou_0 0.3227  loss_giou_1 0.2610  loss_giou_2 0.2454  loss_iou_scores 0.0462  loss_iou_scores_0 0.0490  loss_iou_scores_1 0.0479  loss_iou_scores_2 0.0476  loss_label 0.0729  loss_label_0 0.0909  loss_label_1 0.0820  loss_label_2 0.0769  loss_lcb_d1_bind 0.1945  loss_lcb_drop 0.0006  loss_lcb_late_bind 0.0449  loss_lcb_owner_cons 0.0024  loss_mask_iou 0.0000  loss_mask_iou_0 1.2536  loss_mask_iou_1 1.2241  loss_mask_iou_2 1.2150  loss_overall 9.8081  loss_saliency 2.8389  loss_span 0.1612  loss_span_0 0.2068  loss_span_1 0.1719  loss_span_2 0.1636
2026-08-30 17:29:49,247 INFO Generate submissions
2026-08-30 17:29:53,627 INFO Saving/Evaluating before nms results
2026-08-30 17:29:57,187 INFO metrics_no_nms OrderedDict([   ('MR-full-R1@0.5', 67.42),
                ('MR-full-R1@0.7', 53.03),
                ('MR-full-mAP', 48.56),
                ('MR-full-mAP@0.5', 68.48),
                ('MR-full-mAP@0.75', 50.03),
                ('MR-long-mAP', 55.01),
                ('MR-middle-mAP', 50.13),
                ('MR-short-mAP', 13.28),
                ('HL-min-Fair-mAP', 77.38),
                ('HL-min-Fair-Hit1', 78.45),
                ('HL-min-Good-mAP', 66.41),
                ('HL-min-Good-Hit1', 76.52),
                ('HL-min-VeryGood-mAP', 40.63),
                ('HL-min-VeryGood-Hit1', 64.9)])
2026-08-30 17:29:57,476 INFO [Epoch 195]
2026-08-30 17:31:12,994 INFO Epoch[195] class_error 22.3821  class_error_0 29.5295  class_error_1 25.2331  class_error_2 23.2780  loss_giou 0.2377  loss_giou_0 0.3169  loss_giou_1 0.2605  loss_giou_2 0.2447  loss_iou_scores 0.0463  loss_iou_scores_0 0.0502  loss_iou_scores_1 0.0482  loss_iou_scores_2 0.0478  loss_label 0.0723  loss_label_0 0.0906  loss_label_1 0.0818  loss_label_2 0.0763  loss_lcb_d1_bind 0.1940  loss_lcb_drop 0.0006  loss_lcb_late_bind 0.0450  loss_lcb_owner_cons 0.0024  loss_mask_iou 0.0000  loss_mask_iou_0 1.2498  loss_mask_iou_1 1.2282  loss_mask_iou_2 1.2105  loss_overall 9.7794  loss_saliency 2.8330  loss_span 0.1600  loss_span_0 0.2018  loss_span_1 0.1700  loss_span_2 0.1625
2026-08-30 17:31:12,997 INFO Generate submissions
2026-08-30 17:31:17,425 INFO Saving/Evaluating before nms results
2026-08-30 17:31:21,260 INFO metrics_no_nms OrderedDict([   ('MR-full-R1@0.5', 67.68),
                ('MR-full-R1@0.7', 53.03),
                ('MR-full-mAP', 48.58),
                ('MR-full-mAP@0.5', 68.74),
                ('MR-full-mAP@0.75', 50.0),
                ('MR-long-mAP', 54.55),
                ('MR-middle-mAP', 50.29),
                ('MR-short-mAP', 13.62),
                ('HL-min-Fair-mAP', 77.42),
                ('HL-min-Fair-Hit1', 78.84),
                ('HL-min-Good-mAP', 66.47),
                ('HL-min-Good-Hit1', 76.84),
                ('HL-min-VeryGood-mAP', 40.57),
                ('HL-min-VeryGood-Hit1', 64.9)])
2026-08-30 17:31:21,534 INFO [Epoch 196]
2026-08-30 17:32:36,129 INFO Epoch[196] class_error 22.6622  class_error_0 29.4073  class_error_1 25.2745  class_error_2 23.4121  loss_giou 0.2361  loss_giou_0 0.3154  loss_giou_1 0.2584  loss_giou_2 0.2435  loss_iou_scores 0.0462  loss_iou_scores_0 0.0494  loss_iou_scores_1 0.0479  loss_iou_scores_2 0.0477  loss_label 0.0731  loss_label_0 0.0899  loss_label_1 0.0815  loss_label_2 0.0765  loss_lcb_d1_bind 0.1902  loss_lcb_drop 0.0006  loss_lcb_late_bind 0.0439  loss_lcb_owner_cons 0.0023  loss_mask_iou 0.0000  loss_mask_iou_0 1.2380  loss_mask_iou_1 1.2154  loss_mask_iou_2 1.2000  loss_overall 9.7380  loss_saliency 2.8394  loss_span 0.1591  loss_span_0 0.2025  loss_span_1 0.1694  loss_span_2 0.1624
2026-08-30 17:32:36,132 INFO Generate submissions
2026-08-30 17:32:40,357 INFO Saving/Evaluating before nms results
2026-08-30 17:32:44,188 INFO metrics_no_nms OrderedDict([   ('MR-full-R1@0.5', 67.35),
                ('MR-full-R1@0.7', 53.03),
                ('MR-full-mAP', 48.72),
                ('MR-full-mAP@0.5', 68.67),
                ('MR-full-mAP@0.75', 50.06),
                ('MR-long-mAP', 54.85),
                ('MR-middle-mAP', 50.18),
                ('MR-short-mAP', 13.92),
                ('HL-min-Fair-mAP', 77.18),
                ('HL-min-Fair-Hit1', 78.65),
                ('HL-min-Good-mAP', 66.14),
                ('HL-min-Good-Hit1', 76.65),
                ('HL-min-VeryGood-mAP', 40.35),
                ('HL-min-VeryGood-Hit1', 64.97)])
2026-08-30 17:32:44,479 INFO [Epoch 197]
2026-08-30 17:33:59,056 INFO Epoch[197] class_error 22.4406  class_error_0 29.0278  class_error_1 25.6733  class_error_2 22.6012  loss_giou 0.2366  loss_giou_0 0.3165  loss_giou_1 0.2564  loss_giou_2 0.2421  loss_iou_scores 0.0473  loss_iou_scores_0 0.0496  loss_iou_scores_1 0.0484  loss_iou_scores_2 0.0484  loss_label 0.0731  loss_label_0 0.0914  loss_label_1 0.0821  loss_label_2 0.0767  loss_lcb_d1_bind 0.1921  loss_lcb_drop 0.0005  loss_lcb_late_bind 0.0438  loss_lcb_owner_cons 0.0023  loss_mask_iou 0.0000  loss_mask_iou_0 1.2476  loss_mask_iou_1 1.2188  loss_mask_iou_2 1.2036  loss_overall 9.7535  loss_saliency 2.8379  loss_span 0.1596  loss_span_0 0.2026  loss_span_1 0.1694  loss_span_2 0.1616
2026-08-30 17:33:59,059 INFO Generate submissions
2026-08-30 17:34:03,373 INFO Saving/Evaluating before nms results
2026-08-30 17:34:07,035 INFO metrics_no_nms OrderedDict([   ('MR-full-R1@0.5', 67.94),
                ('MR-full-R1@0.7', 52.9),
                ('MR-full-mAP', 48.36),
                ('MR-full-mAP@0.5', 68.46),
                ('MR-full-mAP@0.75', 49.53),
                ('MR-long-mAP', 54.19),
                ('MR-middle-mAP', 50.19),
                ('MR-short-mAP', 13.46),
                ('HL-min-Fair-mAP', 77.48),
                ('HL-min-Fair-Hit1', 78.97),
                ('HL-min-Good-mAP', 66.47),
                ('HL-min-Good-Hit1', 76.77),
                ('HL-min-VeryGood-mAP', 40.6),
                ('HL-min-VeryGood-Hit1', 65.35)])
2026-08-30 17:34:07,325 INFO [Epoch 198]
2026-08-30 17:35:20,587 INFO Epoch[198] class_error 23.2927  class_error_0 29.3391  class_error_1 26.1277  class_error_2 23.5855  loss_giou 0.2380  loss_giou_0 0.3198  loss_giou_1 0.2606  loss_giou_2 0.2444  loss_iou_scores 0.0466  loss_iou_scores_0 0.0495  loss_iou_scores_1 0.0481  loss_iou_scores_2 0.0479  loss_label 0.0746  loss_label_0 0.0918  loss_label_1 0.0830  loss_label_2 0.0774  loss_lcb_d1_bind 0.1930  loss_lcb_drop 0.0006  loss_lcb_late_bind 0.0443  loss_lcb_owner_cons 0.0024  loss_mask_iou 0.0000  loss_mask_iou_0 1.2463  loss_mask_iou_1 1.2244  loss_mask_iou_2 1.2125  loss_overall 9.7803  loss_saliency 2.8372  loss_span 0.1578  loss_span_0 0.2036  loss_span_1 0.1695  loss_span_2 0.1614
2026-08-30 17:35:20,590 INFO Generate submissions
2026-08-30 17:35:24,976 INFO Saving/Evaluating before nms results
2026-08-30 17:35:28,709 INFO metrics_no_nms OrderedDict([   ('MR-full-R1@0.5', 68.26),
                ('MR-full-R1@0.7', 53.87),
                ('MR-full-mAP', 49.05),
                ('MR-full-mAP@0.5', 69.03),
                ('MR-full-mAP@0.75', 50.56),
                ('MR-long-mAP', 56.3),
                ('MR-middle-mAP', 50.14),
                ('MR-short-mAP', 13.41),
                ('HL-min-Fair-mAP', 77.23),
                ('HL-min-Fair-Hit1', 79.03),
                ('HL-min-Good-mAP', 66.19),
                ('HL-min-Good-Hit1', 76.65),
                ('HL-min-VeryGood-mAP', 40.43),
                ('HL-min-VeryGood-Hit1', 65.03)])
2026-08-30 17:35:28,991 INFO [Epoch 199]
2026-08-30 17:36:41,705 INFO Epoch[199] class_error 22.0553  class_error_0 27.7106  class_error_1 24.6896  class_error_2 22.5413  loss_giou 0.2353  loss_giou_0 0.3167  loss_giou_1 0.2593  loss_giou_2 0.2423  loss_iou_scores 0.0462  loss_iou_scores_0 0.0493  loss_iou_scores_1 0.0473  loss_iou_scores_2 0.0472  loss_label 0.0720  loss_label_0 0.0897  loss_label_1 0.0809  loss_label_2 0.0760  loss_lcb_d1_bind 0.1942  loss_lcb_drop 0.0006  loss_lcb_late_bind 0.0444  loss_lcb_owner_cons 0.0023  loss_mask_iou 0.0000  loss_mask_iou_0 1.2303  loss_mask_iou_1 1.2087  loss_mask_iou_2 1.2020  loss_overall 9.7266  loss_saliency 2.8381  loss_span 0.1589  loss_span_0 0.2025  loss_span_1 0.1697  loss_span_2 0.1617
2026-08-30 17:36:41,708 INFO Generate submissions
2026-08-30 17:36:46,451 INFO Saving/Evaluating before nms results
2026-08-30 17:36:50,439 INFO metrics_no_nms OrderedDict([   ('MR-full-R1@0.5', 67.74),
                ('MR-full-R1@0.7', 53.16),
                ('MR-full-mAP', 48.32),
                ('MR-full-mAP@0.5', 68.47),
                ('MR-full-mAP@0.75', 49.1),
                ('MR-long-mAP', 54.48),
                ('MR-middle-mAP', 49.87),
                ('MR-short-mAP', 13.42),
                ('HL-min-Fair-mAP', 77.45),
                ('HL-min-Fair-Hit1', 79.1),
                ('HL-min-Good-mAP', 66.47),
                ('HL-min-Good-Hit1', 76.97),
                ('HL-min-VeryGood-mAP', 40.7),
                ('HL-min-VeryGood-Hit1', 65.81)])
2026-08-30 17:36:50,745 INFO [Epoch 200]
2026-08-30 17:38:07,579 INFO Epoch[200] class_error 22.4508  class_error_0 29.1942  class_error_1 24.8556  class_error_2 23.6073  loss_giou 0.2372  loss_giou_0 0.3156  loss_giou_1 0.2592  loss_giou_2 0.2433  loss_iou_scores 0.0461  loss_iou_scores_0 0.0491  loss_iou_scores_1 0.0475  loss_iou_scores_2 0.0473  loss_label 0.0729  loss_label_0 0.0908  loss_label_1 0.0817  loss_label_2 0.0770  loss_lcb_d1_bind 0.1947  loss_lcb_drop 0.0005  loss_lcb_late_bind 0.0445  loss_lcb_owner_cons 0.0023  loss_mask_iou 0.0000  loss_mask_iou_0 1.2399  loss_mask_iou_1 1.2145  loss_mask_iou_2 1.2034  loss_overall 9.7548  loss_saliency 2.8362  loss_span 0.1608  loss_span_0 0.2037  loss_span_1 0.1716  loss_span_2 0.1628
2026-08-30 17:38:07,582 INFO Generate submissions
2026-08-30 17:38:12,013 INFO Saving/Evaluating before nms results
2026-08-30 17:38:15,768 INFO metrics_no_nms OrderedDict([   ('MR-full-R1@0.5', 67.94),
                ('MR-full-R1@0.7', 53.1),
                ('MR-full-mAP', 48.8),
                ('MR-full-mAP@0.5', 69.2),
                ('MR-full-mAP@0.75', 50.06),
                ('MR-long-mAP', 55.73),
                ('MR-middle-mAP', 50.15),
                ('MR-short-mAP', 13.15),
                ('HL-min-Fair-mAP', 77.36),
                ('HL-min-Fair-Hit1', 79.1),
                ('HL-min-Good-mAP', 66.4),
                ('HL-min-Good-Hit1', 77.03),
                ('HL-min-VeryGood-mAP', 40.66),
                ('HL-min-VeryGood-Hit1', 65.74)])
2026-08-30 17:38:16,303 INFO Finished LCB variant lcb_full, best validation MR-full-mAP=49.1900
