2026-08-28 19:34:10,323 INFO Starting variant union_bind with options {'dset_name': 'hl', 'dset_domain': None, 'eval_split_name': 'val', 'debug': False, 'data_ratio': 1.0, 'results_root': 'results', 'exp_id': 'union_bind', 'seed': 2017, 'device': device(type='cuda'), 'gpu_id': 1, 'num_workers': 4, 'no_pin_memory': False, 'lr': 0.0001, 'lr_drop': 100, 'wd': 0.0001, 'n_epoch': 200, 'max_es_cnt': 200, 'bsz': 32, 'eval_bsz': 100, 'grad_clip': 0.1, 'eval_untrained': False, 'resume': None, 'resume_all': False, 'start_epoch': None, 'max_q_l': 32, 'max_v_l': 75, 'clip_length': 2, 'max_windows': 10, 'train_path': '/home/guoxiangyu/VLMbasedIter_momentretrival/Sim-DETR/data/highlight_train_release.jsonl', 'eval_path': '/home/guoxiangyu/VLMbasedIter_momentretrival/Sim-DETR/data/highlight_val_release.jsonl', 'no_norm_vfeat': False, 'no_norm_tfeat': False, 'v_feat_dirs': ['/home/guoxiangyu/VLMbasedIter_momentretrival/Sim-DETR/data/slowfast_features', '/home/guoxiangyu/VLMbasedIter_momentretrival/Sim-DETR/data/clip_b32_vid_k4'], 't_feat_dir': '/home/guoxiangyu/VLMbasedIter_momentretrival/Sim-DETR/data/clip_b32_txt_k4', 'a_feat_dir': None, 'v_feat_dim': 5378, 't_feat_dim': 2048, 'a_feat_dim': None, 'ctx_mode': 'video_tef', 'position_embedding': 'sine', 'enc_layers': 2, 'dec_layers': 4, 'dim_feedforward': 1024, 'hidden_dim': 256, 'input_dropout': 0.5, 'dropout': 0.1, 'txt_drop_ratio': 0, 'use_txt_pos': False, 'nheads': 8, 'num_queries': 10, 'pre_norm': False, 'n_input_proj': 2, 'contrastive_hdim': 64, 'temperature': 0.07, 'lw_saliency': 1.0, 'saliency_margin': 0.2, 'aux_loss': True, 'span_loss_type': 'l1', 'contrastive_align_loss': False, 'set_cost_span': 10, 'set_cost_giou': 1, 'set_cost_class': 4, 'set_cost_mask': 6, 'span_loss_coef': 10, 'giou_loss_coef': 1, 'label_loss_coef': 4, 'eos_coef': 0.1, 'contrastive_align_loss_coef': 0.0, 'mask_loss_coef': 6, 'iou_scores_loss_coef': 2, 'no_sort_results': False, 'max_before_nms': 10, 'max_after_nms': 10, 'conf_thd': 0.0, 'nms_thd': -1, 'VTC_loss_coef': 0.3, 'CTC_loss_coef': 0.5, 'use_query_cgp': True, 'query_cgp_num_basis': 16, 'query_cgp_prompt_length': 6, 'query_cgp_router_hidden_dim': 256, 'query_cgp_frf_hidden_dim': 512, 'query_cgp_temperature': 1.0, 'query_cgp_beta': 0.05, 'query_cgp_after_layer': 0, 'query_cgp_binding_loss_coef': 0.2, 'query_cgp_route_loss_coef': 0.01, 'init_from': None, 'variant': 'union_bind', 'output_dir': '/home/guoxiangyu/VLMbasedIter_momentretrival/Sim-DETR/causal_occurrence_lab/outputs/causal_training_parallel/union_bind_seed2017', 'causal_dec_layers': 4, 'clean_iou': 0.1, 'causal_init_from': None, 'causal_inject_override': None, 'causal_binding_target_override': None, 'causal_inject': True, 'causal_binding_target': 'union', 'pin_memory': True, 'use_tef': True, 'use_video': True, 'results_dir': '/home/guoxiangyu/VLMbasedIter_momentretrival/Sim-DETR/causal_occurrence_lab/outputs/causal_training_parallel/union_bind_seed2017', 'ckpt_filepath': '/home/guoxiangyu/VLMbasedIter_momentretrival/Sim-DETR/causal_occurrence_lab/outputs/causal_training_parallel/union_bind_seed2017/model.ckpt', 'train_log_filepath': '/home/guoxiangyu/VLMbasedIter_momentretrival/Sim-DETR/causal_occurrence_lab/outputs/causal_training_parallel/union_bind_seed2017/train.log.txt', 'eval_log_filepath': '/home/guoxiangyu/VLMbasedIter_momentretrival/Sim-DETR/causal_occurrence_lab/outputs/causal_training_parallel/union_bind_seed2017/eval.log.txt', 'tensorboard_log_dir': '/home/guoxiangyu/VLMbasedIter_momentretrival/Sim-DETR/causal_occurrence_lab/outputs/causal_training_parallel/union_bind_seed2017/tensorboard_log'}
2026-08-28 19:34:12,139 INFO [Epoch 1]
2026-08-28 19:35:11,929 INFO Epoch[1] class_error 99.5133  class_error_0 99.3525  class_error_1 99.8104  class_error_2 99.7674  loss_giou 0.7749  loss_giou_0 0.7004  loss_giou_1 0.7219  loss_giou_2 0.7413  loss_iou_scores 0.0855  loss_iou_scores_0 0.0889  loss_iou_scores_1 0.0870  loss_iou_scores_2 0.0867  loss_label 0.2091  loss_label_0 0.2142  loss_label_1 0.2091  loss_label_2 0.2087  loss_mask_iou 0.0000  loss_mask_iou_0 4.9591  loss_mask_iou_1 4.9589  loss_mask_iou_2 4.9579  loss_overall 28.5848  loss_query_cgp_bind 0.2639  loss_query_cgp_route -0.0000  loss_saliency 4.1014  loss_span 1.0416  loss_span_0 0.9653  loss_span_1 0.9447  loss_span_2 0.9790
2026-08-28 19:35:11,932 INFO Generate submissions
2026-08-28 19:35:18,865 INFO Saving/Evaluating before nms results
2026-08-28 19:35:23,213 INFO metrics_no_nms OrderedDict([   ('MR-full-R1@0.5', 10.32),
                ('MR-full-R1@0.7', 3.81),
                ('MR-full-mAP', 6.29),
                ('MR-full-mAP@0.5', 16.16),
                ('MR-full-mAP@0.75', 4.5),
                ('MR-long-mAP', 11.41),
                ('MR-middle-mAP', 4.89),
                ('MR-short-mAP', 0.61),
                ('HL-min-Fair-mAP', 47.44),
                ('HL-min-Fair-Hit1', 37.29),
                ('HL-min-Good-mAP', 40.24),
                ('HL-min-Good-Hit1', 35.61),
                ('HL-min-VeryGood-mAP', 24.62),
                ('HL-min-VeryGood-Hit1', 29.48)])
2026-08-28 19:35:23,489 INFO [Best] epoch 1, MR-full-mAP 6.2900
2026-08-28 19:35:23,701 INFO [Epoch 2]
2026-08-28 19:36:22,475 INFO Epoch[2] class_error 99.9528  class_error_0 99.7119  class_error_1 99.9926  class_error_2 99.9133  loss_giou 0.6976  loss_giou_0 0.6848  loss_giou_1 0.6833  loss_giou_2 0.6910  loss_iou_scores 0.0890  loss_iou_scores_0 0.0874  loss_iou_scores_1 0.0881  loss_iou_scores_2 0.0893  loss_label 0.2050  loss_label_0 0.2068  loss_label_1 0.2054  loss_label_2 0.2051  loss_mask_iou 0.0000  loss_mask_iou_0 4.7551  loss_mask_iou_1 4.7548  loss_mask_iou_2 4.7549  loss_overall 26.9382  loss_query_cgp_bind 0.2068  loss_query_cgp_route -0.0039  loss_saliency 3.9027  loss_span 0.8921  loss_span_0 0.8866  loss_span_1 0.8715  loss_span_2 0.8810
2026-08-28 19:36:22,479 INFO Generate submissions
2026-08-28 19:36:31,845 INFO Saving/Evaluating before nms results
2026-08-28 19:36:35,683 INFO metrics_no_nms OrderedDict([   ('MR-full-R1@0.5', 24.06),
                ('MR-full-R1@0.7', 8.32),
                ('MR-full-mAP', 14.54),
                ('MR-full-mAP@0.5', 33.18),
                ('MR-full-mAP@0.75', 10.98),
                ('MR-long-mAP', 20.65),
                ('MR-middle-mAP', 14.16),
                ('MR-short-mAP', 0.55),
                ('HL-min-Fair-mAP', 62.17),
                ('HL-min-Fair-Hit1', 60.32),
                ('HL-min-Good-mAP', 52.68),
                ('HL-min-Good-Hit1', 58.06),
                ('HL-min-VeryGood-mAP', 32.39),
                ('HL-min-VeryGood-Hit1', 48.39)])
2026-08-28 19:36:35,966 INFO [Best] epoch 2, MR-full-mAP 14.5400
2026-08-28 19:36:36,572 INFO [Epoch 3]
2026-08-28 19:37:35,811 INFO Epoch[3] class_error 99.9621  class_error_0 99.8399  class_error_1 100.0000  class_error_2 100.0000  loss_giou 0.6053  loss_giou_0 0.5919  loss_giou_1 0.5933  loss_giou_2 0.6000  loss_iou_scores 0.0836  loss_iou_scores_0 0.0957  loss_iou_scores_1 0.0930  loss_iou_scores_2 0.0942  loss_label 0.1982  loss_label_0 0.2045  loss_label_1 0.2029  loss_label_2 0.2025  loss_mask_iou 0.0000  loss_mask_iou_0 4.3915  loss_mask_iou_1 4.3917  loss_mask_iou_2 4.3919  loss_overall 24.6893  loss_query_cgp_bind 0.1661  loss_query_cgp_route -0.0066  loss_saliency 3.7410  loss_span 0.7459  loss_span_0 0.7596  loss_span_1 0.7362  loss_span_2 0.7423
2026-08-28 19:37:35,814 INFO Generate submissions
2026-08-28 19:37:42,584 INFO Saving/Evaluating before nms results
2026-08-28 19:37:47,182 INFO metrics_no_nms OrderedDict([   ('MR-full-R1@0.5', 36.13),
                ('MR-full-R1@0.7', 15.42),
                ('MR-full-mAP', 18.96),
                ('MR-full-mAP@0.5', 41.99),
                ('MR-full-mAP@0.75', 15.29),
                ('MR-long-mAP', 16.08),
                ('MR-middle-mAP', 25.4),
                ('MR-short-mAP', 1.19),
                ('HL-min-Fair-mAP', 65.78),
                ('HL-min-Fair-Hit1', 65.29),
                ('HL-min-Good-mAP', 55.7),
                ('HL-min-Good-Hit1', 62.65),
                ('HL-min-VeryGood-mAP', 34.07),
                ('HL-min-VeryGood-Hit1', 51.61)])
2026-08-28 19:37:47,489 INFO [Best] epoch 3, MR-full-mAP 18.9600
2026-08-28 19:37:47,748 INFO [Epoch 4]
2026-08-28 19:38:46,286 INFO Epoch[4] class_error 99.8948  class_error_0 99.9402  class_error_1 99.8244  class_error_2 99.8882  loss_giou 0.5721  loss_giou_0 0.5692  loss_giou_1 0.5646  loss_giou_2 0.5713  loss_iou_scores 0.0769  loss_iou_scores_0 0.0965  loss_iou_scores_1 0.0845  loss_iou_scores_2 0.0842  loss_label 0.1908  loss_label_0 0.2033  loss_label_1 0.1933  loss_label_2 0.1926  loss_mask_iou 0.0000  loss_mask_iou_0 4.2198  loss_mask_iou_1 4.2203  loss_mask_iou_2 4.2239  loss_overall 23.6269  loss_query_cgp_bind 0.1311  loss_query_cgp_route -0.0100  loss_saliency 3.6323  loss_span 0.6887  loss_span_0 0.7130  loss_span_1 0.6884  loss_span_2 0.6920
2026-08-28 19:38:46,288 INFO Generate submissions
2026-08-28 19:38:52,862 INFO Saving/Evaluating before nms results
2026-08-28 19:38:57,764 INFO metrics_no_nms OrderedDict([   ('MR-full-R1@0.5', 41.29),
                ('MR-full-R1@0.7', 18.26),
                ('MR-full-mAP', 20.83),
                ('MR-full-mAP@0.5', 45.94),
                ('MR-full-mAP@0.75', 16.83),
                ('MR-long-mAP', 21.28),
                ('MR-middle-mAP', 25.15),
                ('MR-short-mAP', 2.65),
                ('HL-min-Fair-mAP', 68.94),
                ('HL-min-Fair-Hit1', 68.9),
                ('HL-min-Good-mAP', 58.86),
                ('HL-min-Good-Hit1', 66.52),
                ('HL-min-VeryGood-mAP', 36.11),
                ('HL-min-VeryGood-Hit1', 55.81)])
2026-08-28 19:38:58,067 INFO [Best] epoch 4, MR-full-mAP 20.8300
2026-08-28 19:38:58,363 INFO [Epoch 5]
2026-08-28 19:39:57,846 INFO Epoch[5] class_error 98.6836  class_error_0 99.7767  class_error_1 98.4864  class_error_2 99.2489  loss_giou 0.5463  loss_giou_0 0.5659  loss_giou_1 0.5469  loss_giou_2 0.5512  loss_iou_scores 0.0796  loss_iou_scores_0 0.0938  loss_iou_scores_1 0.0825  loss_iou_scores_2 0.0829  loss_label 0.1868  loss_label_0 0.2002  loss_label_1 0.1866  loss_label_2 0.1877  loss_mask_iou 0.0000  loss_mask_iou_0 3.9501  loss_mask_iou_1 3.8415  loss_mask_iou_2 3.8423  loss_overall 22.2763  loss_query_cgp_bind 0.1105  loss_query_cgp_route -0.0120  loss_saliency 3.5515  loss_span 0.6541  loss_span_0 0.7017  loss_span_1 0.6646  loss_span_2 0.6633
2026-08-28 19:39:57,849 INFO Generate submissions
2026-08-28 19:40:04,800 INFO Saving/Evaluating before nms results
2026-08-28 19:40:09,173 INFO metrics_no_nms OrderedDict([   ('MR-full-R1@0.5', 49.16),
                ('MR-full-R1@0.7', 24.77),
                ('MR-full-mAP', 26.6),
                ('MR-full-mAP@0.5', 50.89),
                ('MR-full-mAP@0.75', 23.7),
                ('MR-long-mAP', 25.71),
                ('MR-middle-mAP', 32.66),
                ('MR-short-mAP', 2.71),
                ('HL-min-Fair-mAP', 70.49),
                ('HL-min-Fair-Hit1', 70.26),
                ('HL-min-Good-mAP', 59.97),
                ('HL-min-Good-Hit1', 67.55),
                ('HL-min-VeryGood-mAP', 36.84),
                ('HL-min-VeryGood-Hit1', 56.71)])
2026-08-28 19:40:09,473 INFO [Best] epoch 5, MR-full-mAP 26.6000
2026-08-28 19:40:09,771 INFO [Epoch 6]
2026-08-28 19:41:06,711 INFO Epoch[6] class_error 98.7801  class_error_0 99.0425  class_error_1 98.5439  class_error_2 99.5520  loss_giou 0.5399  loss_giou_0 0.5623  loss_giou_1 0.5411  loss_giou_2 0.5489  loss_iou_scores 0.0812  loss_iou_scores_0 0.0903  loss_iou_scores_1 0.0815  loss_iou_scores_2 0.0817  loss_label 0.1877  loss_label_0 0.1963  loss_label_1 0.1863  loss_label_2 0.1877  loss_mask_iou 0.0000  loss_mask_iou_0 3.6349  loss_mask_iou_1 3.5585  loss_mask_iou_2 3.5620  loss_overall 21.2303  loss_query_cgp_bind 0.1014  loss_query_cgp_route -0.0138  loss_saliency 3.5149  loss_span 0.6289  loss_span_0 0.6877  loss_span_1 0.6433  loss_span_2 0.6398
2026-08-28 19:41:06,713 INFO Generate submissions
2026-08-28 19:41:12,816 INFO Saving/Evaluating before nms results
2026-08-28 19:41:18,029 INFO metrics_no_nms OrderedDict([   ('MR-full-R1@0.5', 48.0),
                ('MR-full-R1@0.7', 24.32),
                ('MR-full-mAP', 23.17),
                ('MR-full-mAP@0.5', 48.9),
                ('MR-full-mAP@0.75', 19.31),
                ('MR-long-mAP', 18.47),
                ('MR-middle-mAP', 30.97),
                ('MR-short-mAP', 3.96),
                ('HL-min-Fair-mAP', 70.78),
                ('HL-min-Fair-Hit1', 70.9),
                ('HL-min-Good-mAP', 60.26),
                ('HL-min-Good-Hit1', 68.45),
                ('HL-min-VeryGood-mAP', 36.9),
                ('HL-min-VeryGood-Hit1', 57.74)])
2026-08-28 19:41:18,481 INFO [Epoch 7]
2026-08-28 19:42:15,997 INFO Epoch[7] class_error 97.9555  class_error_0 98.6573  class_error_1 97.3765  class_error_2 98.8945  loss_giou 0.5228  loss_giou_0 0.5551  loss_giou_1 0.5282  loss_giou_2 0.5322  loss_iou_scores 0.0796  loss_iou_scores_0 0.0860  loss_iou_scores_1 0.0798  loss_iou_scores_2 0.0774  loss_label 0.1848  loss_label_0 0.1934  loss_label_1 0.1829  loss_label_2 0.1847  loss_mask_iou 0.0000  loss_mask_iou_0 3.3889  loss_mask_iou_1 3.3090  loss_mask_iou_2 3.3101  loss_overall 20.1213  loss_query_cgp_bind 0.0886  loss_query_cgp_route -0.0150  loss_saliency 3.4669  loss_span 0.5713  loss_span_0 0.6528  loss_span_1 0.5860  loss_span_2 0.5796
2026-08-28 19:42:16,000 INFO Generate submissions
2026-08-28 19:42:21,356 INFO Saving/Evaluating before nms results
2026-08-28 19:42:26,446 INFO metrics_no_nms OrderedDict([   ('MR-full-R1@0.5', 52.26),
                ('MR-full-R1@0.7', 30.45),
                ('MR-full-mAP', 31.42),
                ('MR-full-mAP@0.5', 54.67),
                ('MR-full-mAP@0.75', 30.33),
                ('MR-long-mAP', 39.32),
                ('MR-middle-mAP', 32.99),
                ('MR-short-mAP', 2.09),
                ('HL-min-Fair-mAP', 72.38),
                ('HL-min-Fair-Hit1', 72.9),
                ('HL-min-Good-mAP', 61.62),
                ('HL-min-Good-Hit1', 70.52),
                ('HL-min-VeryGood-mAP', 37.78),
                ('HL-min-VeryGood-Hit1', 59.55)])
2026-08-28 19:42:26,760 INFO [Best] epoch 7, MR-full-mAP 31.4200
2026-08-28 19:42:27,043 INFO [Epoch 8]
2026-08-28 19:43:24,944 INFO Epoch[8] class_error 96.0882  class_error_0 98.5095  class_error_1 95.9607  class_error_2 96.8367  loss_giou 0.5098  loss_giou_0 0.5451  loss_giou_1 0.5162  loss_giou_2 0.5190  loss_iou_scores 0.0771  loss_iou_scores_0 0.0844  loss_iou_scores_1 0.0779  loss_iou_scores_2 0.0746  loss_label 0.1796  loss_label_0 0.1901  loss_label_1 0.1783  loss_label_2 0.1794  loss_mask_iou 0.0000  loss_mask_iou_0 3.1167  loss_mask_iou_1 3.0182  loss_mask_iou_2 3.0197  loss_overall 18.9794  loss_query_cgp_bind 0.0796  loss_query_cgp_route -0.0161  loss_saliency 3.4178  loss_span 0.5418  loss_span_0 0.6166  loss_span_1 0.5494  loss_span_2 0.5491
2026-08-28 19:43:24,946 INFO Generate submissions
2026-08-28 19:43:30,424 INFO Saving/Evaluating before nms results
2026-08-28 19:43:35,790 INFO metrics_no_nms OrderedDict([   ('MR-full-R1@0.5', 59.87),
                ('MR-full-R1@0.7', 38.52),
                ('MR-full-mAP', 35.34),
                ('MR-full-mAP@0.5', 59.14),
                ('MR-full-mAP@0.75', 36.11),
                ('MR-long-mAP', 42.32),
                ('MR-middle-mAP', 38.76),
                ('MR-short-mAP', 1.8),
                ('HL-min-Fair-mAP', 73.58),
                ('HL-min-Fair-Hit1', 74.26),
                ('HL-min-Good-mAP', 62.75),
                ('HL-min-Good-Hit1', 72.13),
                ('HL-min-VeryGood-mAP', 38.57),
                ('HL-min-VeryGood-Hit1', 59.81)])
2026-08-28 19:43:36,164 INFO [Best] epoch 8, MR-full-mAP 35.3400
2026-08-28 19:43:36,463 INFO [Epoch 9]
2026-08-28 19:44:34,321 INFO Epoch[9] class_error 94.0528  class_error_0 98.0893  class_error_1 90.6076  class_error_2 92.9798  loss_giou 0.4946  loss_giou_0 0.5358  loss_giou_1 0.5050  loss_giou_2 0.5056  loss_iou_scores 0.0761  loss_iou_scores_0 0.0835  loss_iou_scores_1 0.0772  loss_iou_scores_2 0.0732  loss_label 0.1763  loss_label_0 0.1869  loss_label_1 0.1731  loss_label_2 0.1748  loss_mask_iou 0.0000  loss_mask_iou_0 2.9724  loss_mask_iou_1 2.8935  loss_mask_iou_2 2.8811  loss_overall 18.3174  loss_query_cgp_bind 0.0728  loss_query_cgp_route -0.0184  loss_saliency 3.3917  loss_span 0.5112  loss_span_0 0.5741  loss_span_1 0.5176  loss_span_2 0.5179
2026-08-28 19:44:34,324 INFO Generate submissions
2026-08-28 19:44:39,786 INFO Saving/Evaluating before nms results
2026-08-28 19:44:45,147 INFO metrics_no_nms OrderedDict([   ('MR-full-R1@0.5', 61.16),
                ('MR-full-R1@0.7', 39.81),
                ('MR-full-mAP', 35.57),
                ('MR-full-mAP@0.5', 60.9),
                ('MR-full-mAP@0.75', 35.93),
                ('MR-long-mAP', 43.03),
                ('MR-middle-mAP', 38.33),
                ('MR-short-mAP', 3.08),
                ('HL-min-Fair-mAP', 75.18),
                ('HL-min-Fair-Hit1', 77.42),
                ('HL-min-Good-mAP', 64.15),
                ('HL-min-Good-Hit1', 75.29),
                ('HL-min-VeryGood-mAP', 39.32),
                ('HL-min-VeryGood-Hit1', 62.71)])
2026-08-28 19:44:45,456 INFO [Best] epoch 9, MR-full-mAP 35.5700
2026-08-28 19:44:45,732 INFO [Epoch 10]
2026-08-28 19:45:43,371 INFO Epoch[10] class_error 89.6559  class_error_0 97.1932  class_error_1 87.2638  class_error_2 89.6197  loss_giou 0.4817  loss_giou_0 0.5277  loss_giou_1 0.4925  loss_giou_2 0.4935  loss_iou_scores 0.0743  loss_iou_scores_0 0.0812  loss_iou_scores_1 0.0756  loss_iou_scores_2 0.0702  loss_label 0.1718  loss_label_0 0.1838  loss_label_1 0.1704  loss_label_2 0.1712  loss_mask_iou 0.0000  loss_mask_iou_0 2.8305  loss_mask_iou_1 2.7630  loss_mask_iou_2 2.7469  loss_overall 17.6819  loss_query_cgp_bind 0.0669  loss_query_cgp_route -0.0205  loss_saliency 3.3537  loss_span 0.4832  loss_span_0 0.5381  loss_span_1 0.4961  loss_span_2 0.4950
2026-08-28 19:45:43,374 INFO Generate submissions
2026-08-28 19:45:49,729 INFO Saving/Evaluating before nms results
2026-08-28 19:45:55,184 INFO metrics_no_nms OrderedDict([   ('MR-full-R1@0.5', 61.74),
                ('MR-full-R1@0.7', 41.16),
                ('MR-full-mAP', 38.29),
                ('MR-full-mAP@0.5', 61.11),
                ('MR-full-mAP@0.75', 39.07),
                ('MR-long-mAP', 45.4),
                ('MR-middle-mAP', 41.04),
                ('MR-short-mAP', 4.33),
                ('HL-min-Fair-mAP', 74.06),
                ('HL-min-Fair-Hit1', 75.42),
                ('HL-min-Good-mAP', 63.21),
                ('HL-min-Good-Hit1', 73.29),
                ('HL-min-VeryGood-mAP', 38.98),
                ('HL-min-VeryGood-Hit1', 61.94)])
2026-08-28 19:45:55,512 INFO [Best] epoch 10, MR-full-mAP 38.2900
2026-08-28 19:45:55,785 INFO [Epoch 11]
2026-08-28 19:46:52,843 INFO Epoch[11] class_error 90.2305  class_error_0 96.7357  class_error_1 87.8205  class_error_2 91.4895  loss_giou 0.4686  loss_giou_0 0.5143  loss_giou_1 0.4813  loss_giou_2 0.4800  loss_iou_scores 0.0735  loss_iou_scores_0 0.0817  loss_iou_scores_1 0.0759  loss_iou_scores_2 0.0715  loss_label 0.1724  loss_label_0 0.1817  loss_label_1 0.1708  loss_label_2 0.1721  loss_mask_iou 0.0000  loss_mask_iou_0 2.7483  loss_mask_iou_1 2.6984  loss_mask_iou_2 2.6856  loss_overall 17.2760  loss_query_cgp_bind 0.0638  loss_query_cgp_route -0.0214  loss_saliency 3.3258  loss_span 0.4563  loss_span_0 0.5180  loss_span_1 0.4688  loss_span_2 0.4648
2026-08-28 19:46:52,846 INFO Generate submissions
2026-08-28 19:46:58,959 INFO Saving/Evaluating before nms results
2026-08-28 19:47:04,488 INFO metrics_no_nms OrderedDict([   ('MR-full-R1@0.5', 62.77),
                ('MR-full-R1@0.7', 43.29),
                ('MR-full-mAP', 39.82),
                ('MR-full-mAP@0.5', 62.28),
                ('MR-full-mAP@0.75', 41.1),
                ('MR-long-mAP', 49.54),
                ('MR-middle-mAP', 42.11),
                ('MR-short-mAP', 3.18),
                ('HL-min-Fair-mAP', 75.63),
                ('HL-min-Fair-Hit1', 78.26),
                ('HL-min-Good-mAP', 64.42),
                ('HL-min-Good-Hit1', 76.0),
                ('HL-min-VeryGood-mAP', 39.36),
                ('HL-min-VeryGood-Hit1', 63.48)])
2026-08-28 19:47:04,798 INFO [Best] epoch 11, MR-full-mAP 39.8200
2026-08-28 19:47:05,090 INFO [Epoch 12]
2026-08-28 19:48:02,306 INFO Epoch[12] class_error 87.2888  class_error_0 95.4109  class_error_1 89.3648  class_error_2 90.1386  loss_giou 0.4527  loss_giou_0 0.5026  loss_giou_1 0.4659  loss_giou_2 0.4628  loss_iou_scores 0.0752  loss_iou_scores_0 0.0806  loss_iou_scores_1 0.0751  loss_iou_scores_2 0.0727  loss_label 0.1719  loss_label_0 0.1804  loss_label_1 0.1723  loss_label_2 0.1720  loss_mask_iou 0.0000  loss_mask_iou_0 2.6571  loss_mask_iou_1 2.6048  loss_mask_iou_2 2.5893  loss_overall 16.8039  loss_query_cgp_bind 0.0574  loss_query_cgp_route -0.0223  loss_saliency 3.2968  loss_span 0.4363  loss_span_0 0.4949  loss_span_1 0.4443  loss_span_2 0.4429
2026-08-28 19:48:02,309 INFO Generate submissions
2026-08-28 19:48:08,526 INFO Saving/Evaluating before nms results
2026-08-28 19:48:12,493 INFO metrics_no_nms OrderedDict([   ('MR-full-R1@0.5', 61.48),
                ('MR-full-R1@0.7', 42.45),
                ('MR-full-mAP', 40.25),
                ('MR-full-mAP@0.5', 61.37),
                ('MR-full-mAP@0.75', 41.84),
                ('MR-long-mAP', 51.13),
                ('MR-middle-mAP', 41.7),
                ('MR-short-mAP', 3.19),
                ('HL-min-Fair-mAP', 74.91),
                ('HL-min-Fair-Hit1', 76.0),
                ('HL-min-Good-mAP', 63.77),
                ('HL-min-Good-Hit1', 73.87),
                ('HL-min-VeryGood-mAP', 38.91),
                ('HL-min-VeryGood-Hit1', 62.19)])
2026-08-28 19:48:12,860 INFO [Best] epoch 12, MR-full-mAP 40.2500
2026-08-28 19:48:13,276 INFO [Epoch 13]
2026-08-28 19:49:10,655 INFO Epoch[13] class_error 83.2898  class_error_0 93.6124  class_error_1 86.2821  class_error_2 85.7083  loss_giou 0.4471  loss_giou_0 0.4965  loss_giou_1 0.4617  loss_giou_2 0.4567  loss_iou_scores 0.0736  loss_iou_scores_0 0.0768  loss_iou_scores_1 0.0730  loss_iou_scores_2 0.0718  loss_label 0.1688  loss_label_0 0.1779  loss_label_1 0.1708  loss_label_2 0.1694  loss_mask_iou 0.0000  loss_mask_iou_0 2.6077  loss_mask_iou_1 2.5488  loss_mask_iou_2 2.5386  loss_overall 16.5510  loss_query_cgp_bind 0.0555  loss_query_cgp_route -0.0227  loss_saliency 3.2786  loss_span 0.4282  loss_span_0 0.4855  loss_span_1 0.4388  loss_span_2 0.4347
2026-08-28 19:49:10,658 INFO Generate submissions
2026-08-28 19:49:16,978 INFO Saving/Evaluating before nms results
2026-08-28 19:49:21,272 INFO metrics_no_nms OrderedDict([   ('MR-full-R1@0.5', 63.94),
                ('MR-full-R1@0.7', 45.68),
                ('MR-full-mAP', 39.21),
                ('MR-full-mAP@0.5', 61.86),
                ('MR-full-mAP@0.75', 40.83),
                ('MR-long-mAP', 45.52),
                ('MR-middle-mAP', 42.74),
                ('MR-short-mAP', 5.76),
                ('HL-min-Fair-mAP', 76.28),
                ('HL-min-Fair-Hit1', 78.65),
                ('HL-min-Good-mAP', 65.22),
                ('HL-min-Good-Hit1', 76.45),
                ('HL-min-VeryGood-mAP', 40.19),
                ('HL-min-VeryGood-Hit1', 65.55)])
2026-08-28 19:49:21,582 INFO [Epoch 14]
2026-08-28 19:50:20,992 INFO Epoch[14] class_error 82.4370  class_error_0 91.7973  class_error_1 86.2366  class_error_2 84.2786  loss_giou 0.4388  loss_giou_0 0.4953  loss_giou_1 0.4547  loss_giou_2 0.4494  loss_iou_scores 0.0747  loss_iou_scores_0 0.0782  loss_iou_scores_1 0.0749  loss_iou_scores_2 0.0733  loss_label 0.1687  loss_label_0 0.1762  loss_label_1 0.1694  loss_label_2 0.1696  loss_mask_iou 0.0000  loss_mask_iou_0 2.5496  loss_mask_iou_1 2.4994  loss_mask_iou_2 2.4858  loss_overall 16.2932  loss_query_cgp_bind 0.0551  loss_query_cgp_route -0.0228  loss_saliency 3.2642  loss_span 0.4114  loss_span_0 0.4761  loss_span_1 0.4259  loss_span_2 0.4190
2026-08-28 19:50:20,995 INFO Generate submissions
2026-08-28 19:50:27,156 INFO Saving/Evaluating before nms results
2026-08-28 19:50:31,251 INFO metrics_no_nms OrderedDict([   ('MR-full-R1@0.5', 65.35),
                ('MR-full-R1@0.7', 48.26),
                ('MR-full-mAP', 42.46),
                ('MR-full-mAP@0.5', 63.52),
                ('MR-full-mAP@0.75', 44.36),
                ('MR-long-mAP', 49.35),
                ('MR-middle-mAP', 46.64),
                ('MR-short-mAP', 4.77),
                ('HL-min-Fair-mAP', 76.37),
                ('HL-min-Fair-Hit1', 78.26),
                ('HL-min-Good-mAP', 65.06),
                ('HL-min-Good-Hit1', 75.81),
                ('HL-min-VeryGood-mAP', 39.85),
                ('HL-min-VeryGood-Hit1', 64.32)])
2026-08-28 19:50:31,562 INFO [Best] epoch 14, MR-full-mAP 42.4600
2026-08-28 19:50:31,818 INFO [Epoch 15]
2026-08-28 19:51:29,901 INFO Epoch[15] class_error 79.4508  class_error_0 89.2990  class_error_1 84.0603  class_error_2 81.9919  loss_giou 0.4315  loss_giou_0 0.4847  loss_giou_1 0.4449  loss_giou_2 0.4397  loss_iou_scores 0.0733  loss_iou_scores_0 0.0759  loss_iou_scores_1 0.0737  loss_iou_scores_2 0.0724  loss_label 0.1663  loss_label_0 0.1744  loss_label_1 0.1680  loss_label_2 0.1667  loss_mask_iou 0.0000  loss_mask_iou_0 2.5018  loss_mask_iou_1 2.4470  loss_mask_iou_2 2.4406  loss_overall 16.0081  loss_query_cgp_bind 0.0516  loss_query_cgp_route -0.0230  loss_saliency 3.2401  loss_span 0.3993  loss_span_0 0.4632  loss_span_1 0.4102  loss_span_2 0.4050
2026-08-28 19:51:29,904 INFO Generate submissions
2026-08-28 19:51:35,363 INFO Saving/Evaluating before nms results
2026-08-28 19:51:39,715 INFO metrics_no_nms OrderedDict([   ('MR-full-R1@0.5', 62.9),
                ('MR-full-R1@0.7', 44.45),
                ('MR-full-mAP', 41.19),
                ('MR-full-mAP@0.5', 62.65),
                ('MR-full-mAP@0.75', 41.97),
                ('MR-long-mAP', 50.44),
                ('MR-middle-mAP', 43.49),
                ('MR-short-mAP', 5.12),
                ('HL-min-Fair-mAP', 76.19),
                ('HL-min-Fair-Hit1', 78.58),
                ('HL-min-Good-mAP', 65.06),
                ('HL-min-Good-Hit1', 76.19),
                ('HL-min-VeryGood-mAP', 39.86),
                ('HL-min-VeryGood-Hit1', 64.0)])
2026-08-28 19:51:40,029 INFO [Epoch 16]
2026-08-28 19:52:39,418 INFO Epoch[16] class_error 75.3663  class_error_0 86.1420  class_error_1 79.1575  class_error_2 77.5353  loss_giou 0.4270  loss_giou_0 0.4829  loss_giou_1 0.4441  loss_giou_2 0.4380  loss_iou_scores 0.0723  loss_iou_scores_0 0.0746  loss_iou_scores_1 0.0727  loss_iou_scores_2 0.0706  loss_label 0.1612  loss_label_0 0.1707  loss_label_1 0.1652  loss_label_2 0.1636  loss_mask_iou 0.0000  loss_mask_iou_0 2.4737  loss_mask_iou_1 2.4166  loss_mask_iou_2 2.4069  loss_overall 15.8522  loss_query_cgp_bind 0.0486  loss_query_cgp_route -0.0231  loss_saliency 3.2194  loss_span 0.3971  loss_span_0 0.4603  loss_span_1 0.4081  loss_span_2 0.4029
2026-08-28 19:52:39,422 INFO Generate submissions
2026-08-28 19:52:46,599 INFO Saving/Evaluating before nms results
2026-08-28 19:52:50,575 INFO metrics_no_nms OrderedDict([   ('MR-full-R1@0.5', 62.97),
                ('MR-full-R1@0.7', 44.84),
                ('MR-full-mAP', 42.05),
                ('MR-full-mAP@0.5', 63.23),
                ('MR-full-mAP@0.75', 43.65),
                ('MR-long-mAP', 53.6),
                ('MR-middle-mAP', 43.12),
                ('MR-short-mAP', 4.11),
                ('HL-min-Fair-mAP', 75.78),
                ('HL-min-Fair-Hit1', 77.23),
                ('HL-min-Good-mAP', 64.69),
                ('HL-min-Good-Hit1', 75.35),
                ('HL-min-VeryGood-mAP', 39.74),
                ('HL-min-VeryGood-Hit1', 63.87)])
2026-08-28 19:52:50,864 INFO [Epoch 17]
2026-08-28 19:53:49,490 INFO Epoch[17] class_error 70.4869  class_error_0 81.9159  class_error_1 75.0506  class_error_2 73.4720  loss_giou 0.4199  loss_giou_0 0.4811  loss_giou_1 0.4372  loss_giou_2 0.4289  loss_iou_scores 0.0713  loss_iou_scores_0 0.0726  loss_iou_scores_1 0.0711  loss_iou_scores_2 0.0693  loss_label 0.1573  loss_label_0 0.1677  loss_label_1 0.1610  loss_label_2 0.1592  loss_mask_iou 0.0000  loss_mask_iou_0 2.4233  loss_mask_iou_1 2.3672  loss_mask_iou_2 2.3621  loss_overall 15.5903  loss_query_cgp_bind 0.0476  loss_query_cgp_route -0.0231  loss_saliency 3.2017  loss_span 0.3879  loss_span_0 0.4479  loss_span_1 0.3980  loss_span_2 0.3915
2026-08-28 19:53:49,493 INFO Generate submissions
2026-08-28 19:53:55,758 INFO Saving/Evaluating before nms results
2026-08-28 19:53:59,846 INFO metrics_no_nms OrderedDict([   ('MR-full-R1@0.5', 64.06),
                ('MR-full-R1@0.7', 46.19),
                ('MR-full-mAP', 40.72),
                ('MR-full-mAP@0.5', 63.55),
                ('MR-full-mAP@0.75', 42.67),
                ('MR-long-mAP', 48.29),
                ('MR-middle-mAP', 43.69),
                ('MR-short-mAP', 5.58),
                ('HL-min-Fair-mAP', 75.45),
                ('HL-min-Fair-Hit1', 77.94),
                ('HL-min-Good-mAP', 64.46),
                ('HL-min-Good-Hit1', 75.87),
                ('HL-min-VeryGood-mAP', 39.47),
                ('HL-min-VeryGood-Hit1', 63.16)])
2026-08-28 19:54:00,133 INFO [Epoch 18]
2026-08-28 19:54:59,011 INFO Epoch[18] class_error 69.2937  class_error_0 80.7201  class_error_1 73.0664  class_error_2 70.2826  loss_giou 0.4153  loss_giou_0 0.4757  loss_giou_1 0.4299  loss_giou_2 0.4250  loss_iou_scores 0.0711  loss_iou_scores_0 0.0720  loss_iou_scores_1 0.0715  loss_iou_scores_2 0.0699  loss_label 0.1569  loss_label_0 0.1668  loss_label_1 0.1607  loss_label_2 0.1585  loss_mask_iou 0.0000  loss_mask_iou_0 2.3831  loss_mask_iou_1 2.3240  loss_mask_iou_2 2.3174  loss_overall 15.3611  loss_query_cgp_bind 0.0456  loss_query_cgp_route -0.0232  loss_saliency 3.1816  loss_span 0.3729  loss_span_0 0.4350  loss_span_1 0.3847  loss_span_2 0.3799
2026-08-28 19:54:59,013 INFO Generate submissions
2026-08-28 19:55:04,829 INFO Saving/Evaluating before nms results
2026-08-28 19:55:09,112 INFO metrics_no_nms OrderedDict([   ('MR-full-R1@0.5', 65.94),
                ('MR-full-R1@0.7', 47.23),
                ('MR-full-mAP', 42.27),
                ('MR-full-mAP@0.5', 63.99),
                ('MR-full-mAP@0.75', 44.47),
                ('MR-long-mAP', 49.5),
                ('MR-middle-mAP', 45.81),
                ('MR-short-mAP', 5.54),
                ('HL-min-Fair-mAP', 75.8),
                ('HL-min-Fair-Hit1', 77.03),
                ('HL-min-Good-mAP', 64.75),
                ('HL-min-Good-Hit1', 75.23),
                ('HL-min-VeryGood-mAP', 39.43),
                ('HL-min-VeryGood-Hit1', 62.84)])
2026-08-28 19:55:09,456 INFO [Epoch 19]
2026-08-28 19:56:08,592 INFO Epoch[19] class_error 65.4018  class_error_0 79.6468  class_error_1 70.5528  class_error_2 67.0596  loss_giou 0.4165  loss_giou_0 0.4754  loss_giou_1 0.4326  loss_giou_2 0.4257  loss_iou_scores 0.0715  loss_iou_scores_0 0.0718  loss_iou_scores_1 0.0704  loss_iou_scores_2 0.0699  loss_label 0.1521  loss_label_0 0.1660  loss_label_1 0.1576  loss_label_2 0.1549  loss_mask_iou 0.0000  loss_mask_iou_0 2.3613  loss_mask_iou_1 2.3127  loss_mask_iou_2 2.3029  loss_overall 15.2989  loss_query_cgp_bind 0.0451  loss_query_cgp_route -0.0233  loss_saliency 3.1849  loss_span 0.3715  loss_span_0 0.4325  loss_span_1 0.3815  loss_span_2 0.3772
2026-08-28 19:56:08,594 INFO Generate submissions
2026-08-28 19:56:14,412 INFO Saving/Evaluating before nms results
2026-08-28 19:56:18,742 INFO metrics_no_nms OrderedDict([   ('MR-full-R1@0.5', 64.06),
                ('MR-full-R1@0.7', 47.35),
                ('MR-full-mAP', 42.77),
                ('MR-full-mAP@0.5', 64.09),
                ('MR-full-mAP@0.75', 44.25),
                ('MR-long-mAP', 51.58),
                ('MR-middle-mAP', 45.21),
                ('MR-short-mAP', 5.89),
                ('HL-min-Fair-mAP', 75.33),
                ('HL-min-Fair-Hit1', 75.81),
                ('HL-min-Good-mAP', 64.33),
                ('HL-min-Good-Hit1', 74.0),
                ('HL-min-VeryGood-mAP', 39.29),
                ('HL-min-VeryGood-Hit1', 61.94)])
2026-08-28 19:56:19,036 INFO [Best] epoch 19, MR-full-mAP 42.7700
2026-08-28 19:56:19,314 INFO [Epoch 20]
2026-08-28 19:57:18,197 INFO Epoch[20] class_error 63.7525  class_error_0 78.6019  class_error_1 68.2219  class_error_2 63.9377  loss_giou 0.4117  loss_giou_0 0.4715  loss_giou_1 0.4257  loss_giou_2 0.4201  loss_iou_scores 0.0704  loss_iou_scores_0 0.0711  loss_iou_scores_1 0.0703  loss_iou_scores_2 0.0700  loss_label 0.1500  loss_label_0 0.1640  loss_label_1 0.1566  loss_label_2 0.1529  loss_mask_iou 0.0000  loss_mask_iou_0 2.3361  loss_mask_iou_1 2.2897  loss_mask_iou_2 2.2828  loss_overall 15.1724  loss_query_cgp_bind 0.0448  loss_query_cgp_route -0.0233  loss_saliency 3.1743  loss_span 0.3697  loss_span_0 0.4287  loss_span_1 0.3792  loss_span_2 0.3737
2026-08-28 19:57:18,203 INFO Generate submissions
2026-08-28 19:57:24,797 INFO Saving/Evaluating before nms results
2026-08-28 19:57:28,832 INFO metrics_no_nms OrderedDict([   ('MR-full-R1@0.5', 62.77),
                ('MR-full-R1@0.7', 44.9),
                ('MR-full-mAP', 41.51),
                ('MR-full-mAP@0.5', 63.7),
                ('MR-full-mAP@0.75', 42.76),
                ('MR-long-mAP', 51.89),
                ('MR-middle-mAP', 42.75),
                ('MR-short-mAP', 5.35),
                ('HL-min-Fair-mAP', 75.38),
                ('HL-min-Fair-Hit1', 76.84),
                ('HL-min-Good-mAP', 64.2),
                ('HL-min-Good-Hit1', 74.97),
                ('HL-min-VeryGood-mAP', 39.17),
                ('HL-min-VeryGood-Hit1', 62.65)])
2026-08-28 19:57:29,191 INFO [Epoch 21]
2026-08-28 19:58:27,253 INFO Epoch[21] class_error 60.4427  class_error_0 77.6721  class_error_1 65.5796  class_error_2 61.6664  loss_giou 0.4065  loss_giou_0 0.4667  loss_giou_1 0.4247  loss_giou_2 0.4160  loss_iou_scores 0.0697  loss_iou_scores_0 0.0697  loss_iou_scores_1 0.0680  loss_iou_scores_2 0.0691  loss_label 0.1453  loss_label_0 0.1622  loss_label_1 0.1518  loss_label_2 0.1486  loss_mask_iou 0.0000  loss_mask_iou_0 2.2841  loss_mask_iou_1 2.2481  loss_mask_iou_2 2.2391  loss_overall 14.9437  loss_query_cgp_bind 0.0422  loss_query_cgp_route -0.0234  loss_saliency 3.1604  loss_span 0.3612  loss_span_0 0.4156  loss_span_1 0.3699  loss_span_2 0.3660
2026-08-28 19:58:27,256 INFO Generate submissions
2026-08-28 19:58:33,575 INFO Saving/Evaluating before nms results
2026-08-28 19:58:37,681 INFO metrics_no_nms OrderedDict([   ('MR-full-R1@0.5', 64.65),
                ('MR-full-R1@0.7', 47.61),
                ('MR-full-mAP', 42.88),
                ('MR-full-mAP@0.5', 64.36),
                ('MR-full-mAP@0.75', 44.5),
                ('MR-long-mAP', 51.61),
                ('MR-middle-mAP', 45.37),
                ('MR-short-mAP', 6.56),
                ('HL-min-Fair-mAP', 75.83),
                ('HL-min-Fair-Hit1', 78.52),
                ('HL-min-Good-mAP', 64.69),
                ('HL-min-Good-Hit1', 76.45),
                ('HL-min-VeryGood-mAP', 39.53),
                ('HL-min-VeryGood-Hit1', 64.0)])
2026-08-28 19:58:38,073 INFO [Best] epoch 21, MR-full-mAP 42.8800
2026-08-28 19:58:38,397 INFO [Epoch 22]
2026-08-28 19:59:36,138 INFO Epoch[22] class_error 60.8480  class_error_0 77.0488  class_error_1 66.1640  class_error_2 61.9229  loss_giou 0.4011  loss_giou_0 0.4665  loss_giou_1 0.4190  loss_giou_2 0.4101  loss_iou_scores 0.0719  loss_iou_scores_0 0.0704  loss_iou_scores_1 0.0707  loss_iou_scores_2 0.0708  loss_label 0.1461  loss_label_0 0.1618  loss_label_1 0.1544  loss_label_2 0.1492  loss_mask_iou 0.0000  loss_mask_iou_0 2.2731  loss_mask_iou_1 2.2134  loss_mask_iou_2 2.2117  loss_overall 14.8548  loss_query_cgp_bind 0.0428  loss_query_cgp_route -0.0237  loss_saliency 3.1596  loss_span 0.3558  loss_span_0 0.4166  loss_span_1 0.3684  loss_span_2 0.3632
2026-08-28 19:59:36,141 INFO Generate submissions
2026-08-28 19:59:41,212 INFO Saving/Evaluating before nms results
2026-08-28 19:59:45,454 INFO metrics_no_nms OrderedDict([   ('MR-full-R1@0.5', 65.61),
                ('MR-full-R1@0.7', 49.23),
                ('MR-full-mAP', 42.56),
                ('MR-full-mAP@0.5', 63.94),
                ('MR-full-mAP@0.75', 44.34),
                ('MR-long-mAP', 47.37),
                ('MR-middle-mAP', 47.13),
                ('MR-short-mAP', 6.89),
                ('HL-min-Fair-mAP', 76.82),
                ('HL-min-Fair-Hit1', 78.65),
                ('HL-min-Good-mAP', 65.62),
                ('HL-min-Good-Hit1', 76.84),
                ('HL-min-VeryGood-mAP', 39.86),
                ('HL-min-VeryGood-Hit1', 63.81)])
2026-08-28 19:59:45,751 INFO [Epoch 23]
2026-08-28 20:00:44,040 INFO Epoch[23] class_error 57.0727  class_error_0 75.6969  class_error_1 61.9867  class_error_2 58.4585  loss_giou 0.4035  loss_giou_0 0.4605  loss_giou_1 0.4188  loss_giou_2 0.4117  loss_iou_scores 0.0668  loss_iou_scores_0 0.0693  loss_iou_scores_1 0.0664  loss_iou_scores_2 0.0666  loss_label 0.1409  loss_label_0 0.1597  loss_label_1 0.1478  loss_label_2 0.1439  loss_mask_iou 0.0000  loss_mask_iou_0 2.2539  loss_mask_iou_1 2.2210  loss_mask_iou_2 2.2183  loss_overall 14.7754  loss_query_cgp_bind 0.0436  loss_query_cgp_route -0.0237  loss_saliency 3.1437  loss_span 0.3549  loss_span_0 0.4091  loss_span_1 0.3649  loss_span_2 0.3605
2026-08-28 20:00:44,043 INFO Generate submissions
2026-08-28 20:00:49,897 INFO Saving/Evaluating before nms results
2026-08-28 20:00:54,050 INFO metrics_no_nms OrderedDict([   ('MR-full-R1@0.5', 65.87),
                ('MR-full-R1@0.7', 50.19),
                ('MR-full-mAP', 43.97),
                ('MR-full-mAP@0.5', 65.3),
                ('MR-full-mAP@0.75', 46.01),
                ('MR-long-mAP', 52.03),
                ('MR-middle-mAP', 47.2),
                ('MR-short-mAP', 6.54),
                ('HL-min-Fair-mAP', 76.77),
                ('HL-min-Fair-Hit1', 78.45),
                ('HL-min-Good-mAP', 65.53),
                ('HL-min-Good-Hit1', 76.58),
                ('HL-min-VeryGood-mAP', 40.08),
                ('HL-min-VeryGood-Hit1', 64.52)])
2026-08-28 20:00:54,373 INFO [Best] epoch 23, MR-full-mAP 43.9700
2026-08-28 20:00:54,664 INFO [Epoch 24]
2026-08-28 20:01:54,174 INFO Epoch[24] class_error 55.9168  class_error_0 72.6167  class_error_1 60.0746  class_error_2 56.2718  loss_giou 0.3980  loss_giou_0 0.4599  loss_giou_1 0.4154  loss_giou_2 0.4075  loss_iou_scores 0.0671  loss_iou_scores_0 0.0693  loss_iou_scores_1 0.0658  loss_iou_scores_2 0.0663  loss_label 0.1387  loss_label_0 0.1573  loss_label_1 0.1466  loss_label_2 0.1413  loss_mask_iou 0.0000  loss_mask_iou_0 2.2115  loss_mask_iou_1 2.1742  loss_mask_iou_2 2.1696  loss_overall 14.5765  loss_query_cgp_bind 0.0398  loss_query_cgp_route -0.0237  loss_saliency 3.1344  loss_span 0.3493  loss_span_0 0.4053  loss_span_1 0.3576  loss_span_2 0.3535
2026-08-28 20:01:54,176 INFO Generate submissions
2026-08-28 20:02:00,117 INFO Saving/Evaluating before nms results
2026-08-28 20:02:04,082 INFO metrics_no_nms OrderedDict([   ('MR-full-R1@0.5', 65.94),
                ('MR-full-R1@0.7', 48.65),
                ('MR-full-mAP', 43.82),
                ('MR-full-mAP@0.5', 65.52),
                ('MR-full-mAP@0.75', 45.79),
                ('MR-long-mAP', 51.63),
                ('MR-middle-mAP', 46.86),
                ('MR-short-mAP', 7.29),
                ('HL-min-Fair-mAP', 75.75),
                ('HL-min-Fair-Hit1', 77.68),
                ('HL-min-Good-mAP', 64.85),
                ('HL-min-Good-Hit1', 75.94),
                ('HL-min-VeryGood-mAP', 39.61),
                ('HL-min-VeryGood-Hit1', 64.19)])
2026-08-28 20:02:04,436 INFO [Epoch 25]
2026-08-28 20:03:03,753 INFO Epoch[25] class_error 55.7414  class_error_0 74.3474  class_error_1 60.6494  class_error_2 56.8690  loss_giou 0.3949  loss_giou_0 0.4607  loss_giou_1 0.4131  loss_giou_2 0.4042  loss_iou_scores 0.0685  loss_iou_scores_0 0.0701  loss_iou_scores_1 0.0677  loss_iou_scores_2 0.0680  loss_label 0.1393  loss_label_0 0.1592  loss_label_1 0.1477  loss_label_2 0.1426  loss_mask_iou 0.0000  loss_mask_iou_0 2.1883  loss_mask_iou_1 2.1550  loss_mask_iou_2 2.1540  loss_overall 14.4848  loss_query_cgp_bind 0.0390  loss_query_cgp_route -0.0237  loss_saliency 3.1254  loss_span 0.3440  loss_span_0 0.3989  loss_span_1 0.3523  loss_span_2 0.3482
2026-08-28 20:03:03,756 INFO Generate submissions
2026-08-28 20:03:09,415 INFO Saving/Evaluating before nms results
2026-08-28 20:03:13,569 INFO metrics_no_nms OrderedDict([   ('MR-full-R1@0.5', 65.87),
                ('MR-full-R1@0.7', 49.03),
                ('MR-full-mAP', 43.45),
                ('MR-full-mAP@0.5', 65.4),
                ('MR-full-mAP@0.75', 44.75),
                ('MR-long-mAP', 50.21),
                ('MR-middle-mAP', 46.76),
                ('MR-short-mAP', 7.04),
                ('HL-min-Fair-mAP', 76.73),
                ('HL-min-Fair-Hit1', 78.65),
                ('HL-min-Good-mAP', 65.67),
                ('HL-min-Good-Hit1', 76.58),
                ('HL-min-VeryGood-mAP', 40.19),
                ('HL-min-VeryGood-Hit1', 64.58)])
2026-08-28 20:03:13,905 INFO [Epoch 26]
2026-08-28 20:04:11,705 INFO Epoch[26] class_error 54.4549  class_error_0 72.1922  class_error_1 58.3826  class_error_2 55.1711  loss_giou 0.3923  loss_giou_0 0.4569  loss_giou_1 0.4097  loss_giou_2 0.4018  loss_iou_scores 0.0669  loss_iou_scores_0 0.0673  loss_iou_scores_1 0.0657  loss_iou_scores_2 0.0658  loss_label 0.1371  loss_label_0 0.1559  loss_label_1 0.1445  loss_label_2 0.1398  loss_mask_iou 0.0000  loss_mask_iou_0 2.1730  loss_mask_iou_1 2.1384  loss_mask_iou_2 2.1375  loss_overall 14.3912  loss_query_cgp_bind 0.0378  loss_query_cgp_route -0.0238  loss_saliency 3.1135  loss_span 0.3446  loss_span_0 0.3987  loss_span_1 0.3530  loss_span_2 0.3485
2026-08-28 20:04:11,710 INFO Generate submissions
2026-08-28 20:04:16,972 INFO Saving/Evaluating before nms results
2026-08-28 20:04:21,541 INFO metrics_no_nms OrderedDict([   ('MR-full-R1@0.5', 66.52),
                ('MR-full-R1@0.7', 49.48),
                ('MR-full-mAP', 43.54),
                ('MR-full-mAP@0.5', 66.54),
                ('MR-full-mAP@0.75', 45.53),
                ('MR-long-mAP', 51.36),
                ('MR-middle-mAP', 46.41),
                ('MR-short-mAP', 6.26),
                ('HL-min-Fair-mAP', 76.66),
                ('HL-min-Fair-Hit1', 78.97),
                ('HL-min-Good-mAP', 65.44),
                ('HL-min-Good-Hit1', 77.23),
                ('HL-min-VeryGood-mAP', 40.0),
                ('HL-min-VeryGood-Hit1', 65.68)])
2026-08-28 20:04:21,855 INFO [Epoch 27]
2026-08-28 20:05:20,796 INFO Epoch[27] class_error 53.0806  class_error_0 69.7894  class_error_1 56.3858  class_error_2 53.5289  loss_giou 0.3895  loss_giou_0 0.4535  loss_giou_1 0.4087  loss_giou_2 0.3985  loss_iou_scores 0.0684  loss_iou_scores_0 0.0686  loss_iou_scores_1 0.0670  loss_iou_scores_2 0.0682  loss_label 0.1348  loss_label_0 0.1545  loss_label_1 0.1426  loss_label_2 0.1381  loss_mask_iou 0.0000  loss_mask_iou_0 2.1535  loss_mask_iou_1 2.1184  loss_mask_iou_2 2.1155  loss_overall 14.2946  loss_query_cgp_bind 0.0387  loss_query_cgp_route -0.0238  loss_saliency 3.1119  loss_span 0.3393  loss_span_0 0.3933  loss_span_1 0.3507  loss_span_2 0.3449
2026-08-28 20:05:20,799 INFO Generate submissions
2026-08-28 20:05:26,459 INFO Saving/Evaluating before nms results
2026-08-28 20:05:30,641 INFO metrics_no_nms OrderedDict([   ('MR-full-R1@0.5', 67.55),
                ('MR-full-R1@0.7', 50.13),
                ('MR-full-mAP', 44.26),
                ('MR-full-mAP@0.5', 65.44),
                ('MR-full-mAP@0.75', 46.15),
                ('MR-long-mAP', 49.92),
                ('MR-middle-mAP', 48.78),
                ('MR-short-mAP', 6.87),
                ('HL-min-Fair-mAP', 76.33),
                ('HL-min-Fair-Hit1', 77.81),
                ('HL-min-Good-mAP', 65.08),
                ('HL-min-Good-Hit1', 75.94),
                ('HL-min-VeryGood-mAP', 39.84),
                ('HL-min-VeryGood-Hit1', 63.23)])
2026-08-28 20:05:30,978 INFO [Best] epoch 27, MR-full-mAP 44.2600
2026-08-28 20:05:31,311 INFO [Epoch 28]
2026-08-28 20:06:30,248 INFO Epoch[28] class_error 52.4123  class_error_0 69.2091  class_error_1 56.8477  class_error_2 53.7331  loss_giou 0.3866  loss_giou_0 0.4537  loss_giou_1 0.4063  loss_giou_2 0.3972  loss_iou_scores 0.0688  loss_iou_scores_0 0.0671  loss_iou_scores_1 0.0662  loss_iou_scores_2 0.0673  loss_label 0.1340  loss_label_0 0.1540  loss_label_1 0.1429  loss_label_2 0.1375  loss_mask_iou 0.0000  loss_mask_iou_0 2.1433  loss_mask_iou_1 2.1132  loss_mask_iou_2 2.1105  loss_overall 14.2315  loss_query_cgp_bind 0.0360  loss_query_cgp_route -0.0237  loss_saliency 3.1105  loss_span 0.3350  loss_span_0 0.3852  loss_span_1 0.3438  loss_span_2 0.3385
2026-08-28 20:06:30,250 INFO Generate submissions
2026-08-28 20:06:36,246 INFO Saving/Evaluating before nms results
2026-08-28 20:06:40,145 INFO metrics_no_nms OrderedDict([   ('MR-full-R1@0.5', 67.35),
                ('MR-full-R1@0.7', 50.19),
                ('MR-full-mAP', 44.48),
                ('MR-full-mAP@0.5', 65.83),
                ('MR-full-mAP@0.75', 46.44),
                ('MR-long-mAP', 51.76),
                ('MR-middle-mAP', 47.4),
                ('MR-short-mAP', 8.4),
                ('HL-min-Fair-mAP', 76.63),
                ('HL-min-Fair-Hit1', 78.97),
                ('HL-min-Good-mAP', 65.46),
                ('HL-min-Good-Hit1', 77.03),
                ('HL-min-VeryGood-mAP', 40.29),
                ('HL-min-VeryGood-Hit1', 65.81)])
2026-08-28 20:06:40,428 INFO [Best] epoch 28, MR-full-mAP 44.4800
2026-08-28 20:06:40,701 INFO [Epoch 29]
2026-08-28 20:07:39,419 INFO Epoch[29] class_error 51.3783  class_error_0 67.0577  class_error_1 56.0404  class_error_2 52.3212  loss_giou 0.3787  loss_giou_0 0.4474  loss_giou_1 0.3986  loss_giou_2 0.3895  loss_iou_scores 0.0682  loss_iou_scores_0 0.0664  loss_iou_scores_1 0.0661  loss_iou_scores_2 0.0672  loss_label 0.1319  loss_label_0 0.1503  loss_label_1 0.1420  loss_label_2 0.1351  loss_mask_iou 0.0000  loss_mask_iou_0 2.1146  loss_mask_iou_1 2.0646  loss_mask_iou_2 2.0642  loss_overall 14.0403  loss_query_cgp_bind 0.0369  loss_query_cgp_route -0.0238  loss_saliency 3.1036  loss_span 0.3273  loss_span_0 0.3838  loss_span_1 0.3363  loss_span_2 0.3330
2026-08-28 20:07:39,421 INFO Generate submissions
2026-08-28 20:07:45,596 INFO Saving/Evaluating before nms results
2026-08-28 20:07:49,837 INFO metrics_no_nms OrderedDict([   ('MR-full-R1@0.5', 65.87),
                ('MR-full-R1@0.7', 49.1),
                ('MR-full-mAP', 44.32),
                ('MR-full-mAP@0.5', 65.33),
                ('MR-full-mAP@0.75', 45.85),
                ('MR-long-mAP', 54.27),
                ('MR-middle-mAP', 45.95),
                ('MR-short-mAP', 6.58),
                ('HL-min-Fair-mAP', 76.26),
                ('HL-min-Fair-Hit1', 77.68),
                ('HL-min-Good-mAP', 65.09),
                ('HL-min-Good-Hit1', 75.68),
                ('HL-min-VeryGood-mAP', 39.69),
                ('HL-min-VeryGood-Hit1', 63.68)])
2026-08-28 20:07:50,187 INFO [Epoch 30]
2026-08-28 20:08:48,192 INFO Epoch[30] class_error 51.6009  class_error_0 66.7881  class_error_1 55.0015  class_error_2 51.8750  loss_giou 0.3770  loss_giou_0 0.4498  loss_giou_1 0.3959  loss_giou_2 0.3861  loss_iou_scores 0.0671  loss_iou_scores_0 0.0669  loss_iou_scores_1 0.0656  loss_iou_scores_2 0.0660  loss_label 0.1321  loss_label_0 0.1501  loss_label_1 0.1398  loss_label_2 0.1345  loss_mask_iou 0.0000  loss_mask_iou_0 2.1049  loss_mask_iou_1 2.0660  loss_mask_iou_2 2.0553  loss_overall 13.9953  loss_query_cgp_bind 0.0377  loss_query_cgp_route -0.0240  loss_saliency 3.0945  loss_span 0.3235  loss_span_0 0.3831  loss_span_1 0.3374  loss_span_2 0.3296
2026-08-28 20:08:48,195 INFO Generate submissions
2026-08-28 20:08:53,518 INFO Saving/Evaluating before nms results
2026-08-28 20:08:57,932 INFO metrics_no_nms OrderedDict([   ('MR-full-R1@0.5', 67.74),
                ('MR-full-R1@0.7', 50.45),
                ('MR-full-mAP', 45.67),
                ('MR-full-mAP@0.5', 67.21),
                ('MR-full-mAP@0.75', 46.7),
                ('MR-long-mAP', 53.25),
                ('MR-middle-mAP', 48.37),
                ('MR-short-mAP', 8.15),
                ('HL-min-Fair-mAP', 77.16),
                ('HL-min-Fair-Hit1', 78.26),
                ('HL-min-Good-mAP', 65.7),
                ('HL-min-Good-Hit1', 76.0),
                ('HL-min-VeryGood-mAP', 40.16),
                ('HL-min-VeryGood-Hit1', 62.97)])
2026-08-28 20:08:58,261 INFO [Best] epoch 30, MR-full-mAP 45.6700
2026-08-28 20:08:58,556 INFO [Epoch 31]
2026-08-28 20:09:56,382 INFO Epoch[31] class_error 50.1542  class_error_0 65.6508  class_error_1 53.4840  class_error_2 50.3790  loss_giou 0.3800  loss_giou_0 0.4455  loss_giou_1 0.4002  loss_giou_2 0.3917  loss_iou_scores 0.0659  loss_iou_scores_0 0.0654  loss_iou_scores_1 0.0641  loss_iou_scores_2 0.0646  loss_label 0.1296  loss_label_0 0.1487  loss_label_1 0.1370  loss_label_2 0.1326  loss_mask_iou 0.0000  loss_mask_iou_0 2.0946  loss_mask_iou_1 2.0724  loss_mask_iou_2 2.0644  loss_overall 13.9846  loss_query_cgp_bind 0.0370  loss_query_cgp_route -0.0239  loss_saliency 3.0982  loss_span 0.3234  loss_span_0 0.3756  loss_span_1 0.3349  loss_span_2 0.3277
2026-08-28 20:09:56,385 INFO Generate submissions
2026-08-28 20:10:02,206 INFO Saving/Evaluating before nms results
2026-08-28 20:10:06,235 INFO metrics_no_nms OrderedDict([   ('MR-full-R1@0.5', 65.1),
                ('MR-full-R1@0.7', 49.23),
                ('MR-full-mAP', 43.4),
                ('MR-full-mAP@0.5', 64.93),
                ('MR-full-mAP@0.75', 44.91),
                ('MR-long-mAP', 54.11),
                ('MR-middle-mAP', 44.49),
                ('MR-short-mAP', 6.67),
                ('HL-min-Fair-mAP', 76.27),
                ('HL-min-Fair-Hit1', 78.52),
                ('HL-min-Good-mAP', 65.25),
                ('HL-min-Good-Hit1', 76.52),
                ('HL-min-VeryGood-mAP', 39.93),
                ('HL-min-VeryGood-Hit1', 63.68)])
2026-08-28 20:10:06,583 INFO [Epoch 32]
2026-08-28 20:11:05,190 INFO Epoch[32] class_error 49.4112  class_error_0 63.4786  class_error_1 53.1076  class_error_2 50.6479  loss_giou 0.3729  loss_giou_0 0.4393  loss_giou_1 0.3920  loss_giou_2 0.3817  loss_iou_scores 0.0649  loss_iou_scores_0 0.0651  loss_iou_scores_1 0.0628  loss_iou_scores_2 0.0643  loss_label 0.1284  loss_label_0 0.1480  loss_label_1 0.1372  loss_label_2 0.1318  loss_mask_iou 0.0000  loss_mask_iou_0 2.0724  loss_mask_iou_1 2.0280  loss_mask_iou_2 2.0316  loss_overall 13.7912  loss_query_cgp_bind 0.0358  loss_query_cgp_route -0.0238  loss_saliency 3.0778  loss_span 0.3143  loss_span_0 0.3691  loss_span_1 0.3259  loss_span_2 0.3186
2026-08-28 20:11:05,193 INFO Generate submissions
2026-08-28 20:11:10,740 INFO Saving/Evaluating before nms results
2026-08-28 20:11:15,056 INFO metrics_no_nms OrderedDict([   ('MR-full-R1@0.5', 66.52),
                ('MR-full-R1@0.7', 49.48),
                ('MR-full-mAP', 44.29),
                ('MR-full-mAP@0.5', 66.64),
                ('MR-full-mAP@0.75', 45.38),
                ('MR-long-mAP', 52.98),
                ('MR-middle-mAP', 46.39),
                ('MR-short-mAP', 7.56),
                ('HL-min-Fair-mAP', 77.65),
                ('HL-min-Fair-Hit1', 79.48),
                ('HL-min-Good-mAP', 66.19),
                ('HL-min-Good-Hit1', 77.42),
                ('HL-min-VeryGood-mAP', 40.57),
                ('HL-min-VeryGood-Hit1', 65.1)])
2026-08-28 20:11:15,392 INFO [Epoch 33]
2026-08-28 20:12:13,601 INFO Epoch[33] class_error 50.3273  class_error_0 63.7222  class_error_1 52.6503  class_error_2 49.8835  loss_giou 0.3732  loss_giou_0 0.4366  loss_giou_1 0.3931  loss_giou_2 0.3843  loss_iou_scores 0.0677  loss_iou_scores_0 0.0663  loss_iou_scores_1 0.0655  loss_iou_scores_2 0.0666  loss_label 0.1300  loss_label_0 0.1480  loss_label_1 0.1372  loss_label_2 0.1320  loss_mask_iou 0.0000  loss_mask_iou_0 2.0617  loss_mask_iou_1 2.0220  loss_mask_iou_2 2.0158  loss_overall 13.7715  loss_query_cgp_bind 0.0342  loss_query_cgp_route -0.0239  loss_saliency 3.0910  loss_span 0.3120  loss_span_0 0.3668  loss_span_1 0.3249  loss_span_2 0.3180
2026-08-28 20:12:13,606 INFO Generate submissions
2026-08-28 20:12:20,004 INFO Saving/Evaluating before nms results
2026-08-28 20:12:24,489 INFO metrics_no_nms OrderedDict([   ('MR-full-R1@0.5', 66.19),
                ('MR-full-R1@0.7', 48.84),
                ('MR-full-mAP', 43.24),
                ('MR-full-mAP@0.5', 65.38),
                ('MR-full-mAP@0.75', 44.94),
                ('MR-long-mAP', 49.19),
                ('MR-middle-mAP', 46.08),
                ('MR-short-mAP', 8.82),
                ('HL-min-Fair-mAP', 76.49),
                ('HL-min-Fair-Hit1', 77.81),
                ('HL-min-Good-mAP', 65.38),
                ('HL-min-Good-Hit1', 75.48),
                ('HL-min-VeryGood-mAP', 40.22),
                ('HL-min-VeryGood-Hit1', 64.26)])
2026-08-28 20:12:24,934 INFO [Epoch 34]
2026-08-28 20:13:22,574 INFO Epoch[34] class_error 48.2250  class_error_0 63.9661  class_error_1 52.7175  class_error_2 48.6461  loss_giou 0.3728  loss_giou_0 0.4413  loss_giou_1 0.3941  loss_giou_2 0.3831  loss_iou_scores 0.0668  loss_iou_scores_0 0.0661  loss_iou_scores_1 0.0646  loss_iou_scores_2 0.0662  loss_label 0.1267  loss_label_0 0.1469  loss_label_1 0.1358  loss_label_2 0.1296  loss_mask_iou 0.0000  loss_mask_iou_0 2.0478  loss_mask_iou_1 2.0148  loss_mask_iou_2 2.0096  loss_overall 13.7229  loss_query_cgp_bind 0.0347  loss_query_cgp_route -0.0239  loss_saliency 3.0743  loss_span 0.3143  loss_span_0 0.3632  loss_span_1 0.3247  loss_span_2 0.3203
2026-08-28 20:13:22,576 INFO Generate submissions
2026-08-28 20:13:28,756 INFO Saving/Evaluating before nms results
2026-08-28 20:13:33,573 INFO metrics_no_nms OrderedDict([   ('MR-full-R1@0.5', 67.68),
                ('MR-full-R1@0.7', 51.42),
                ('MR-full-mAP', 44.98),
                ('MR-full-mAP@0.5', 66.87),
                ('MR-full-mAP@0.75', 46.18),
                ('MR-long-mAP', 51.75),
                ('MR-middle-mAP', 47.64),
                ('MR-short-mAP', 9.38),
                ('HL-min-Fair-mAP', 77.46),
                ('HL-min-Fair-Hit1', 79.29),
                ('HL-min-Good-mAP', 66.23),
                ('HL-min-Good-Hit1', 77.1),
                ('HL-min-VeryGood-mAP', 40.65),
                ('HL-min-VeryGood-Hit1', 65.23)])
2026-08-28 20:13:33,912 INFO [Epoch 35]
2026-08-28 20:14:32,620 INFO Epoch[35] class_error 46.3179  class_error_0 62.5327  class_error_1 50.7959  class_error_2 47.8425  loss_giou 0.3702  loss_giou_0 0.4360  loss_giou_1 0.3894  loss_giou_2 0.3794  loss_iou_scores 0.0643  loss_iou_scores_0 0.0640  loss_iou_scores_1 0.0634  loss_iou_scores_2 0.0640  loss_label 0.1245  loss_label_0 0.1448  loss_label_1 0.1334  loss_label_2 0.1281  loss_mask_iou 0.0000  loss_mask_iou_0 2.0254  loss_mask_iou_1 1.9943  loss_mask_iou_2 1.9897  loss_overall 13.5973  loss_query_cgp_bind 0.0344  loss_query_cgp_route -0.0240  loss_saliency 3.0649  loss_span 0.3098  loss_span_0 0.3612  loss_span_1 0.3200  loss_span_2 0.3145
2026-08-28 20:14:32,623 INFO Generate submissions
2026-08-28 20:14:37,853 INFO Saving/Evaluating before nms results
2026-08-28 20:14:42,777 INFO metrics_no_nms OrderedDict([   ('MR-full-R1@0.5', 66.26),
                ('MR-full-R1@0.7', 48.58),
                ('MR-full-mAP', 44.41),
                ('MR-full-mAP@0.5', 66.39),
                ('MR-full-mAP@0.75', 45.47),
                ('MR-long-mAP', 53.85),
                ('MR-middle-mAP', 46.49),
                ('MR-short-mAP', 7.05),
                ('HL-min-Fair-mAP', 77.12),
                ('HL-min-Fair-Hit1', 79.42),
                ('HL-min-Good-mAP', 65.88),
                ('HL-min-Good-Hit1', 77.35),
                ('HL-min-VeryGood-mAP', 40.33),
                ('HL-min-VeryGood-Hit1', 65.81)])
2026-08-28 20:14:43,109 INFO [Epoch 36]
2026-08-28 20:15:42,492 INFO Epoch[36] class_error 46.0487  class_error_0 59.5024  class_error_1 49.3144  class_error_2 45.7885  loss_giou 0.3688  loss_giou_0 0.4359  loss_giou_1 0.3875  loss_giou_2 0.3781  loss_iou_scores 0.0635  loss_iou_scores_0 0.0634  loss_iou_scores_1 0.0626  loss_iou_scores_2 0.0632  loss_label 0.1228  loss_label_0 0.1429  loss_label_1 0.1314  loss_label_2 0.1252  loss_mask_iou 0.0000  loss_mask_iou_0 2.0168  loss_mask_iou_1 1.9789  loss_mask_iou_2 1.9829  loss_overall 13.5400  loss_query_cgp_bind 0.0318  loss_query_cgp_route -0.0240  loss_saliency 3.0632  loss_span 0.3091  loss_span_0 0.3597  loss_span_1 0.3201  loss_span_2 0.3149
2026-08-28 20:15:42,495 INFO Generate submissions
2026-08-28 20:15:47,528 INFO Saving/Evaluating before nms results
2026-08-28 20:15:52,488 INFO metrics_no_nms OrderedDict([   ('MR-full-R1@0.5', 67.1),
                ('MR-full-R1@0.7', 50.06),
                ('MR-full-mAP', 45.31),
                ('MR-full-mAP@0.5', 66.76),
                ('MR-full-mAP@0.75', 46.78),
                ('MR-long-mAP', 52.71),
                ('MR-middle-mAP', 48.17),
                ('MR-short-mAP', 8.02),
                ('HL-min-Fair-mAP', 76.68),
                ('HL-min-Fair-Hit1', 78.32),
                ('HL-min-Good-mAP', 65.14),
                ('HL-min-Good-Hit1', 76.19),
                ('HL-min-VeryGood-mAP', 40.11),
                ('HL-min-VeryGood-Hit1', 64.58)])
2026-08-28 20:15:52,939 INFO [Epoch 37]
2026-08-28 20:16:54,363 INFO Epoch[37] class_error 45.6154  class_error_0 60.7388  class_error_1 49.4313  class_error_2 46.1670  loss_giou 0.3636  loss_giou_0 0.4355  loss_giou_1 0.3840  loss_giou_2 0.3739  loss_iou_scores 0.0644  loss_iou_scores_0 0.0636  loss_iou_scores_1 0.0629  loss_iou_scores_2 0.0633  loss_label 0.1214  loss_label_0 0.1430  loss_label_1 0.1314  loss_label_2 0.1244  loss_mask_iou 0.0000  loss_mask_iou_0 2.0058  loss_mask_iou_1 1.9682  loss_mask_iou_2 1.9654  loss_overall 13.4585  loss_query_cgp_bind 0.0321  loss_query_cgp_route -0.0239  loss_saliency 3.0567  loss_span 0.3018  loss_span_0 0.3561  loss_span_1 0.3122  loss_span_2 0.3056
2026-08-28 20:16:54,367 INFO Generate submissions
2026-08-28 20:17:00,639 INFO Saving/Evaluating before nms results
2026-08-28 20:17:05,405 INFO metrics_no_nms OrderedDict([   ('MR-full-R1@0.5', 66.52),
                ('MR-full-R1@0.7', 49.23),
                ('MR-full-mAP', 43.81),
                ('MR-full-mAP@0.5', 65.98),
                ('MR-full-mAP@0.75', 45.36),
                ('MR-long-mAP', 50.57),
                ('MR-middle-mAP', 46.59),
                ('MR-short-mAP', 7.82),
                ('HL-min-Fair-mAP', 77.38),
                ('HL-min-Fair-Hit1', 79.81),
                ('HL-min-Good-mAP', 66.12),
                ('HL-min-Good-Hit1', 78.06),
                ('HL-min-VeryGood-mAP', 40.49),
                ('HL-min-VeryGood-Hit1', 66.19)])
2026-08-28 20:17:05,771 INFO [Epoch 38]
2026-08-28 20:18:04,793 INFO Epoch[38] class_error 45.6680  class_error_0 60.1262  class_error_1 49.1112  class_error_2 45.4620  loss_giou 0.3601  loss_giou_0 0.4368  loss_giou_1 0.3844  loss_giou_2 0.3712  loss_iou_scores 0.0643  loss_iou_scores_0 0.0635  loss_iou_scores_1 0.0619  loss_iou_scores_2 0.0643  loss_label 0.1218  loss_label_0 0.1433  loss_label_1 0.1305  loss_label_2 0.1242  loss_mask_iou 0.0000  loss_mask_iou_0 1.9872  loss_mask_iou_1 1.9541  loss_mask_iou_2 1.9496  loss_overall 13.3959  loss_query_cgp_bind 0.0330  loss_query_cgp_route -0.0240  loss_saliency 3.0554  loss_span 0.2993  loss_span_0 0.3561  loss_span_1 0.3123  loss_span_2 0.3035
2026-08-28 20:18:04,796 INFO Generate submissions
2026-08-28 20:18:10,629 INFO Saving/Evaluating before nms results
2026-08-28 20:18:15,194 INFO metrics_no_nms OrderedDict([   ('MR-full-R1@0.5', 67.1),
                ('MR-full-R1@0.7', 49.42),
                ('MR-full-mAP', 45.17),
                ('MR-full-mAP@0.5', 67.2),
                ('MR-full-mAP@0.75', 46.16),
                ('MR-long-mAP', 53.86),
                ('MR-middle-mAP', 47.12),
                ('MR-short-mAP', 7.94),
                ('HL-min-Fair-mAP', 76.57),
                ('HL-min-Fair-Hit1', 78.65),
                ('HL-min-Good-mAP', 65.28),
                ('HL-min-Good-Hit1', 76.9),
                ('HL-min-VeryGood-mAP', 39.95),
                ('HL-min-VeryGood-Hit1', 64.19)])
2026-08-28 20:18:15,546 INFO [Epoch 39]
2026-08-28 20:19:15,337 INFO Epoch[39] class_error 43.8275  class_error_0 59.0229  class_error_1 46.6856  class_error_2 43.6430  loss_giou 0.3638  loss_giou_0 0.4316  loss_giou_1 0.3859  loss_giou_2 0.3763  loss_iou_scores 0.0622  loss_iou_scores_0 0.0634  loss_iou_scores_1 0.0604  loss_iou_scores_2 0.0612  loss_label 0.1187  loss_label_0 0.1400  loss_label_1 0.1275  loss_label_2 0.1213  loss_mask_iou 0.0000  loss_mask_iou_0 1.9986  loss_mask_iou_1 1.9722  loss_mask_iou_2 1.9663  loss_overall 13.4094  loss_query_cgp_bind 0.0306  loss_query_cgp_route -0.0241  loss_saliency 3.0448  loss_span 0.2992  loss_span_0 0.3509  loss_span_1 0.3116  loss_span_2 0.3057
2026-08-28 20:19:15,341 INFO Generate submissions
2026-08-28 20:19:21,032 INFO Saving/Evaluating before nms results
2026-08-28 20:19:24,930 INFO metrics_no_nms OrderedDict([   ('MR-full-R1@0.5', 67.29),
                ('MR-full-R1@0.7', 50.9),
                ('MR-full-mAP', 45.33),
                ('MR-full-mAP@0.5', 66.49),
                ('MR-full-mAP@0.75', 46.67),
                ('MR-long-mAP', 51.23),
                ('MR-middle-mAP', 48.52),
                ('MR-short-mAP', 9.51),
                ('HL-min-Fair-mAP', 76.98),
                ('HL-min-Fair-Hit1', 79.16),
                ('HL-min-Good-mAP', 65.65),
                ('HL-min-Good-Hit1', 76.84),
                ('HL-min-VeryGood-mAP', 40.12),
                ('HL-min-VeryGood-Hit1', 64.77)])
2026-08-28 20:19:25,249 INFO [Epoch 40]
2026-08-28 20:20:25,285 INFO Epoch[40] class_error 43.7719  class_error_0 58.4660  class_error_1 47.4989  class_error_2 44.0996  loss_giou 0.3597  loss_giou_0 0.4322  loss_giou_1 0.3835  loss_giou_2 0.3695  loss_iou_scores 0.0644  loss_iou_scores_0 0.0631  loss_iou_scores_1 0.0611  loss_iou_scores_2 0.0637  loss_label 0.1195  loss_label_0 0.1412  loss_label_1 0.1284  loss_label_2 0.1220  loss_mask_iou 0.0000  loss_mask_iou_0 1.9775  loss_mask_iou_1 1.9394  loss_mask_iou_2 1.9354  loss_overall 13.3272  loss_query_cgp_bind 0.0327  loss_query_cgp_route -0.0241  loss_saliency 3.0422  loss_span 0.3018  loss_span_0 0.3558  loss_span_1 0.3136  loss_span_2 0.3063
2026-08-28 20:20:25,287 INFO Generate submissions
2026-08-28 20:20:31,397 INFO Saving/Evaluating before nms results
2026-08-28 20:20:35,768 INFO metrics_no_nms OrderedDict([   ('MR-full-R1@0.5', 67.03),
                ('MR-full-R1@0.7', 50.32),
                ('MR-full-mAP', 45.14),
                ('MR-full-mAP@0.5', 67.12),
                ('MR-full-mAP@0.75', 46.16),
                ('MR-long-mAP', 52.46),
                ('MR-middle-mAP', 47.86),
                ('MR-short-mAP', 8.52),
                ('HL-min-Fair-mAP', 76.99),
                ('HL-min-Fair-Hit1', 79.16),
                ('HL-min-Good-mAP', 65.76),
                ('HL-min-Good-Hit1', 77.35),
                ('HL-min-VeryGood-mAP', 40.25),
                ('HL-min-VeryGood-Hit1', 64.84)])
2026-08-28 20:20:36,119 INFO [Epoch 41]
2026-08-28 20:21:37,824 INFO Epoch[41] class_error 43.8538  class_error_0 58.0091  class_error_1 47.7689  class_error_2 44.1882  loss_giou 0.3538  loss_giou_0 0.4283  loss_giou_1 0.3761  loss_giou_2 0.3660  loss_iou_scores 0.0641  loss_iou_scores_0 0.0628  loss_iou_scores_1 0.0610  loss_iou_scores_2 0.0635  loss_label 0.1190  loss_label_0 0.1390  loss_label_1 0.1287  loss_label_2 0.1219  loss_mask_iou 0.0000  loss_mask_iou_0 1.9442  loss_mask_iou_1 1.9183  loss_mask_iou_2 1.9137  loss_overall 13.1746  loss_query_cgp_bind 0.0303  loss_query_cgp_route -0.0240  loss_saliency 3.0422  loss_span 0.2901  loss_span_0 0.3464  loss_span_1 0.3009  loss_span_2 0.2947
2026-08-28 20:21:37,827 INFO Generate submissions
2026-08-28 20:21:43,710 INFO Saving/Evaluating before nms results
2026-08-28 20:21:48,110 INFO metrics_no_nms OrderedDict([   ('MR-full-R1@0.5', 65.48),
                ('MR-full-R1@0.7', 49.68),
                ('MR-full-mAP', 45.13),
                ('MR-full-mAP@0.5', 66.87),
                ('MR-full-mAP@0.75', 46.21),
                ('MR-long-mAP', 53.09),
                ('MR-middle-mAP', 47.3),
                ('MR-short-mAP', 9.36),
                ('HL-min-Fair-mAP', 77.55),
                ('HL-min-Fair-Hit1', 80.26),
                ('HL-min-Good-mAP', 66.36),
                ('HL-min-Good-Hit1', 78.13),
                ('HL-min-VeryGood-mAP', 40.63),
                ('HL-min-VeryGood-Hit1', 66.0)])
2026-08-28 20:21:48,435 INFO [Epoch 42]
2026-08-28 20:22:49,009 INFO Epoch[42] class_error 42.8847  class_error_0 56.6517  class_error_1 46.3490  class_error_2 43.6797  loss_giou 0.3524  loss_giou_0 0.4282  loss_giou_1 0.3764  loss_giou_2 0.3644  loss_iou_scores 0.0632  loss_iou_scores_0 0.0622  loss_iou_scores_1 0.0611  loss_iou_scores_2 0.0626  loss_label 0.1190  loss_label_0 0.1396  loss_label_1 0.1278  loss_label_2 0.1210  loss_mask_iou 0.0000  loss_mask_iou_0 1.9391  loss_mask_iou_1 1.8979  loss_mask_iou_2 1.8958  loss_overall 13.1354  loss_query_cgp_bind 0.0301  loss_query_cgp_route -0.0240  loss_saliency 3.0455  loss_span 0.2906  loss_span_0 0.3463  loss_span_1 0.3036  loss_span_2 0.2966
2026-08-28 20:22:49,012 INFO Generate submissions
2026-08-28 20:22:54,666 INFO Saving/Evaluating before nms results
2026-08-28 20:22:58,879 INFO metrics_no_nms OrderedDict([   ('MR-full-R1@0.5', 67.1),
                ('MR-full-R1@0.7', 50.97),
                ('MR-full-mAP', 45.49),
                ('MR-full-mAP@0.5', 66.54),
                ('MR-full-mAP@0.75', 46.64),
                ('MR-long-mAP', 52.87),
                ('MR-middle-mAP', 47.96),
                ('MR-short-mAP', 9.43),
                ('HL-min-Fair-mAP', 76.46),
                ('HL-min-Fair-Hit1', 77.42),
                ('HL-min-Good-mAP', 65.43),
                ('HL-min-Good-Hit1', 75.23),
                ('HL-min-VeryGood-mAP', 39.95),
                ('HL-min-VeryGood-Hit1', 62.77)])
2026-08-28 20:22:59,182 INFO [Epoch 43]
2026-08-28 20:23:59,149 INFO Epoch[43] class_error 43.2975  class_error_0 57.6342  class_error_1 48.4180  class_error_2 44.5791  loss_giou 0.3521  loss_giou_0 0.4269  loss_giou_1 0.3758  loss_giou_2 0.3625  loss_iou_scores 0.0637  loss_iou_scores_0 0.0632  loss_iou_scores_1 0.0627  loss_iou_scores_2 0.0636  loss_label 0.1182  loss_label_0 0.1399  loss_label_1 0.1285  loss_label_2 0.1214  loss_mask_iou 0.0000  loss_mask_iou_0 1.9282  loss_mask_iou_1 1.8880  loss_mask_iou_2 1.8847  loss_overall 13.0728  loss_query_cgp_bind 0.0293  loss_query_cgp_route -0.0239  loss_saliency 3.0332  loss_span 0.2881  loss_span_0 0.3442  loss_span_1 0.2996  loss_span_2 0.2924
2026-08-28 20:23:59,152 INFO Generate submissions
2026-08-28 20:24:04,844 INFO Saving/Evaluating before nms results
2026-08-28 20:24:09,539 INFO metrics_no_nms OrderedDict([   ('MR-full-R1@0.5', 66.32),
                ('MR-full-R1@0.7', 50.84),
                ('MR-full-mAP', 44.77),
                ('MR-full-mAP@0.5', 65.97),
                ('MR-full-mAP@0.75', 46.3),
                ('MR-long-mAP', 53.11),
                ('MR-middle-mAP', 46.78),
                ('MR-short-mAP', 8.74),
                ('HL-min-Fair-mAP', 76.59),
                ('HL-min-Fair-Hit1', 77.35),
                ('HL-min-Good-mAP', 65.49),
                ('HL-min-Good-Hit1', 75.48),
                ('HL-min-VeryGood-mAP', 39.9),
                ('HL-min-VeryGood-Hit1', 62.97)])
2026-08-28 20:24:09,808 INFO [Epoch 44]
2026-08-28 20:25:08,806 INFO Epoch[44] class_error 41.7687  class_error_0 56.3512  class_error_1 46.0069  class_error_2 42.0916  loss_giou 0.3519  loss_giou_0 0.4267  loss_giou_1 0.3786  loss_giou_2 0.3622  loss_iou_scores 0.0629  loss_iou_scores_0 0.0621  loss_iou_scores_1 0.0618  loss_iou_scores_2 0.0625  loss_label 0.1160  loss_label_0 0.1376  loss_label_1 0.1252  loss_label_2 0.1191  loss_mask_iou 0.0000  loss_mask_iou_0 1.9253  loss_mask_iou_1 1.8895  loss_mask_iou_2 1.8841  loss_overall 13.0345  loss_query_cgp_bind 0.0291  loss_query_cgp_route -0.0240  loss_saliency 3.0226  loss_span 0.2852  loss_span_0 0.3405  loss_span_1 0.2990  loss_span_2 0.2908
2026-08-28 20:25:08,808 INFO Generate submissions
2026-08-28 20:25:15,044 INFO Saving/Evaluating before nms results
2026-08-28 20:25:19,979 INFO metrics_no_nms OrderedDict([   ('MR-full-R1@0.5', 66.77),
                ('MR-full-R1@0.7', 49.87),
                ('MR-full-mAP', 44.84),
                ('MR-full-mAP@0.5', 66.39),
                ('MR-full-mAP@0.75', 45.87),
                ('MR-long-mAP', 49.05),
                ('MR-middle-mAP', 48.1),
                ('MR-short-mAP', 11.39),
                ('HL-min-Fair-mAP', 76.67),
                ('HL-min-Fair-Hit1', 78.97),
                ('HL-min-Good-mAP', 65.48),
                ('HL-min-Good-Hit1', 76.84),
                ('HL-min-VeryGood-mAP', 40.08),
                ('HL-min-VeryGood-Hit1', 65.74)])
2026-08-28 20:25:20,287 INFO [Epoch 45]
2026-08-28 20:26:22,095 INFO Epoch[45] class_error 42.5853  class_error_0 55.1015  class_error_1 46.3360  class_error_2 43.1404  loss_giou 0.3498  loss_giou_0 0.4234  loss_giou_1 0.3735  loss_giou_2 0.3612  loss_iou_scores 0.0630  loss_iou_scores_0 0.0612  loss_iou_scores_1 0.0606  loss_iou_scores_2 0.0617  loss_label 0.1165  loss_label_0 0.1373  loss_label_1 0.1259  loss_label_2 0.1190  loss_mask_iou 0.0000  loss_mask_iou_0 1.9173  loss_mask_iou_1 1.8802  loss_mask_iou_2 1.8745  loss_overall 13.0031  loss_query_cgp_bind 0.0283  loss_query_cgp_route -0.0241  loss_saliency 3.0242  loss_span 0.2862  loss_span_0 0.3392  loss_span_1 0.2987  loss_span_2 0.2920
2026-08-28 20:26:22,098 INFO Generate submissions
2026-08-28 20:26:27,364 INFO Saving/Evaluating before nms results
2026-08-28 20:26:32,236 INFO metrics_no_nms OrderedDict([   ('MR-full-R1@0.5', 67.1),
                ('MR-full-R1@0.7', 49.23),
                ('MR-full-mAP', 44.91),
                ('MR-full-mAP@0.5', 67.5),
                ('MR-full-mAP@0.75', 45.8),
                ('MR-long-mAP', 53.69),
                ('MR-middle-mAP', 47.09),
                ('MR-short-mAP', 7.52),
                ('HL-min-Fair-mAP', 77.23),
                ('HL-min-Fair-Hit1', 78.71),
                ('HL-min-Good-mAP', 65.87),
                ('HL-min-Good-Hit1', 76.65),
                ('HL-min-VeryGood-mAP', 40.2),
                ('HL-min-VeryGood-Hit1', 63.48)])
2026-08-28 20:26:32,580 INFO [Epoch 46]
2026-08-28 20:27:33,041 INFO Epoch[46] class_error 41.6377  class_error_0 53.8412  class_error_1 45.3834  class_error_2 42.4212  loss_giou 0.3486  loss_giou_0 0.4239  loss_giou_1 0.3708  loss_giou_2 0.3601  loss_iou_scores 0.0633  loss_iou_scores_0 0.0642  loss_iou_scores_1 0.0624  loss_iou_scores_2 0.0627  loss_label 0.1151  loss_label_0 0.1362  loss_label_1 0.1252  loss_label_2 0.1183  loss_mask_iou 0.0000  loss_mask_iou_0 1.8998  loss_mask_iou_1 1.8600  loss_mask_iou_2 1.8578  loss_overall 12.9338  loss_query_cgp_bind 0.0293  loss_query_cgp_route -0.0240  loss_saliency 3.0255  loss_span 0.2829  loss_span_0 0.3358  loss_span_1 0.2943  loss_span_2 0.2881
2026-08-28 20:27:33,044 INFO Generate submissions
2026-08-28 20:27:38,835 INFO Saving/Evaluating before nms results
2026-08-28 20:27:44,160 INFO metrics_no_nms OrderedDict([   ('MR-full-R1@0.5', 67.94),
                ('MR-full-R1@0.7', 50.84),
                ('MR-full-mAP', 45.92),
                ('MR-full-mAP@0.5', 67.84),
                ('MR-full-mAP@0.75', 47.06),
                ('MR-long-mAP', 51.86),
                ('MR-middle-mAP', 49.17),
                ('MR-short-mAP', 9.81),
                ('HL-min-Fair-mAP', 76.26),
                ('HL-min-Fair-Hit1', 76.71),
                ('HL-min-Good-mAP', 64.92),
                ('HL-min-Good-Hit1', 74.45),
                ('HL-min-VeryGood-mAP', 39.59),
                ('HL-min-VeryGood-Hit1', 62.19)])
2026-08-28 20:27:44,608 INFO [Best] epoch 46, MR-full-mAP 45.9200
2026-08-28 20:27:44,922 INFO [Epoch 47]
2026-08-28 20:28:45,471 INFO Epoch[47] class_error 42.0893  class_error_0 53.6891  class_error_1 45.1902  class_error_2 42.2759  loss_giou 0.3469  loss_giou_0 0.4238  loss_giou_1 0.3703  loss_giou_2 0.3585  loss_iou_scores 0.0637  loss_iou_scores_0 0.0622  loss_iou_scores_1 0.0613  loss_iou_scores_2 0.0623  loss_label 0.1155  loss_label_0 0.1348  loss_label_1 0.1245  loss_label_2 0.1176  loss_mask_iou 0.0000  loss_mask_iou_0 1.9012  loss_mask_iou_1 1.8671  loss_mask_iou_2 1.8596  loss_overall 12.9348  loss_query_cgp_bind 0.0298  loss_query_cgp_route -0.0241  loss_saliency 3.0295  loss_span 0.2828  loss_span_0 0.3364  loss_span_1 0.2955  loss_span_2 0.2886
2026-08-28 20:28:45,474 INFO Generate submissions
2026-08-28 20:28:51,159 INFO Saving/Evaluating before nms results
2026-08-28 20:28:55,996 INFO metrics_no_nms OrderedDict([   ('MR-full-R1@0.5', 66.26),
                ('MR-full-R1@0.7', 50.06),
                ('MR-full-mAP', 45.31),
                ('MR-full-mAP@0.5', 66.55),
                ('MR-full-mAP@0.75', 46.4),
                ('MR-long-mAP', 51.43),
                ('MR-middle-mAP', 49.08),
                ('MR-short-mAP', 8.58),
                ('HL-min-Fair-mAP', 77.02),
                ('HL-min-Fair-Hit1', 79.1),
                ('HL-min-Good-mAP', 65.78),
                ('HL-min-Good-Hit1', 76.84),
                ('HL-min-VeryGood-mAP', 40.44),
                ('HL-min-VeryGood-Hit1', 64.65)])
2026-08-28 20:28:56,303 INFO [Epoch 48]
2026-08-28 20:29:56,077 INFO Epoch[48] class_error 40.8761  class_error_0 52.6044  class_error_1 43.9980  class_error_2 40.7987  loss_giou 0.3427  loss_giou_0 0.4203  loss_giou_1 0.3672  loss_giou_2 0.3527  loss_iou_scores 0.0618  loss_iou_scores_0 0.0614  loss_iou_scores_1 0.0598  loss_iou_scores_2 0.0616  loss_label 0.1132  loss_label_0 0.1335  loss_label_1 0.1222  loss_label_2 0.1162  loss_mask_iou 0.0000  loss_mask_iou_0 1.8795  loss_mask_iou_1 1.8480  loss_mask_iou_2 1.8446  loss_overall 12.7983  loss_query_cgp_bind 0.0270  loss_query_cgp_route -0.0239  loss_saliency 3.0053  loss_span 0.2768  loss_span_0 0.3308  loss_span_1 0.2889  loss_span_2 0.2818
2026-08-28 20:29:56,080 INFO Generate submissions
2026-08-28 20:30:01,959 INFO Saving/Evaluating before nms results
2026-08-28 20:30:06,122 INFO metrics_no_nms OrderedDict([   ('MR-full-R1@0.5', 66.39),
                ('MR-full-R1@0.7', 49.42),
                ('MR-full-mAP', 45.02),
                ('MR-full-mAP@0.5', 66.21),
                ('MR-full-mAP@0.75', 45.85),
                ('MR-long-mAP', 52.16),
                ('MR-middle-mAP', 47.18),
                ('MR-short-mAP', 9.13),
                ('HL-min-Fair-mAP', 76.4),
                ('HL-min-Fair-Hit1', 76.9),
                ('HL-min-Good-mAP', 65.2),
                ('HL-min-Good-Hit1', 75.16),
                ('HL-min-VeryGood-mAP', 39.8),
                ('HL-min-VeryGood-Hit1', 62.39)])
2026-08-28 20:30:06,429 INFO [Epoch 49]
2026-08-28 20:31:05,810 INFO Epoch[49] class_error 41.2176  class_error_0 53.7000  class_error_1 45.3989  class_error_2 41.8348  loss_giou 0.3443  loss_giou_0 0.4208  loss_giou_1 0.3719  loss_giou_2 0.3559  loss_iou_scores 0.0630  loss_iou_scores_0 0.0626  loss_iou_scores_1 0.0613  loss_iou_scores_2 0.0623  loss_label 0.1148  loss_label_0 0.1349  loss_label_1 0.1246  loss_label_2 0.1176  loss_mask_iou 0.0000  loss_mask_iou_0 1.8836  loss_mask_iou_1 1.8461  loss_mask_iou_2 1.8334  loss_overall 12.8351  loss_query_cgp_bind 0.0282  loss_query_cgp_route -0.0241  loss_saliency 3.0158  loss_span 0.2801  loss_span_0 0.3339  loss_span_1 0.2941  loss_span_2 0.2863
2026-08-28 20:31:05,812 INFO Generate submissions
2026-08-28 20:31:11,923 INFO Saving/Evaluating before nms results
2026-08-28 20:31:16,098 INFO metrics_no_nms OrderedDict([   ('MR-full-R1@0.5', 65.94),
                ('MR-full-R1@0.7', 50.19),
                ('MR-full-mAP', 45.15),
                ('MR-full-mAP@0.5', 66.47),
                ('MR-full-mAP@0.75', 45.53),
                ('MR-long-mAP', 49.93),
                ('MR-middle-mAP', 48.24),
                ('MR-short-mAP', 11.27),
                ('HL-min-Fair-mAP', 76.68),
                ('HL-min-Fair-Hit1', 77.42),
                ('HL-min-Good-mAP', 65.54),
                ('HL-min-Good-Hit1', 75.29),
                ('HL-min-VeryGood-mAP', 40.15),
                ('HL-min-VeryGood-Hit1', 62.9)])
2026-08-28 20:31:16,447 INFO [Epoch 50]
2026-08-28 20:32:15,243 INFO Epoch[50] class_error 39.9722  class_error_0 52.2086  class_error_1 43.7649  class_error_2 41.0840  loss_giou 0.3449  loss_giou_0 0.4213  loss_giou_1 0.3693  loss_giou_2 0.3548  loss_iou_scores 0.0619  loss_iou_scores_0 0.0615  loss_iou_scores_1 0.0611  loss_iou_scores_2 0.0616  loss_label 0.1126  loss_label_0 0.1325  loss_label_1 0.1216  loss_label_2 0.1162  loss_mask_iou 0.0000  loss_mask_iou_0 1.8779  loss_mask_iou_1 1.8389  loss_mask_iou_2 1.8301  loss_overall 12.7824  loss_query_cgp_bind 0.0263  loss_query_cgp_route -0.0241  loss_saliency 3.0085  loss_span 0.2761  loss_span_0 0.3306  loss_span_1 0.2921  loss_span_2 0.2822
2026-08-28 20:32:15,247 INFO Generate submissions
2026-08-28 20:32:20,616 INFO Saving/Evaluating before nms results
2026-08-28 20:32:25,310 INFO metrics_no_nms OrderedDict([   ('MR-full-R1@0.5', 65.48),
                ('MR-full-R1@0.7', 49.61),
                ('MR-full-mAP', 45.19),
                ('MR-full-mAP@0.5', 65.73),
                ('MR-full-mAP@0.75', 46.0),
                ('MR-long-mAP', 51.02),
                ('MR-middle-mAP', 48.34),
                ('MR-short-mAP', 9.43),
                ('HL-min-Fair-mAP', 77.09),
                ('HL-min-Fair-Hit1', 79.29),
                ('HL-min-Good-mAP', 65.94),
                ('HL-min-Good-Hit1', 77.48),
                ('HL-min-VeryGood-mAP', 40.54),
                ('HL-min-VeryGood-Hit1', 65.23)])
2026-08-28 20:32:25,846 INFO [Epoch 51]
2026-08-28 20:33:24,290 INFO Epoch[51] class_error 39.3354  class_error_0 51.6692  class_error_1 43.0710  class_error_2 40.5748  loss_giou 0.3412  loss_giou_0 0.4188  loss_giou_1 0.3674  loss_giou_2 0.3531  loss_iou_scores 0.0622  loss_iou_scores_0 0.0615  loss_iou_scores_1 0.0593  loss_iou_scores_2 0.0613  loss_label 0.1115  loss_label_0 0.1321  loss_label_1 0.1206  loss_label_2 0.1141  loss_mask_iou 0.0000  loss_mask_iou_0 1.8729  loss_mask_iou_1 1.8392  loss_mask_iou_2 1.8279  loss_overall 12.7510  loss_query_cgp_bind 0.0270  loss_query_cgp_route -0.0240  loss_saliency 3.0038  loss_span 0.2760  loss_span_0 0.3306  loss_span_1 0.2907  loss_span_2 0.2821
2026-08-28 20:33:24,292 INFO Generate submissions
2026-08-28 20:33:29,570 INFO Saving/Evaluating before nms results
2026-08-28 20:33:33,836 INFO metrics_no_nms OrderedDict([   ('MR-full-R1@0.5', 65.68),
                ('MR-full-R1@0.7', 49.74),
                ('MR-full-mAP', 45.78),
                ('MR-full-mAP@0.5', 66.68),
                ('MR-full-mAP@0.75', 46.87),
                ('MR-long-mAP', 53.53),
                ('MR-middle-mAP', 48.06),
                ('MR-short-mAP', 9.23),
                ('HL-min-Fair-mAP', 77.14),
                ('HL-min-Fair-Hit1', 77.81),
                ('HL-min-Good-mAP', 66.07),
                ('HL-min-Good-Hit1', 76.0),
                ('HL-min-VeryGood-mAP', 40.53),
                ('HL-min-VeryGood-Hit1', 64.06)])
2026-08-28 20:33:34,198 INFO [Epoch 52]
2026-08-28 20:34:32,794 INFO Epoch[52] class_error 39.2253  class_error_0 51.2099  class_error_1 42.5439  class_error_2 39.7550  loss_giou 0.3385  loss_giou_0 0.4167  loss_giou_1 0.3637  loss_giou_2 0.3502  loss_iou_scores 0.0602  loss_iou_scores_0 0.0626  loss_iou_scores_1 0.0587  loss_iou_scores_2 0.0589  loss_label 0.1099  loss_label_0 0.1307  loss_label_1 0.1191  loss_label_2 0.1128  loss_mask_iou 0.0000  loss_mask_iou_0 1.8526  loss_mask_iou_1 1.8206  loss_mask_iou_2 1.8145  loss_overall 12.6506  loss_query_cgp_bind 0.0265  loss_query_cgp_route -0.0240  loss_saliency 3.0018  loss_span 0.2711  loss_span_0 0.3230  loss_span_1 0.2837  loss_span_2 0.2767
2026-08-28 20:34:32,798 INFO Generate submissions
2026-08-28 20:34:38,428 INFO Saving/Evaluating before nms results
2026-08-28 20:34:42,948 INFO metrics_no_nms OrderedDict([   ('MR-full-R1@0.5', 67.42),
                ('MR-full-R1@0.7', 50.39),
                ('MR-full-mAP', 46.35),
                ('MR-full-mAP@0.5', 67.63),
                ('MR-full-mAP@0.75', 48.04),
                ('MR-long-mAP', 52.58),
                ('MR-middle-mAP', 49.3),
                ('MR-short-mAP', 10.18),
                ('HL-min-Fair-mAP', 76.89),
                ('HL-min-Fair-Hit1', 77.81),
                ('HL-min-Good-mAP', 65.87),
                ('HL-min-Good-Hit1', 75.61),
                ('HL-min-VeryGood-mAP', 40.45),
                ('HL-min-VeryGood-Hit1', 64.71)])
2026-08-28 20:34:43,308 INFO [Best] epoch 52, MR-full-mAP 46.3500
2026-08-28 20:34:43,583 INFO [Epoch 53]
2026-08-28 20:35:42,643 INFO Epoch[53] class_error 39.7575  class_error_0 52.4039  class_error_1 43.2586  class_error_2 39.9339  loss_giou 0.3379  loss_giou_0 0.4160  loss_giou_1 0.3634  loss_giou_2 0.3504  loss_iou_scores 0.0609  loss_iou_scores_0 0.0619  loss_iou_scores_1 0.0595  loss_iou_scores_2 0.0597  loss_label 0.1108  loss_label_0 0.1323  loss_label_1 0.1209  loss_label_2 0.1137  loss_mask_iou 0.0000  loss_mask_iou_0 1.8303  loss_mask_iou_1 1.8009  loss_mask_iou_2 1.7956  loss_overall 12.5998  loss_query_cgp_bind 0.0275  loss_query_cgp_route -0.0241  loss_saliency 3.0000  loss_span 0.2733  loss_span_0 0.3242  loss_span_1 0.2851  loss_span_2 0.2793
2026-08-28 20:35:42,647 INFO Generate submissions
2026-08-28 20:35:48,139 INFO Saving/Evaluating before nms results
2026-08-28 20:35:52,331 INFO metrics_no_nms OrderedDict([   ('MR-full-R1@0.5', 66.45),
                ('MR-full-R1@0.7', 50.39),
                ('MR-full-mAP', 46.39),
                ('MR-full-mAP@0.5', 67.29),
                ('MR-full-mAP@0.75', 47.14),
                ('MR-long-mAP', 54.57),
                ('MR-middle-mAP', 47.79),
                ('MR-short-mAP', 9.91),
                ('HL-min-Fair-mAP', 75.44),
                ('HL-min-Fair-Hit1', 76.13),
                ('HL-min-Good-mAP', 64.31),
                ('HL-min-Good-Hit1', 74.0),
                ('HL-min-VeryGood-mAP', 39.49),
                ('HL-min-VeryGood-Hit1', 63.29)])
2026-08-28 20:35:52,651 INFO [Best] epoch 53, MR-full-mAP 46.3900
2026-08-28 20:35:52,965 INFO [Epoch 54]
2026-08-28 20:36:51,922 INFO Epoch[54] class_error 40.4924  class_error_0 51.8694  class_error_1 44.1807  class_error_2 40.2290  loss_giou 0.3374  loss_giou_0 0.4135  loss_giou_1 0.3639  loss_giou_2 0.3495  loss_iou_scores 0.0624  loss_iou_scores_0 0.0614  loss_iou_scores_1 0.0598  loss_iou_scores_2 0.0608  loss_label 0.1135  loss_label_0 0.1333  loss_label_1 0.1217  loss_label_2 0.1148  loss_mask_iou 0.0000  loss_mask_iou_0 1.8258  loss_mask_iou_1 1.7944  loss_mask_iou_2 1.7879  loss_overall 12.5723  loss_query_cgp_bind 0.0265  loss_query_cgp_route -0.0241  loss_saliency 3.0058  loss_span 0.2681  loss_span_0 0.3208  loss_span_1 0.2822  loss_span_2 0.2735
2026-08-28 20:36:51,925 INFO Generate submissions
2026-08-28 20:36:57,956 INFO Saving/Evaluating before nms results
2026-08-28 20:37:01,942 INFO metrics_no_nms OrderedDict([   ('MR-full-R1@0.5', 68.13),
                ('MR-full-R1@0.7', 51.29),
                ('MR-full-mAP', 45.93),
                ('MR-full-mAP@0.5', 66.75),
                ('MR-full-mAP@0.75', 47.44),
                ('MR-long-mAP', 51.89),
                ('MR-middle-mAP', 49.48),
                ('MR-short-mAP', 9.91),
                ('HL-min-Fair-mAP', 77.93),
                ('HL-min-Fair-Hit1', 81.03),
                ('HL-min-Good-mAP', 66.58),
                ('HL-min-Good-Hit1', 79.23),
                ('HL-min-VeryGood-mAP', 40.92),
                ('HL-min-VeryGood-Hit1', 66.9)])
2026-08-28 20:37:02,257 INFO [Epoch 55]
2026-08-28 20:38:01,834 INFO Epoch[55] class_error 39.1904  class_error_0 52.1448  class_error_1 43.3429  class_error_2 38.8529  loss_giou 0.3350  loss_giou_0 0.4138  loss_giou_1 0.3610  loss_giou_2 0.3460  loss_iou_scores 0.0614  loss_iou_scores_0 0.0603  loss_iou_scores_1 0.0594  loss_iou_scores_2 0.0606  loss_label 0.1101  loss_label_0 0.1308  loss_label_1 0.1197  loss_label_2 0.1123  loss_mask_iou 0.0000  loss_mask_iou_0 1.8313  loss_mask_iou_1 1.7997  loss_mask_iou_2 1.7890  loss_overall 12.5618  loss_query_cgp_bind 0.0259  loss_query_cgp_route -0.0241  loss_saliency 2.9988  loss_span 0.2701  loss_span_0 0.3239  loss_span_1 0.2841  loss_span_2 0.2755
2026-08-28 20:38:01,837 INFO Generate submissions
2026-08-28 20:38:07,740 INFO Saving/Evaluating before nms results
2026-08-28 20:38:12,030 INFO metrics_no_nms OrderedDict([   ('MR-full-R1@0.5', 66.13),
                ('MR-full-R1@0.7', 51.1),
                ('MR-full-mAP', 46.25),
                ('MR-full-mAP@0.5', 66.55),
                ('MR-full-mAP@0.75', 47.19),
                ('MR-long-mAP', 54.02),
                ('MR-middle-mAP', 48.36),
                ('MR-short-mAP', 10.35),
                ('HL-min-Fair-mAP', 76.22),
                ('HL-min-Fair-Hit1', 76.77),
                ('HL-min-Good-mAP', 65.21),
                ('HL-min-Good-Hit1', 75.16),
                ('HL-min-VeryGood-mAP', 40.0),
                ('HL-min-VeryGood-Hit1', 64.0)])
2026-08-28 20:38:12,395 INFO [Epoch 56]
2026-08-28 20:39:10,941 INFO Epoch[56] class_error 38.5206  class_error_0 50.6038  class_error_1 42.3335  class_error_2 39.3126  loss_giou 0.3299  loss_giou_0 0.4095  loss_giou_1 0.3560  loss_giou_2 0.3411  loss_iou_scores 0.0601  loss_iou_scores_0 0.0591  loss_iou_scores_1 0.0578  loss_iou_scores_2 0.0587  loss_label 0.1092  loss_label_0 0.1289  loss_label_1 0.1178  loss_label_2 0.1118  loss_mask_iou 0.0000  loss_mask_iou_0 1.7979  loss_mask_iou_1 1.7609  loss_mask_iou_2 1.7497  loss_overall 12.3922  loss_query_cgp_bind 0.0259  loss_query_cgp_route -0.0242  loss_saliency 2.9903  loss_span 0.2653  loss_span_0 0.3211  loss_span_1 0.2803  loss_span_2 0.2702
2026-08-28 20:39:10,944 INFO Generate submissions
2026-08-28 20:39:16,734 INFO Saving/Evaluating before nms results
2026-08-28 20:39:21,403 INFO metrics_no_nms OrderedDict([   ('MR-full-R1@0.5', 66.71),
                ('MR-full-R1@0.7', 50.32),
                ('MR-full-mAP', 46.69),
                ('MR-full-mAP@0.5', 68.03),
                ('MR-full-mAP@0.75', 48.03),
                ('MR-long-mAP', 53.46),
                ('MR-middle-mAP', 49.42),
                ('MR-short-mAP', 9.72),
                ('HL-min-Fair-mAP', 77.42),
                ('HL-min-Fair-Hit1', 78.9),
                ('HL-min-Good-mAP', 66.06),
                ('HL-min-Good-Hit1', 76.71),
                ('HL-min-VeryGood-mAP', 40.5),
                ('HL-min-VeryGood-Hit1', 65.23)])
2026-08-28 20:39:21,784 INFO [Best] epoch 56, MR-full-mAP 46.6900
2026-08-28 20:39:22,080 INFO [Epoch 57]
2026-08-28 20:40:20,482 INFO Epoch[57] class_error 37.5284  class_error_0 48.4042  class_error_1 41.5160  class_error_2 38.8159  loss_giou 0.3328  loss_giou_0 0.4104  loss_giou_1 0.3563  loss_giou_2 0.3421  loss_iou_scores 0.0595  loss_iou_scores_0 0.0598  loss_iou_scores_1 0.0587  loss_iou_scores_2 0.0590  loss_label 0.1072  loss_label_0 0.1271  loss_label_1 0.1165  loss_label_2 0.1101  loss_mask_iou 0.0000  loss_mask_iou_0 1.7984  loss_mask_iou_1 1.7678  loss_mask_iou_2 1.7576  loss_overall 12.4033  loss_query_cgp_bind 0.0247  loss_query_cgp_route -0.0240  loss_saliency 2.9917  loss_span 0.2646  loss_span_0 0.3186  loss_span_1 0.2776  loss_span_2 0.2698
2026-08-28 20:40:20,484 INFO Generate submissions
2026-08-28 20:40:25,743 INFO Saving/Evaluating before nms results
2026-08-28 20:40:30,340 INFO metrics_no_nms OrderedDict([   ('MR-full-R1@0.5', 67.61),
                ('MR-full-R1@0.7', 51.87),
                ('MR-full-mAP', 45.97),
                ('MR-full-mAP@0.5', 67.72),
                ('MR-full-mAP@0.75', 47.45),
                ('MR-long-mAP', 52.67),
                ('MR-middle-mAP', 48.54),
                ('MR-short-mAP', 10.0),
                ('HL-min-Fair-mAP', 77.24),
                ('HL-min-Fair-Hit1', 78.52),
                ('HL-min-Good-mAP', 65.82),
                ('HL-min-Good-Hit1', 76.77),
                ('HL-min-VeryGood-mAP', 40.19),
                ('HL-min-VeryGood-Hit1', 64.39)])
2026-08-28 20:40:30,753 INFO [Epoch 58]
2026-08-28 20:41:29,236 INFO Epoch[58] class_error 38.1274  class_error_0 49.1420  class_error_1 40.9322  class_error_2 38.6087  loss_giou 0.3331  loss_giou_0 0.4121  loss_giou_1 0.3594  loss_giou_2 0.3429  loss_iou_scores 0.0606  loss_iou_scores_0 0.0600  loss_iou_scores_1 0.0590  loss_iou_scores_2 0.0598  loss_label 0.1087  loss_label_0 0.1272  loss_label_1 0.1172  loss_label_2 0.1108  loss_mask_iou 0.0000  loss_mask_iou_0 1.7999  loss_mask_iou_1 1.7607  loss_mask_iou_2 1.7496  loss_overall 12.3870  loss_query_cgp_bind 0.0245  loss_query_cgp_route -0.0241  loss_saliency 2.9860  loss_span 0.2623  loss_span_0 0.3168  loss_span_1 0.2753  loss_span_2 0.2675
2026-08-28 20:41:29,239 INFO Generate submissions
2026-08-28 20:41:34,737 INFO Saving/Evaluating before nms results
2026-08-28 20:41:39,664 INFO metrics_no_nms OrderedDict([   ('MR-full-R1@0.5', 66.65),
                ('MR-full-R1@0.7', 51.1),
                ('MR-full-mAP', 45.74),
                ('MR-full-mAP@0.5', 66.95),
                ('MR-full-mAP@0.75', 47.26),
                ('MR-long-mAP', 51.56),
                ('MR-middle-mAP', 49.15),
                ('MR-short-mAP', 10.09),
                ('HL-min-Fair-mAP', 77.55),
                ('HL-min-Fair-Hit1', 79.35),
                ('HL-min-Good-mAP', 66.34),
                ('HL-min-Good-Hit1', 77.35),
                ('HL-min-VeryGood-mAP', 40.87),
                ('HL-min-VeryGood-Hit1', 65.94)])
2026-08-28 20:41:40,013 INFO [Epoch 59]
2026-08-28 20:42:38,494 INFO Epoch[59] class_error 37.4485  class_error_0 48.8243  class_error_1 42.3690  class_error_2 38.0090  loss_giou 0.3346  loss_giou_0 0.4105  loss_giou_1 0.3586  loss_giou_2 0.3448  loss_iou_scores 0.0585  loss_iou_scores_0 0.0583  loss_iou_scores_1 0.0576  loss_iou_scores_2 0.0579  loss_label 0.1068  loss_label_0 0.1262  loss_label_1 0.1168  loss_label_2 0.1103  loss_mask_iou 0.0000  loss_mask_iou_0 1.8134  loss_mask_iou_1 1.7759  loss_mask_iou_2 1.7702  loss_overall 12.4310  loss_query_cgp_bind 0.0265  loss_query_cgp_route -0.0240  loss_saliency 2.9867  loss_span 0.2651  loss_span_0 0.3169  loss_span_1 0.2775  loss_span_2 0.2694
2026-08-28 20:42:38,500 INFO Generate submissions
2026-08-28 20:42:44,206 INFO Saving/Evaluating before nms results
2026-08-28 20:42:49,001 INFO metrics_no_nms OrderedDict([   ('MR-full-R1@0.5', 67.74),
                ('MR-full-R1@0.7', 51.55),
                ('MR-full-mAP', 46.35),
                ('MR-full-mAP@0.5', 67.59),
                ('MR-full-mAP@0.75', 48.31),
                ('MR-long-mAP', 51.78),
                ('MR-middle-mAP', 49.68),
                ('MR-short-mAP', 10.25),
                ('HL-min-Fair-mAP', 77.65),
                ('HL-min-Fair-Hit1', 79.74),
                ('HL-min-Good-mAP', 66.32),
                ('HL-min-Good-Hit1', 77.68),
                ('HL-min-VeryGood-mAP', 40.84),
                ('HL-min-VeryGood-Hit1', 66.06)])
2026-08-28 20:42:49,293 INFO [Epoch 60]
2026-08-28 20:43:47,012 INFO Epoch[60] class_error 37.8278  class_error_0 48.9987  class_error_1 41.5056  class_error_2 37.5202  loss_giou 0.3315  loss_giou_0 0.4117  loss_giou_1 0.3577  loss_giou_2 0.3424  loss_iou_scores 0.0594  loss_iou_scores_0 0.0588  loss_iou_scores_1 0.0568  loss_iou_scores_2 0.0586  loss_label 0.1077  loss_label_0 0.1269  loss_label_1 0.1160  loss_label_2 0.1092  loss_mask_iou 0.0000  loss_mask_iou_0 1.8003  loss_mask_iou_1 1.7648  loss_mask_iou_2 1.7592  loss_overall 12.3710  loss_query_cgp_bind 0.0241  loss_query_cgp_route -0.0240  loss_saliency 2.9829  loss_span 0.2608  loss_span_0 0.3143  loss_span_1 0.2744  loss_span_2 0.2669
2026-08-28 20:43:47,022 INFO Generate submissions
2026-08-28 20:43:54,050 INFO Saving/Evaluating before nms results
2026-08-28 20:43:58,895 INFO metrics_no_nms OrderedDict([   ('MR-full-R1@0.5', 65.87),
                ('MR-full-R1@0.7', 49.16),
                ('MR-full-mAP', 45.62),
                ('MR-full-mAP@0.5', 66.65),
                ('MR-full-mAP@0.75', 46.4),
                ('MR-long-mAP', 52.42),
                ('MR-middle-mAP', 47.82),
                ('MR-short-mAP', 10.04),
                ('HL-min-Fair-mAP', 76.16),
                ('HL-min-Fair-Hit1', 76.77),
                ('HL-min-Good-mAP', 64.93),
                ('HL-min-Good-Hit1', 74.97),
                ('HL-min-VeryGood-mAP', 39.64),
                ('HL-min-VeryGood-Hit1', 62.32)])
2026-08-28 20:43:59,194 INFO [Epoch 61]
2026-08-28 20:44:55,729 INFO Epoch[61] class_error 38.4626  class_error_0 49.2324  class_error_1 41.3458  class_error_2 38.2342  loss_giou 0.3301  loss_giou_0 0.4059  loss_giou_1 0.3571  loss_giou_2 0.3405  loss_iou_scores 0.0599  loss_iou_scores_0 0.0597  loss_iou_scores_1 0.0587  loss_iou_scores_2 0.0595  loss_label 0.1087  loss_label_0 0.1276  loss_label_1 0.1163  loss_label_2 0.1106  loss_mask_iou 0.0000  loss_mask_iou_0 1.7778  loss_mask_iou_1 1.7569  loss_mask_iou_2 1.7435  loss_overall 12.3173  loss_query_cgp_bind 0.0246  loss_query_cgp_route -0.0241  loss_saliency 2.9826  loss_span 0.2589  loss_span_0 0.3118  loss_span_1 0.2738  loss_span_2 0.2657
2026-08-28 20:44:55,732 INFO Generate submissions
2026-08-28 20:45:01,835 INFO Saving/Evaluating before nms results
2026-08-28 20:45:06,957 INFO metrics_no_nms OrderedDict([   ('MR-full-R1@0.5', 66.0),
                ('MR-full-R1@0.7', 50.32),
                ('MR-full-mAP', 46.11),
                ('MR-full-mAP@0.5', 66.86),
                ('MR-full-mAP@0.75', 47.01),
                ('MR-long-mAP', 52.22),
                ('MR-middle-mAP', 48.31),
                ('MR-short-mAP', 11.31),
                ('HL-min-Fair-mAP', 76.25),
                ('HL-min-Fair-Hit1', 78.13),
                ('HL-min-Good-mAP', 65.3),
                ('HL-min-Good-Hit1', 76.26),
                ('HL-min-VeryGood-mAP', 40.21),
                ('HL-min-VeryGood-Hit1', 65.48)])
2026-08-28 20:45:07,273 INFO [Epoch 62]
2026-08-28 20:46:04,250 INFO Epoch[62] class_error 38.1500  class_error_0 48.6024  class_error_1 41.2566  class_error_2 38.6733  loss_giou 0.3263  loss_giou_0 0.4076  loss_giou_1 0.3521  loss_giou_2 0.3377  loss_iou_scores 0.0594  loss_iou_scores_0 0.0584  loss_iou_scores_1 0.0583  loss_iou_scores_2 0.0592  loss_label 0.1091  loss_label_0 0.1281  loss_label_1 0.1193  loss_label_2 0.1116  loss_mask_iou 0.0000  loss_mask_iou_0 1.7695  loss_mask_iou_1 1.7370  loss_mask_iou_2 1.7283  loss_overall 12.2540  loss_query_cgp_bind 0.0252  loss_query_cgp_route -0.0241  loss_saliency 2.9839  loss_span 0.2550  loss_span_0 0.3118  loss_span_1 0.2698  loss_span_2 0.2608
2026-08-28 20:46:04,254 INFO Generate submissions
2026-08-28 20:46:10,188 INFO Saving/Evaluating before nms results
2026-08-28 20:46:16,264 INFO metrics_no_nms OrderedDict([   ('MR-full-R1@0.5', 66.84),
                ('MR-full-R1@0.7', 50.65),
                ('MR-full-mAP', 45.97),
                ('MR-full-mAP@0.5', 67.31),
                ('MR-full-mAP@0.75', 47.26),
                ('MR-long-mAP', 52.35),
                ('MR-middle-mAP', 48.76),
                ('MR-short-mAP', 10.45),
                ('HL-min-Fair-mAP', 76.66),
                ('HL-min-Fair-Hit1', 78.65),
                ('HL-min-Good-mAP', 65.57),
                ('HL-min-Good-Hit1', 76.77),
                ('HL-min-VeryGood-mAP', 40.1),
                ('HL-min-VeryGood-Hit1', 64.52)])
2026-08-28 20:46:16,738 INFO [Epoch 63]
2026-08-28 20:47:14,002 INFO Epoch[63] class_error 37.0287  class_error_0 48.2751  class_error_1 40.2772  class_error_2 37.5779  loss_giou 0.3241  loss_giou_0 0.4038  loss_giou_1 0.3494  loss_giou_2 0.3352  loss_iou_scores 0.0582  loss_iou_scores_0 0.0593  loss_iou_scores_1 0.0581  loss_iou_scores_2 0.0574  loss_label 0.1069  loss_label_0 0.1255  loss_label_1 0.1168  loss_label_2 0.1098  loss_mask_iou 0.0000  loss_mask_iou_0 1.7575  loss_mask_iou_1 1.7285  loss_mask_iou_2 1.7179  loss_overall 12.1937  loss_query_cgp_bind 0.0243  loss_query_cgp_route -0.0241  loss_saliency 2.9839  loss_span 0.2539  loss_span_0 0.3085  loss_span_1 0.2679  loss_span_2 0.2594
2026-08-28 20:47:14,005 INFO Generate submissions
2026-08-28 20:47:19,368 INFO Saving/Evaluating before nms results
2026-08-28 20:47:24,185 INFO metrics_no_nms OrderedDict([   ('MR-full-R1@0.5', 67.35),
                ('MR-full-R1@0.7', 50.84),
                ('MR-full-mAP', 45.19),
                ('MR-full-mAP@0.5', 67.21),
                ('MR-full-mAP@0.75', 45.58),
                ('MR-long-mAP', 51.7),
                ('MR-middle-mAP', 47.73),
                ('MR-short-mAP', 10.23),
                ('HL-min-Fair-mAP', 76.71),
                ('HL-min-Fair-Hit1', 78.39),
                ('HL-min-Good-mAP', 65.56),
                ('HL-min-Good-Hit1', 76.06),
                ('HL-min-VeryGood-mAP', 40.19),
                ('HL-min-VeryGood-Hit1', 64.58)])
2026-08-28 20:47:24,516 INFO [Epoch 64]
2026-08-28 20:48:22,908 INFO Epoch[64] class_error 37.7227  class_error_0 48.0339  class_error_1 41.4820  class_error_2 37.9522  loss_giou 0.3247  loss_giou_0 0.4130  loss_giou_1 0.3502  loss_giou_2 0.3370  loss_iou_scores 0.0587  loss_iou_scores_0 0.0586  loss_iou_scores_1 0.0589  loss_iou_scores_2 0.0579  loss_label 0.1059  loss_label_0 0.1262  loss_label_1 0.1161  loss_label_2 0.1085  loss_mask_iou 0.0000  loss_mask_iou_0 1.7610  loss_mask_iou_1 1.7202  loss_mask_iou_2 1.7076  loss_overall 12.1764  loss_query_cgp_bind 0.0237  loss_query_cgp_route -0.0241  loss_saliency 2.9735  loss_span 0.2518  loss_span_0 0.3123  loss_span_1 0.2648  loss_span_2 0.2571
2026-08-28 20:48:22,911 INFO Generate submissions
2026-08-28 20:48:29,368 INFO Saving/Evaluating before nms results
2026-08-28 20:48:34,198 INFO metrics_no_nms OrderedDict([   ('MR-full-R1@0.5', 68.13),
                ('MR-full-R1@0.7', 51.94),
                ('MR-full-mAP', 46.99),
                ('MR-full-mAP@0.5', 68.18),
                ('MR-full-mAP@0.75', 48.07),
                ('MR-long-mAP', 54.77),
                ('MR-middle-mAP', 49.42),
                ('MR-short-mAP', 9.3),
                ('HL-min-Fair-mAP', 76.73),
                ('HL-min-Fair-Hit1', 76.9),
                ('HL-min-Good-mAP', 65.22),
                ('HL-min-Good-Hit1', 74.77),
                ('HL-min-VeryGood-mAP', 39.6),
                ('HL-min-VeryGood-Hit1', 62.13)])
2026-08-28 20:48:34,555 INFO [Best] epoch 64, MR-full-mAP 46.9900
2026-08-28 20:48:34,855 INFO [Epoch 65]
2026-08-28 20:49:31,974 INFO Epoch[65] class_error 36.8780  class_error_0 47.7620  class_error_1 42.4224  class_error_2 38.8083  loss_giou 0.3191  loss_giou_0 0.4020  loss_giou_1 0.3442  loss_giou_2 0.3297  loss_iou_scores 0.0595  loss_iou_scores_0 0.0584  loss_iou_scores_1 0.0578  loss_iou_scores_2 0.0584  loss_label 0.1065  loss_label_0 0.1253  loss_label_1 0.1171  loss_label_2 0.1099  loss_mask_iou 0.0000  loss_mask_iou_0 1.7438  loss_mask_iou_1 1.6944  loss_mask_iou_2 1.6854  loss_overall 12.0490  loss_query_cgp_bind 0.0235  loss_query_cgp_route -0.0242  loss_saliency 2.9739  loss_span 0.2446  loss_span_0 0.3007  loss_span_1 0.2581  loss_span_2 0.2488
2026-08-28 20:49:31,977 INFO Generate submissions
2026-08-28 20:49:38,450 INFO Saving/Evaluating before nms results
2026-08-28 20:49:43,602 INFO metrics_no_nms OrderedDict([   ('MR-full-R1@0.5', 67.29),
                ('MR-full-R1@0.7', 51.42),
                ('MR-full-mAP', 45.46),
                ('MR-full-mAP@0.5', 67.4),
                ('MR-full-mAP@0.75', 46.84),
                ('MR-long-mAP', 51.63),
                ('MR-middle-mAP', 48.35),
                ('MR-short-mAP', 10.13),
                ('HL-min-Fair-mAP', 77.42),
                ('HL-min-Fair-Hit1', 79.1),
                ('HL-min-Good-mAP', 66.33),
                ('HL-min-Good-Hit1', 77.03),
                ('HL-min-VeryGood-mAP', 40.81),
                ('HL-min-VeryGood-Hit1', 65.55)])
2026-08-28 20:49:43,977 INFO [Epoch 66]
2026-08-28 20:50:42,777 INFO Epoch[66] class_error 36.1138  class_error_0 46.3709  class_error_1 40.4167  class_error_2 37.1268  loss_giou 0.3226  loss_giou_0 0.4049  loss_giou_1 0.3500  loss_giou_2 0.3330  loss_iou_scores 0.0585  loss_iou_scores_0 0.0573  loss_iou_scores_1 0.0575  loss_iou_scores_2 0.0579  loss_label 0.1055  loss_label_0 0.1237  loss_label_1 0.1147  loss_label_2 0.1086  loss_mask_iou 0.0000  loss_mask_iou_0 1.7515  loss_mask_iou_1 1.7085  loss_mask_iou_2 1.6996  loss_overall 12.1138  loss_query_cgp_bind 0.0229  loss_query_cgp_route -0.0241  loss_saliency 2.9682  loss_span 0.2519  loss_span_0 0.3077  loss_span_1 0.2669  loss_span_2 0.2577
2026-08-28 20:50:42,782 INFO Generate submissions
2026-08-28 20:50:48,312 INFO Saving/Evaluating before nms results
2026-08-28 20:50:53,528 INFO metrics_no_nms OrderedDict([   ('MR-full-R1@0.5', 68.39),
                ('MR-full-R1@0.7', 50.58),
                ('MR-full-mAP', 46.35),
                ('MR-full-mAP@0.5', 67.71),
                ('MR-full-mAP@0.75', 47.53),
                ('MR-long-mAP', 54.35),
                ('MR-middle-mAP', 48.54),
                ('MR-short-mAP', 8.99),
                ('HL-min-Fair-mAP', 78.17),
                ('HL-min-Fair-Hit1', 80.26),
                ('HL-min-Good-mAP', 66.83),
                ('HL-min-Good-Hit1', 78.06),
                ('HL-min-VeryGood-mAP', 40.8),
                ('HL-min-VeryGood-Hit1', 66.06)])
2026-08-28 20:50:53,912 INFO [Epoch 67]
2026-08-28 20:51:51,472 INFO Epoch[67] class_error 37.1493  class_error_0 46.7684  class_error_1 39.7348  class_error_2 37.8657  loss_giou 0.3216  loss_giou_0 0.4026  loss_giou_1 0.3504  loss_giou_2 0.3321  loss_iou_scores 0.0604  loss_iou_scores_0 0.0583  loss_iou_scores_1 0.0586  loss_iou_scores_2 0.0597  loss_label 0.1058  loss_label_0 0.1247  loss_label_1 0.1142  loss_label_2 0.1088  loss_mask_iou 0.0000  loss_mask_iou_0 1.7460  loss_mask_iou_1 1.7222  loss_mask_iou_2 1.7115  loss_overall 12.1375  loss_query_cgp_bind 0.0227  loss_query_cgp_route -0.0240  loss_saliency 2.9754  loss_span 0.2514  loss_span_0 0.3059  loss_span_1 0.2687  loss_span_2 0.2572
2026-08-28 20:51:51,475 INFO Generate submissions
2026-08-28 20:51:57,706 INFO Saving/Evaluating before nms results
2026-08-28 20:52:01,782 INFO metrics_no_nms OrderedDict([   ('MR-full-R1@0.5', 66.97),
                ('MR-full-R1@0.7', 51.03),
                ('MR-full-mAP', 46.77),
                ('MR-full-mAP@0.5', 67.88),
                ('MR-full-mAP@0.75', 47.8),
                ('MR-long-mAP', 55.05),
                ('MR-middle-mAP', 47.74),
                ('MR-short-mAP', 10.97),
                ('HL-min-Fair-mAP', 76.43),
                ('HL-min-Fair-Hit1', 76.9),
                ('HL-min-Good-mAP', 65.41),
                ('HL-min-Good-Hit1', 75.16),
                ('HL-min-VeryGood-mAP', 39.99),
                ('HL-min-VeryGood-Hit1', 63.1)])
2026-08-28 20:52:02,160 INFO [Epoch 68]
2026-08-28 20:53:01,723 INFO Epoch[68] class_error 36.2268  class_error_0 46.0932  class_error_1 40.0062  class_error_2 37.2830  loss_giou 0.3190  loss_giou_0 0.3990  loss_giou_1 0.3464  loss_giou_2 0.3291  loss_iou_scores 0.0590  loss_iou_scores_0 0.0585  loss_iou_scores_1 0.0573  loss_iou_scores_2 0.0585  loss_label 0.1033  loss_label_0 0.1216  loss_label_1 0.1118  loss_label_2 0.1055  loss_mask_iou 0.0000  loss_mask_iou_0 1.7257  loss_mask_iou_1 1.6958  loss_mask_iou_2 1.6835  loss_overall 12.0037  loss_query_cgp_bind 0.0224  loss_query_cgp_route -0.0241  loss_saliency 2.9648  loss_span 0.2474  loss_span_0 0.3012  loss_span_1 0.2615  loss_span_2 0.2536
2026-08-28 20:53:01,726 INFO Generate submissions
2026-08-28 20:53:07,084 INFO Saving/Evaluating before nms results
2026-08-28 20:53:11,412 INFO metrics_no_nms OrderedDict([   ('MR-full-R1@0.5', 66.58),
                ('MR-full-R1@0.7', 49.87),
                ('MR-full-mAP', 44.73),
                ('MR-full-mAP@0.5', 66.98),
                ('MR-full-mAP@0.75', 45.95),
                ('MR-long-mAP', 49.72),
                ('MR-middle-mAP', 47.79),
                ('MR-short-mAP', 10.76),
                ('HL-min-Fair-mAP', 77.11),
                ('HL-min-Fair-Hit1', 79.35),
                ('HL-min-Good-mAP', 65.88),
                ('HL-min-Good-Hit1', 77.23),
                ('HL-min-VeryGood-mAP', 40.54),
                ('HL-min-VeryGood-Hit1', 65.55)])
2026-08-28 20:53:11,772 INFO [Epoch 69]
2026-08-28 20:54:10,778 INFO Epoch[69] class_error 37.1031  class_error_0 46.5243  class_error_1 40.2116  class_error_2 37.6915  loss_giou 0.3236  loss_giou_0 0.4000  loss_giou_1 0.3483  loss_giou_2 0.3337  loss_iou_scores 0.0605  loss_iou_scores_0 0.0591  loss_iou_scores_1 0.0596  loss_iou_scores_2 0.0600  loss_label 0.1055  loss_label_0 0.1235  loss_label_1 0.1149  loss_label_2 0.1084  loss_mask_iou 0.0000  loss_mask_iou_0 1.7325  loss_mask_iou_1 1.6967  loss_mask_iou_2 1.6864  loss_overall 12.0706  loss_query_cgp_bind 0.0235  loss_query_cgp_route -0.0240  loss_saliency 2.9842  loss_span 0.2488  loss_span_0 0.3022  loss_span_1 0.2637  loss_span_2 0.2551
2026-08-28 20:54:10,782 INFO Generate submissions
2026-08-28 20:54:17,249 INFO Saving/Evaluating before nms results
2026-08-28 20:54:21,251 INFO metrics_no_nms OrderedDict([   ('MR-full-R1@0.5', 66.0),
                ('MR-full-R1@0.7', 49.94),
                ('MR-full-mAP', 46.05),
                ('MR-full-mAP@0.5', 66.76),
                ('MR-full-mAP@0.75', 46.79),
                ('MR-long-mAP', 54.76),
                ('MR-middle-mAP', 47.3),
                ('MR-short-mAP', 8.97),
                ('HL-min-Fair-mAP', 77.26),
                ('HL-min-Fair-Hit1', 78.13),
                ('HL-min-Good-mAP', 65.86),
                ('HL-min-Good-Hit1', 75.68),
                ('HL-min-VeryGood-mAP', 40.41),
                ('HL-min-VeryGood-Hit1', 64.32)])
2026-08-28 20:54:21,555 INFO [Epoch 70]
2026-08-28 20:55:19,576 INFO Epoch[70] class_error 35.2523  class_error_0 45.1920  class_error_1 38.8140  class_error_2 35.8017  loss_giou 0.3200  loss_giou_0 0.4031  loss_giou_1 0.3461  loss_giou_2 0.3297  loss_iou_scores 0.0591  loss_iou_scores_0 0.0586  loss_iou_scores_1 0.0578  loss_iou_scores_2 0.0590  loss_label 0.1029  loss_label_0 0.1222  loss_label_1 0.1125  loss_label_2 0.1057  loss_mask_iou 0.0000  loss_mask_iou_0 1.7253  loss_mask_iou_1 1.6883  loss_mask_iou_2 1.6743  loss_overall 11.9865  loss_query_cgp_bind 0.0241  loss_query_cgp_route -0.0245  loss_saliency 2.9633  loss_span 0.2460  loss_span_0 0.2991  loss_span_1 0.2595  loss_span_2 0.2516
2026-08-28 20:55:19,580 INFO Generate submissions
2026-08-28 20:55:25,515 INFO Saving/Evaluating before nms results
2026-08-28 20:55:29,770 INFO metrics_no_nms OrderedDict([   ('MR-full-R1@0.5', 66.0),
                ('MR-full-R1@0.7', 49.61),
                ('MR-full-mAP', 46.04),
                ('MR-full-mAP@0.5', 67.35),
                ('MR-full-mAP@0.75', 47.25),
                ('MR-long-mAP', 53.44),
                ('MR-middle-mAP', 47.36),
                ('MR-short-mAP', 10.75),
                ('HL-min-Fair-mAP', 76.56),
                ('HL-min-Fair-Hit1', 78.9),
                ('HL-min-Good-mAP', 65.3),
                ('HL-min-Good-Hit1', 76.65),
                ('HL-min-VeryGood-mAP', 40.14),
                ('HL-min-VeryGood-Hit1', 65.23)])
2026-08-28 20:55:30,069 INFO [Epoch 71]
2026-08-28 20:56:28,407 INFO Epoch[71] class_error 35.5348  class_error_0 45.5261  class_error_1 39.8742  class_error_2 36.4809  loss_giou 0.3183  loss_giou_0 0.3988  loss_giou_1 0.3446  loss_giou_2 0.3278  loss_iou_scores 0.0587  loss_iou_scores_0 0.0571  loss_iou_scores_1 0.0570  loss_iou_scores_2 0.0582  loss_label 0.1034  loss_label_0 0.1215  loss_label_1 0.1131  loss_label_2 0.1065  loss_mask_iou 0.0000  loss_mask_iou_0 1.7301  loss_mask_iou_1 1.6899  loss_mask_iou_2 1.6805  loss_overall 12.0018  loss_query_cgp_bind 0.0230  loss_query_cgp_route -0.0245  loss_saliency 2.9727  loss_span 0.2479  loss_span_0 0.3004  loss_span_1 0.2608  loss_span_2 0.2520
2026-08-28 20:56:28,411 INFO Generate submissions
2026-08-28 20:56:33,661 INFO Saving/Evaluating before nms results
2026-08-28 20:56:37,960 INFO metrics_no_nms OrderedDict([   ('MR-full-R1@0.5', 67.35),
                ('MR-full-R1@0.7', 51.87),
                ('MR-full-mAP', 47.48),
                ('MR-full-mAP@0.5', 68.32),
                ('MR-full-mAP@0.75', 48.67),
                ('MR-long-mAP', 55.06),
                ('MR-middle-mAP', 49.69),
                ('MR-short-mAP', 9.93),
                ('HL-min-Fair-mAP', 76.9),
                ('HL-min-Fair-Hit1', 79.23),
                ('HL-min-Good-mAP', 65.6),
                ('HL-min-Good-Hit1', 76.9),
                ('HL-min-VeryGood-mAP', 40.31),
                ('HL-min-VeryGood-Hit1', 65.48)])
2026-08-28 20:56:38,304 INFO [Best] epoch 71, MR-full-mAP 47.4800
2026-08-28 20:56:38,610 INFO [Epoch 72]
2026-08-28 20:57:36,852 INFO Epoch[72] class_error 35.4776  class_error_0 44.5135  class_error_1 39.3600  class_error_2 36.1716  loss_giou 0.3159  loss_giou_0 0.4024  loss_giou_1 0.3425  loss_giou_2 0.3265  loss_iou_scores 0.0584  loss_iou_scores_0 0.0570  loss_iou_scores_1 0.0573  loss_iou_scores_2 0.0580  loss_label 0.1053  loss_label_0 0.1228  loss_label_1 0.1151  loss_label_2 0.1083  loss_mask_iou 0.0000  loss_mask_iou_0 1.7143  loss_mask_iou_1 1.6718  loss_mask_iou_2 1.6589  loss_overall 11.9136  loss_query_cgp_bind 0.0222  loss_query_cgp_route -0.0244  loss_saliency 2.9617  loss_span 0.2411  loss_span_0 0.2986  loss_span_1 0.2544  loss_span_2 0.2461
2026-08-28 20:57:36,855 INFO Generate submissions
2026-08-28 20:57:42,711 INFO Saving/Evaluating before nms results
2026-08-28 20:57:46,805 INFO metrics_no_nms OrderedDict([   ('MR-full-R1@0.5', 66.52),
                ('MR-full-R1@0.7', 49.74),
                ('MR-full-mAP', 46.17),
                ('MR-full-mAP@0.5', 66.92),
                ('MR-full-mAP@0.75', 47.24),
                ('MR-long-mAP', 52.65),
                ('MR-middle-mAP', 48.48),
                ('MR-short-mAP', 11.02),
                ('HL-min-Fair-mAP', 76.79),
                ('HL-min-Fair-Hit1', 77.42),
                ('HL-min-Good-mAP', 65.64),
                ('HL-min-Good-Hit1', 75.55),
                ('HL-min-VeryGood-mAP', 40.25),
                ('HL-min-VeryGood-Hit1', 63.48)])
2026-08-28 20:57:47,098 INFO [Epoch 73]
2026-08-28 20:58:45,674 INFO Epoch[73] class_error 34.4262  class_error_0 44.3978  class_error_1 38.3806  class_error_2 35.2402  loss_giou 0.3154  loss_giou_0 0.3990  loss_giou_1 0.3414  loss_giou_2 0.3267  loss_iou_scores 0.0573  loss_iou_scores_0 0.0553  loss_iou_scores_1 0.0560  loss_iou_scores_2 0.0562  loss_label 0.1010  loss_label_0 0.1189  loss_label_1 0.1107  loss_label_2 0.1033  loss_mask_iou 0.0000  loss_mask_iou_0 1.7113  loss_mask_iou_1 1.6681  loss_mask_iou_2 1.6605  loss_overall 11.8887  loss_query_cgp_bind 0.0212  loss_query_cgp_route -0.0244  loss_saliency 2.9612  loss_span 0.2430  loss_span_0 0.3002  loss_span_1 0.2561  loss_span_2 0.2488
2026-08-28 20:58:45,678 INFO Generate submissions
2026-08-28 20:58:51,444 INFO Saving/Evaluating before nms results
2026-08-28 20:58:56,065 INFO metrics_no_nms OrderedDict([   ('MR-full-R1@0.5', 67.81),
                ('MR-full-R1@0.7', 51.74),
                ('MR-full-mAP', 47.31),
                ('MR-full-mAP@0.5', 68.67),
                ('MR-full-mAP@0.75', 48.3),
                ('MR-long-mAP', 53.38),
                ('MR-middle-mAP', 50.22),
                ('MR-short-mAP', 10.33),
                ('HL-min-Fair-mAP', 76.91),
                ('HL-min-Fair-Hit1', 78.26),
                ('HL-min-Good-mAP', 65.69),
                ('HL-min-Good-Hit1', 76.39),
                ('HL-min-VeryGood-mAP', 40.44),
                ('HL-min-VeryGood-Hit1', 64.71)])
2026-08-28 20:58:56,412 INFO [Epoch 74]
2026-08-28 20:59:56,351 INFO Epoch[74] class_error 34.5307  class_error_0 43.5347  class_error_1 37.8587  class_error_2 34.4532  loss_giou 0.3148  loss_giou_0 0.3983  loss_giou_1 0.3421  loss_giou_2 0.3248  loss_iou_scores 0.0570  loss_iou_scores_0 0.0554  loss_iou_scores_1 0.0556  loss_iou_scores_2 0.0568  loss_label 0.1021  loss_label_0 0.1182  loss_label_1 0.1092  loss_label_2 0.1035  loss_mask_iou 0.0000  loss_mask_iou_0 1.7125  loss_mask_iou_1 1.6649  loss_mask_iou_2 1.6532  loss_overall 11.8613  loss_query_cgp_bind 0.0227  loss_query_cgp_route -0.0244  loss_saliency 2.9616  loss_span 0.2402  loss_span_0 0.2976  loss_span_1 0.2545  loss_span_2 0.2466
2026-08-28 20:59:56,353 INFO Generate submissions
2026-08-28 21:00:01,760 INFO Saving/Evaluating before nms results
2026-08-28 21:00:06,296 INFO metrics_no_nms OrderedDict([   ('MR-full-R1@0.5', 67.94),
                ('MR-full-R1@0.7', 52.52),
                ('MR-full-mAP', 47.14),
                ('MR-full-mAP@0.5', 68.19),
                ('MR-full-mAP@0.75', 48.36),
                ('MR-long-mAP', 54.26),
                ('MR-middle-mAP', 49.27),
                ('MR-short-mAP', 11.21),
                ('HL-min-Fair-mAP', 77.29),
                ('HL-min-Fair-Hit1', 77.61),
                ('HL-min-Good-mAP', 66.08),
                ('HL-min-Good-Hit1', 75.42),
                ('HL-min-VeryGood-mAP', 40.42),
                ('HL-min-VeryGood-Hit1', 64.32)])
2026-08-28 21:00:06,631 INFO [Epoch 75]
2026-08-28 21:01:07,245 INFO Epoch[75] class_error 34.4563  class_error_0 44.3600  class_error_1 38.1319  class_error_2 35.1099  loss_giou 0.3113  loss_giou_0 0.3968  loss_giou_1 0.3389  loss_giou_2 0.3215  loss_iou_scores 0.0578  loss_iou_scores_0 0.0562  loss_iou_scores_1 0.0567  loss_iou_scores_2 0.0579  loss_label 0.1010  loss_label_0 0.1185  loss_label_1 0.1093  loss_label_2 0.1034  loss_mask_iou 0.0000  loss_mask_iou_0 1.6886  loss_mask_iou_1 1.6522  loss_mask_iou_2 1.6364  loss_overall 11.7932  loss_query_cgp_bind 0.0229  loss_query_cgp_route -0.0245  loss_saliency 2.9631  loss_span 0.2386  loss_span_0 0.2928  loss_span_1 0.2528  loss_span_2 0.2446
2026-08-28 21:01:07,249 INFO Generate submissions
2026-08-28 21:01:13,657 INFO Saving/Evaluating before nms results
2026-08-28 21:01:17,964 INFO metrics_no_nms OrderedDict([   ('MR-full-R1@0.5', 66.06),
                ('MR-full-R1@0.7', 49.55),
                ('MR-full-mAP', 45.6),
                ('MR-full-mAP@0.5', 67.25),
                ('MR-full-mAP@0.75', 46.77),
                ('MR-long-mAP', 50.83),
                ('MR-middle-mAP', 48.89),
                ('MR-short-mAP', 10.54),
                ('HL-min-Fair-mAP', 77.31),
                ('HL-min-Fair-Hit1', 78.39),
                ('HL-min-Good-mAP', 66.13),
                ('HL-min-Good-Hit1', 76.13),
                ('HL-min-VeryGood-mAP', 40.71),
                ('HL-min-VeryGood-Hit1', 65.35)])
2026-08-28 21:01:18,270 INFO [Epoch 76]
2026-08-28 21:02:17,608 INFO Epoch[76] class_error 33.7922  class_error_0 42.1528  class_error_1 36.4354  class_error_2 34.8355  loss_giou 0.3143  loss_giou_0 0.3959  loss_giou_1 0.3396  loss_giou_2 0.3248  loss_iou_scores 0.0567  loss_iou_scores_0 0.0566  loss_iou_scores_1 0.0557  loss_iou_scores_2 0.0570  loss_label 0.0995  loss_label_0 0.1164  loss_label_1 0.1072  loss_label_2 0.1021  loss_mask_iou 0.0000  loss_mask_iou_0 1.6960  loss_mask_iou_1 1.6630  loss_mask_iou_2 1.6505  loss_overall 11.8096  loss_query_cgp_bind 0.0210  loss_query_cgp_route -0.0244  loss_saliency 2.9491  loss_span 0.2395  loss_span_0 0.2939  loss_span_1 0.2539  loss_span_2 0.2437
2026-08-28 21:02:17,613 INFO Generate submissions
2026-08-28 21:02:24,377 INFO Saving/Evaluating before nms results
2026-08-28 21:02:28,674 INFO metrics_no_nms OrderedDict([   ('MR-full-R1@0.5', 66.06),
                ('MR-full-R1@0.7', 49.87),
                ('MR-full-mAP', 44.59),
                ('MR-full-mAP@0.5', 67.06),
                ('MR-full-mAP@0.75', 46.18),
                ('MR-long-mAP', 49.52),
                ('MR-middle-mAP', 47.56),
                ('MR-short-mAP', 11.17),
                ('HL-min-Fair-mAP', 76.98),
                ('HL-min-Fair-Hit1', 78.71),
                ('HL-min-Good-mAP', 65.67),
                ('HL-min-Good-Hit1', 76.9),
                ('HL-min-VeryGood-mAP', 40.28),
                ('HL-min-VeryGood-Hit1', 64.58)])
2026-08-28 21:02:28,996 INFO [Epoch 77]
2026-08-28 21:03:27,246 INFO Epoch[77] class_error 33.3969  class_error_0 44.1219  class_error_1 37.4266  class_error_2 34.1446  loss_giou 0.3146  loss_giou_0 0.3938  loss_giou_1 0.3390  loss_giou_2 0.3261  loss_iou_scores 0.0574  loss_iou_scores_0 0.0561  loss_iou_scores_1 0.0561  loss_iou_scores_2 0.0568  loss_label 0.0994  loss_label_0 0.1188  loss_label_1 0.1074  loss_label_2 0.1021  loss_mask_iou 0.0000  loss_mask_iou_0 1.6937  loss_mask_iou_1 1.6650  loss_mask_iou_2 1.6531  loss_overall 11.8030  loss_query_cgp_bind 0.0214  loss_query_cgp_route -0.0245  loss_saliency 2.9465  loss_span 0.2385  loss_span_0 0.2881  loss_span_1 0.2523  loss_span_2 0.2430
2026-08-28 21:03:27,249 INFO Generate submissions
2026-08-28 21:03:33,045 INFO Saving/Evaluating before nms results
2026-08-28 21:03:37,335 INFO metrics_no_nms OrderedDict([   ('MR-full-R1@0.5', 66.19),
                ('MR-full-R1@0.7', 50.0),
                ('MR-full-mAP', 45.85),
                ('MR-full-mAP@0.5', 66.29),
                ('MR-full-mAP@0.75', 46.53),
                ('MR-long-mAP', 51.91),
                ('MR-middle-mAP', 48.77),
                ('MR-short-mAP', 9.93),
                ('HL-min-Fair-mAP', 76.79),
                ('HL-min-Fair-Hit1', 77.35),
                ('HL-min-Good-mAP', 65.71),
                ('HL-min-Good-Hit1', 75.61),
                ('HL-min-VeryGood-mAP', 40.2),
                ('HL-min-VeryGood-Hit1', 63.68)])
2026-08-28 21:03:37,704 INFO [Epoch 78]
2026-08-28 21:04:35,592 INFO Epoch[78] class_error 33.2768  class_error_0 43.5947  class_error_1 36.1368  class_error_2 33.9000  loss_giou 0.3087  loss_giou_0 0.3907  loss_giou_1 0.3357  loss_giou_2 0.3205  loss_iou_scores 0.0576  loss_iou_scores_0 0.0559  loss_iou_scores_1 0.0561  loss_iou_scores_2 0.0574  loss_label 0.0996  loss_label_0 0.1187  loss_label_1 0.1085  loss_label_2 0.1021  loss_mask_iou 0.0000  loss_mask_iou_0 1.6572  loss_mask_iou_1 1.6345  loss_mask_iou_2 1.6243  loss_overall 11.6993  loss_query_cgp_bind 0.0216  loss_query_cgp_route -0.0244  loss_saliency 2.9547  loss_span 0.2391  loss_span_0 0.2897  loss_span_1 0.2521  loss_span_2 0.2454
2026-08-28 21:04:35,596 INFO Generate submissions
2026-08-28 21:04:40,977 INFO Saving/Evaluating before nms results
2026-08-28 21:04:45,366 INFO metrics_no_nms OrderedDict([   ('MR-full-R1@0.5', 67.55),
                ('MR-full-R1@0.7', 51.23),
                ('MR-full-mAP', 46.38),
                ('MR-full-mAP@0.5', 67.89),
                ('MR-full-mAP@0.75', 47.23),
                ('MR-long-mAP', 54.41),
                ('MR-middle-mAP', 47.7),
                ('MR-short-mAP', 10.78),
                ('HL-min-Fair-mAP', 76.92),
                ('HL-min-Fair-Hit1', 79.03),
                ('HL-min-Good-mAP', 65.77),
                ('HL-min-Good-Hit1', 76.97),
                ('HL-min-VeryGood-mAP', 40.37),
                ('HL-min-VeryGood-Hit1', 65.61)])
2026-08-28 21:04:45,664 INFO [Epoch 79]
2026-08-28 21:05:45,404 INFO Epoch[79] class_error 32.7129  class_error_0 41.6077  class_error_1 36.5303  class_error_2 33.5012  loss_giou 0.3128  loss_giou_0 0.3984  loss_giou_1 0.3409  loss_giou_2 0.3249  loss_iou_scores 0.0578  loss_iou_scores_0 0.0562  loss_iou_scores_1 0.0579  loss_iou_scores_2 0.0575  loss_label 0.0996  loss_label_0 0.1163  loss_label_1 0.1093  loss_label_2 0.1023  loss_mask_iou 0.0000  loss_mask_iou_0 1.6745  loss_mask_iou_1 1.6342  loss_mask_iou_2 1.6267  loss_overall 11.7500  loss_query_cgp_bind 0.0223  loss_query_cgp_route -0.0244  loss_saliency 2.9502  loss_span 0.2420  loss_span_0 0.2968  loss_span_1 0.2551  loss_span_2 0.2471
2026-08-28 21:05:45,408 INFO Generate submissions
2026-08-28 21:05:51,355 INFO Saving/Evaluating before nms results
2026-08-28 21:05:55,753 INFO metrics_no_nms OrderedDict([   ('MR-full-R1@0.5', 67.68),
                ('MR-full-R1@0.7', 51.94),
                ('MR-full-mAP', 47.69),
                ('MR-full-mAP@0.5', 68.35),
                ('MR-full-mAP@0.75', 48.69),
                ('MR-long-mAP', 53.9),
                ('MR-middle-mAP', 50.43),
                ('MR-short-mAP', 11.12),
                ('HL-min-Fair-mAP', 77.14),
                ('HL-min-Fair-Hit1', 78.39),
                ('HL-min-Good-mAP', 65.84),
                ('HL-min-Good-Hit1', 76.58),
                ('HL-min-VeryGood-mAP', 40.07),
                ('HL-min-VeryGood-Hit1', 63.48)])
2026-08-28 21:05:56,093 INFO [Best] epoch 79, MR-full-mAP 47.6900
2026-08-28 21:05:56,377 INFO [Epoch 80]
2026-08-28 21:06:55,189 INFO Epoch[80] class_error 34.5193  class_error_0 42.7174  class_error_1 38.1752  class_error_2 34.9969  loss_giou 0.3070  loss_giou_0 0.3899  loss_giou_1 0.3340  loss_giou_2 0.3183  loss_iou_scores 0.0582  loss_iou_scores_0 0.0577  loss_iou_scores_1 0.0571  loss_iou_scores_2 0.0576  loss_label 0.1013  loss_label_0 0.1183  loss_label_1 0.1092  loss_label_2 0.1044  loss_mask_iou 0.0000  loss_mask_iou_0 1.6523  loss_mask_iou_1 1.6207  loss_mask_iou_2 1.6060  loss_overall 11.6379  loss_query_cgp_bind 0.0208  loss_query_cgp_route -0.0244  loss_saliency 2.9497  loss_span 0.2334  loss_span_0 0.2892  loss_span_1 0.2493  loss_span_2 0.2388
2026-08-28 21:06:55,192 INFO Generate submissions
2026-08-28 21:07:01,009 INFO Saving/Evaluating before nms results
2026-08-28 21:07:05,067 INFO metrics_no_nms OrderedDict([   ('MR-full-R1@0.5', 66.39),
                ('MR-full-R1@0.7', 49.16),
                ('MR-full-mAP', 46.93),
                ('MR-full-mAP@0.5', 67.66),
                ('MR-full-mAP@0.75', 47.21),
                ('MR-long-mAP', 56.54),
                ('MR-middle-mAP', 47.46),
                ('MR-short-mAP', 9.96),
                ('HL-min-Fair-mAP', 76.87),
                ('HL-min-Fair-Hit1', 78.26),
                ('HL-min-Good-mAP', 65.91),
                ('HL-min-Good-Hit1', 76.32),
                ('HL-min-VeryGood-mAP', 40.57),
                ('HL-min-VeryGood-Hit1', 64.71)])
2026-08-28 21:07:05,361 INFO [Epoch 81]
2026-08-28 21:08:03,587 INFO Epoch[81] class_error 33.5682  class_error_0 42.5211  class_error_1 37.7266  class_error_2 33.8618  loss_giou 0.3072  loss_giou_0 0.3943  loss_giou_1 0.3351  loss_giou_2 0.3190  loss_iou_scores 0.0590  loss_iou_scores_0 0.0563  loss_iou_scores_1 0.0571  loss_iou_scores_2 0.0581  loss_label 0.0992  loss_label_0 0.1172  loss_label_1 0.1079  loss_label_2 0.1018  loss_mask_iou 0.0000  loss_mask_iou_0 1.6632  loss_mask_iou_1 1.6246  loss_mask_iou_2 1.6101  loss_overall 11.6710  loss_query_cgp_bind 0.0221  loss_query_cgp_route -0.0246  loss_saliency 2.9521  loss_span 0.2353  loss_span_0 0.2905  loss_span_1 0.2494  loss_span_2 0.2407
2026-08-28 21:08:03,590 INFO Generate submissions
2026-08-28 21:08:09,481 INFO Saving/Evaluating before nms results
2026-08-28 21:08:13,967 INFO metrics_no_nms OrderedDict([   ('MR-full-R1@0.5', 66.39),
                ('MR-full-R1@0.7', 50.97),
                ('MR-full-mAP', 46.87),
                ('MR-full-mAP@0.5', 67.82),
                ('MR-full-mAP@0.75', 47.73),
                ('MR-long-mAP', 53.15),
                ('MR-middle-mAP', 48.89),
                ('MR-short-mAP', 11.61),
                ('HL-min-Fair-mAP', 77.41),
                ('HL-min-Fair-Hit1', 79.03),
                ('HL-min-Good-mAP', 66.39),
                ('HL-min-Good-Hit1', 76.58),
                ('HL-min-VeryGood-mAP', 40.75),
                ('HL-min-VeryGood-Hit1', 65.48)])
2026-08-28 21:08:14,268 INFO [Epoch 82]
2026-08-28 21:09:12,259 INFO Epoch[82] class_error 32.7160  class_error_0 41.3962  class_error_1 35.6551  class_error_2 34.1086  loss_giou 0.3071  loss_giou_0 0.3884  loss_giou_1 0.3355  loss_giou_2 0.3198  loss_iou_scores 0.0557  loss_iou_scores_0 0.0551  loss_iou_scores_1 0.0543  loss_iou_scores_2 0.0552  loss_label 0.0973  loss_label_0 0.1148  loss_label_1 0.1057  loss_label_2 0.1005  loss_mask_iou 0.0000  loss_mask_iou_0 1.6372  loss_mask_iou_1 1.6171  loss_mask_iou_2 1.6059  loss_overall 11.5981  loss_query_cgp_bind 0.0214  loss_query_cgp_route -0.0244  loss_saliency 2.9478  loss_span 0.2352  loss_span_0 0.2884  loss_span_1 0.2501  loss_span_2 0.2416
2026-08-28 21:09:12,263 INFO Generate submissions
2026-08-28 21:09:18,081 INFO Saving/Evaluating before nms results
2026-08-28 21:09:22,372 INFO metrics_no_nms OrderedDict([   ('MR-full-R1@0.5', 66.77),
                ('MR-full-R1@0.7', 51.42),
                ('MR-full-mAP', 47.31),
                ('MR-full-mAP@0.5', 67.56),
                ('MR-full-mAP@0.75', 48.53),
                ('MR-long-mAP', 55.74),
                ('MR-middle-mAP', 48.5),
                ('MR-short-mAP', 10.96),
                ('HL-min-Fair-mAP', 77.06),
                ('HL-min-Fair-Hit1', 78.71),
                ('HL-min-Good-mAP', 65.77),
                ('HL-min-Good-Hit1', 76.39),
                ('HL-min-VeryGood-mAP', 40.06),
                ('HL-min-VeryGood-Hit1', 64.19)])
2026-08-28 21:09:22,745 INFO [Epoch 83]
2026-08-28 21:10:19,810 INFO Epoch[83] class_error 32.7802  class_error_0 41.1822  class_error_1 36.2667  class_error_2 33.7639  loss_giou 0.3047  loss_giou_0 0.3916  loss_giou_1 0.3318  loss_giou_2 0.3149  loss_iou_scores 0.0569  loss_iou_scores_0 0.0559  loss_iou_scores_1 0.0552  loss_iou_scores_2 0.0565  loss_label 0.0994  loss_label_0 0.1141  loss_label_1 0.1059  loss_label_2 0.1020  loss_mask_iou 0.0000  loss_mask_iou_0 1.6461  loss_mask_iou_1 1.6060  loss_mask_iou_2 1.5928  loss_overall 11.5658  loss_query_cgp_bind 0.0199  loss_query_cgp_route -0.0247  loss_saliency 2.9478  loss_span 0.2304  loss_span_0 0.2894  loss_span_1 0.2452  loss_span_2 0.2355
2026-08-28 21:10:19,813 INFO Generate submissions
2026-08-28 21:10:25,819 INFO Saving/Evaluating before nms results
2026-08-28 21:10:30,115 INFO metrics_no_nms OrderedDict([   ('MR-full-R1@0.5', 66.9),
                ('MR-full-R1@0.7', 49.87),
                ('MR-full-mAP', 46.81),
                ('MR-full-mAP@0.5', 68.07),
                ('MR-full-mAP@0.75', 47.28),
                ('MR-long-mAP', 55.36),
                ('MR-middle-mAP', 47.94),
                ('MR-short-mAP', 10.83),
                ('HL-min-Fair-mAP', 77.52),
                ('HL-min-Fair-Hit1', 78.71),
                ('HL-min-Good-mAP', 66.25),
                ('HL-min-Good-Hit1', 76.52),
                ('HL-min-VeryGood-mAP', 40.67),
                ('HL-min-VeryGood-Hit1', 65.55)])
2026-08-28 21:10:30,400 INFO [Epoch 84]
2026-08-28 21:11:29,434 INFO Epoch[84] class_error 33.0544  class_error_0 41.7824  class_error_1 36.2311  class_error_2 33.7632  loss_giou 0.3114  loss_giou_0 0.3979  loss_giou_1 0.3378  loss_giou_2 0.3214  loss_iou_scores 0.0561  loss_iou_scores_0 0.0552  loss_iou_scores_1 0.0553  loss_iou_scores_2 0.0558  loss_label 0.0977  loss_label_0 0.1148  loss_label_1 0.1061  loss_label_2 0.1001  loss_mask_iou 0.0000  loss_mask_iou_0 1.6676  loss_mask_iou_1 1.6346  loss_mask_iou_2 1.6221  loss_overall 11.6925  loss_query_cgp_bind 0.0221  loss_query_cgp_route -0.0243  loss_saliency 2.9453  loss_span 0.2357  loss_span_0 0.2951  loss_span_1 0.2514  loss_span_2 0.2415
2026-08-28 21:11:29,436 INFO Generate submissions
2026-08-28 21:11:35,483 INFO Saving/Evaluating before nms results
2026-08-28 21:11:39,835 INFO metrics_no_nms OrderedDict([   ('MR-full-R1@0.5', 67.16),
                ('MR-full-R1@0.7', 50.77),
                ('MR-full-mAP', 47.16),
                ('MR-full-mAP@0.5', 68.04),
                ('MR-full-mAP@0.75', 48.41),
                ('MR-long-mAP', 53.19),
                ('MR-middle-mAP', 50.16),
                ('MR-short-mAP', 10.89),
                ('HL-min-Fair-mAP', 77.52),
                ('HL-min-Fair-Hit1', 80.0),
                ('HL-min-Good-mAP', 66.19),
                ('HL-min-Good-Hit1', 77.48),
                ('HL-min-VeryGood-mAP', 40.56),
                ('HL-min-VeryGood-Hit1', 65.94)])
2026-08-28 21:11:40,150 INFO [Epoch 85]
2026-08-28 21:12:39,174 INFO Epoch[85] class_error 32.5477  class_error_0 41.3362  class_error_1 35.6942  class_error_2 32.6233  loss_giou 0.3041  loss_giou_0 0.3910  loss_giou_1 0.3333  loss_giou_2 0.3158  loss_iou_scores 0.0564  loss_iou_scores_0 0.0557  loss_iou_scores_1 0.0551  loss_iou_scores_2 0.0561  loss_label 0.0958  loss_label_0 0.1143  loss_label_1 0.1048  loss_label_2 0.0990  loss_mask_iou 0.0000  loss_mask_iou_0 1.6426  loss_mask_iou_1 1.6182  loss_mask_iou_2 1.6031  loss_overall 11.5634  loss_query_cgp_bind 0.0199  loss_query_cgp_route -0.0244  loss_saliency 2.9355  loss_span 0.2307  loss_span_0 0.2857  loss_span_1 0.2451  loss_span_2 0.2365
2026-08-28 21:12:39,177 INFO Generate submissions
2026-08-28 21:12:45,233 INFO Saving/Evaluating before nms results
2026-08-28 21:12:49,689 INFO metrics_no_nms OrderedDict([   ('MR-full-R1@0.5', 68.26),
                ('MR-full-R1@0.7', 51.55),
                ('MR-full-mAP', 47.76),
                ('MR-full-mAP@0.5', 68.8),
                ('MR-full-mAP@0.75', 48.38),
                ('MR-long-mAP', 54.87),
                ('MR-middle-mAP', 50.01),
                ('MR-short-mAP', 10.24),
                ('HL-min-Fair-mAP', 77.65),
                ('HL-min-Fair-Hit1', 80.0),
                ('HL-min-Good-mAP', 66.35),
                ('HL-min-Good-Hit1', 77.74),
                ('HL-min-VeryGood-mAP', 40.59),
                ('HL-min-VeryGood-Hit1', 66.19)])
2026-08-28 21:12:50,018 INFO [Best] epoch 85, MR-full-mAP 47.7600
2026-08-28 21:12:50,336 INFO [Epoch 86]
2026-08-28 21:13:50,902 INFO Epoch[86] class_error 32.3056  class_error_0 41.7805  class_error_1 34.9274  class_error_2 33.1053  loss_giou 0.3041  loss_giou_0 0.3862  loss_giou_1 0.3301  loss_giou_2 0.3157  loss_iou_scores 0.0559  loss_iou_scores_0 0.0537  loss_iou_scores_1 0.0541  loss_iou_scores_2 0.0552  loss_label 0.0966  loss_label_0 0.1132  loss_label_1 0.1045  loss_label_2 0.0994  loss_mask_iou 0.0000  loss_mask_iou_0 1.6378  loss_mask_iou_1 1.6038  loss_mask_iou_2 1.5883  loss_overall 11.5236  loss_query_cgp_bind 0.0193  loss_query_cgp_route -0.0244  loss_saliency 2.9448  loss_span 0.2294  loss_span_0 0.2848  loss_span_1 0.2440  loss_span_2 0.2358
2026-08-28 21:13:50,904 INFO Generate submissions
2026-08-28 21:13:56,167 INFO Saving/Evaluating before nms results
2026-08-28 21:14:00,517 INFO metrics_no_nms OrderedDict([   ('MR-full-R1@0.5', 67.48),
                ('MR-full-R1@0.7', 51.68),
                ('MR-full-mAP', 47.82),
                ('MR-full-mAP@0.5', 68.18),
                ('MR-full-mAP@0.75', 48.88),
                ('MR-long-mAP', 56.2),
                ('MR-middle-mAP', 49.34),
                ('MR-short-mAP', 10.66),
                ('HL-min-Fair-mAP', 77.07),
                ('HL-min-Fair-Hit1', 78.97),
                ('HL-min-Good-mAP', 66.0),
                ('HL-min-Good-Hit1', 77.03),
                ('HL-min-VeryGood-mAP', 40.58),
                ('HL-min-VeryGood-Hit1', 66.65)])
2026-08-28 21:14:00,882 INFO [Best] epoch 86, MR-full-mAP 47.8200
2026-08-28 21:14:01,210 INFO [Epoch 87]
2026-08-28 21:15:00,565 INFO Epoch[87] class_error 33.3313  class_error_0 42.3804  class_error_1 36.4326  class_error_2 33.9787  loss_giou 0.3024  loss_giou_0 0.3855  loss_giou_1 0.3279  loss_giou_2 0.3129  loss_iou_scores 0.0575  loss_iou_scores_0 0.0546  loss_iou_scores_1 0.0560  loss_iou_scores_2 0.0575  loss_label 0.0984  loss_label_0 0.1144  loss_label_1 0.1075  loss_label_2 0.1015  loss_mask_iou 0.0000  loss_mask_iou_0 1.6265  loss_mask_iou_1 1.5880  loss_mask_iou_2 1.5708  loss_overall 11.4778  loss_query_cgp_bind 0.0201  loss_query_cgp_route -0.0245  loss_saliency 2.9403  loss_span 0.2297  loss_span_0 0.2839  loss_span_1 0.2443  loss_span_2 0.2352
2026-08-28 21:15:00,567 INFO Generate submissions
2026-08-28 21:15:06,451 INFO Saving/Evaluating before nms results
2026-08-28 21:15:10,655 INFO metrics_no_nms OrderedDict([   ('MR-full-R1@0.5', 67.48),
                ('MR-full-R1@0.7', 52.26),
                ('MR-full-mAP', 47.85),
                ('MR-full-mAP@0.5', 68.22),
                ('MR-full-mAP@0.75', 49.0),
                ('MR-long-mAP', 54.27),
                ('MR-middle-mAP', 50.06),
                ('MR-short-mAP', 11.89),
                ('HL-min-Fair-mAP', 77.55),
                ('HL-min-Fair-Hit1', 79.81),
                ('HL-min-Good-mAP', 66.26),
                ('HL-min-Good-Hit1', 77.61),
                ('HL-min-VeryGood-mAP', 40.42),
                ('HL-min-VeryGood-Hit1', 65.48)])
2026-08-28 21:15:10,982 INFO [Best] epoch 87, MR-full-mAP 47.8500
2026-08-28 21:15:11,251 INFO [Epoch 88]
2026-08-28 21:16:10,152 INFO Epoch[88] class_error 31.7409  class_error_0 40.6311  class_error_1 36.0183  class_error_2 32.8581  loss_giou 0.3035  loss_giou_0 0.3861  loss_giou_1 0.3281  loss_giou_2 0.3137  loss_iou_scores 0.0552  loss_iou_scores_0 0.0541  loss_iou_scores_1 0.0548  loss_iou_scores_2 0.0553  loss_label 0.0963  loss_label_0 0.1133  loss_label_1 0.1058  loss_label_2 0.0996  loss_mask_iou 0.0000  loss_mask_iou_0 1.6205  loss_mask_iou_1 1.5939  loss_mask_iou_2 1.5796  loss_overall 11.4490  loss_query_cgp_bind 0.0201  loss_query_cgp_route -0.0244  loss_saliency 2.9353  loss_span 0.2261  loss_span_0 0.2805  loss_span_1 0.2381  loss_span_2 0.2306
2026-08-28 21:16:10,156 INFO Generate submissions
2026-08-28 21:16:16,159 INFO Saving/Evaluating before nms results
2026-08-28 21:16:20,474 INFO metrics_no_nms OrderedDict([   ('MR-full-R1@0.5', 66.77),
                ('MR-full-R1@0.7', 51.94),
                ('MR-full-mAP', 47.8),
                ('MR-full-mAP@0.5', 68.09),
                ('MR-full-mAP@0.75', 49.07),
                ('MR-long-mAP', 53.58),
                ('MR-middle-mAP', 50.55),
                ('MR-short-mAP', 11.15),
                ('HL-min-Fair-mAP', 77.01),
                ('HL-min-Fair-Hit1', 78.39),
                ('HL-min-Good-mAP', 65.8),
                ('HL-min-Good-Hit1', 76.39),
                ('HL-min-VeryGood-mAP', 40.38),
                ('HL-min-VeryGood-Hit1', 64.58)])
2026-08-28 21:16:20,777 INFO [Epoch 89]
2026-08-28 21:17:21,681 INFO Epoch[89] class_error 31.8656  class_error_0 40.8809  class_error_1 35.2658  class_error_2 32.7564  loss_giou 0.2999  loss_giou_0 0.3806  loss_giou_1 0.3246  loss_giou_2 0.3120  loss_iou_scores 0.0564  loss_iou_scores_0 0.0559  loss_iou_scores_1 0.0549  loss_iou_scores_2 0.0564  loss_label 0.0973  loss_label_0 0.1147  loss_label_1 0.1060  loss_label_2 0.1003  loss_mask_iou 0.0000  loss_mask_iou_0 1.6143  loss_mask_iou_1 1.5719  loss_mask_iou_2 1.5613  loss_overall 11.3795  loss_query_cgp_bind 0.0183  loss_query_cgp_route -0.0243  loss_saliency 2.9308  loss_span 0.2235  loss_span_0 0.2759  loss_span_1 0.2357  loss_span_2 0.2294
2026-08-28 21:17:21,686 INFO Generate submissions
2026-08-28 21:17:28,007 INFO Saving/Evaluating before nms results
2026-08-28 21:17:31,987 INFO metrics_no_nms OrderedDict([   ('MR-full-R1@0.5', 65.55),
                ('MR-full-R1@0.7', 50.13),
                ('MR-full-mAP', 45.16),
                ('MR-full-mAP@0.5', 67.05),
                ('MR-full-mAP@0.75', 46.38),
                ('MR-long-mAP', 50.41),
                ('MR-middle-mAP', 47.68),
                ('MR-short-mAP', 11.8),
                ('HL-min-Fair-mAP', 77.4),
                ('HL-min-Fair-Hit1', 80.0),
                ('HL-min-Good-mAP', 66.13),
                ('HL-min-Good-Hit1', 77.68),
                ('HL-min-VeryGood-mAP', 40.76),
                ('HL-min-VeryGood-Hit1', 66.39)])
2026-08-28 21:17:32,326 INFO [Epoch 90]
2026-08-28 21:18:32,250 INFO Epoch[90] class_error 32.6776  class_error_0 41.2562  class_error_1 35.9743  class_error_2 33.5176  loss_giou 0.3001  loss_giou_0 0.3908  loss_giou_1 0.3315  loss_giou_2 0.3133  loss_iou_scores 0.0582  loss_iou_scores_0 0.0564  loss_iou_scores_1 0.0561  loss_iou_scores_2 0.0579  loss_label 0.0970  loss_label_0 0.1140  loss_label_1 0.1051  loss_label_2 0.0998  loss_mask_iou 0.0000  loss_mask_iou_0 1.6286  loss_mask_iou_1 1.5950  loss_mask_iou_2 1.5740  loss_overall 11.4863  loss_query_cgp_bind 0.0209  loss_query_cgp_route -0.0245  loss_saliency 2.9423  loss_span 0.2261  loss_span_0 0.2833  loss_span_1 0.2436  loss_span_2 0.2326
2026-08-28 21:18:32,254 INFO Generate submissions
2026-08-28 21:18:38,134 INFO Saving/Evaluating before nms results
2026-08-28 21:18:41,990 INFO metrics_no_nms OrderedDict([   ('MR-full-R1@0.5', 66.0),
                ('MR-full-R1@0.7', 50.52),
                ('MR-full-mAP', 46.93),
                ('MR-full-mAP@0.5', 67.73),
                ('MR-full-mAP@0.75', 47.45),
                ('MR-long-mAP', 53.98),
                ('MR-middle-mAP', 48.56),
                ('MR-short-mAP', 11.44),
                ('HL-min-Fair-mAP', 76.8),
                ('HL-min-Fair-Hit1', 78.26),
                ('HL-min-Good-mAP', 65.62),
                ('HL-min-Good-Hit1', 76.13),
                ('HL-min-VeryGood-mAP', 40.32),
                ('HL-min-VeryGood-Hit1', 65.29)])
2026-08-28 21:18:42,258 INFO [Epoch 91]
2026-08-28 21:19:41,046 INFO Epoch[91] class_error 31.5310  class_error_0 40.2204  class_error_1 35.5479  class_error_2 31.8225  loss_giou 0.2983  loss_giou_0 0.3832  loss_giou_1 0.3252  loss_giou_2 0.3111  loss_iou_scores 0.0582  loss_iou_scores_0 0.0559  loss_iou_scores_1 0.0569  loss_iou_scores_2 0.0577  loss_label 0.0954  loss_label_0 0.1117  loss_label_1 0.1043  loss_label_2 0.0979  loss_mask_iou 0.0000  loss_mask_iou_0 1.6084  loss_mask_iou_1 1.5665  loss_mask_iou_2 1.5555  loss_overall 11.3706  loss_query_cgp_bind 0.0189  loss_query_cgp_route -0.0245  loss_saliency 2.9324  loss_span 0.2250  loss_span_0 0.2795  loss_span_1 0.2386  loss_span_2 0.2307
2026-08-28 21:19:41,049 INFO Generate submissions
2026-08-28 21:19:46,508 INFO Saving/Evaluating before nms results
2026-08-28 21:19:51,658 INFO metrics_no_nms OrderedDict([   ('MR-full-R1@0.5', 66.26),
                ('MR-full-R1@0.7', 49.74),
                ('MR-full-mAP', 47.26),
                ('MR-full-mAP@0.5', 67.78),
                ('MR-full-mAP@0.75', 47.89),
                ('MR-long-mAP', 53.35),
                ('MR-middle-mAP', 50.0),
                ('MR-short-mAP', 10.4),
                ('HL-min-Fair-mAP', 77.91),
                ('HL-min-Fair-Hit1', 80.45),
                ('HL-min-Good-mAP', 66.63),
                ('HL-min-Good-Hit1', 78.39),
                ('HL-min-VeryGood-mAP', 40.86),
                ('HL-min-VeryGood-Hit1', 66.45)])
2026-08-28 21:19:51,956 INFO [Epoch 92]
2026-08-28 21:20:50,816 INFO Epoch[92] class_error 31.6125  class_error_0 40.1597  class_error_1 36.0061  class_error_2 32.8604  loss_giou 0.3010  loss_giou_0 0.3883  loss_giou_1 0.3268  loss_giou_2 0.3113  loss_iou_scores 0.0571  loss_iou_scores_0 0.0558  loss_iou_scores_1 0.0564  loss_iou_scores_2 0.0577  loss_label 0.0954  loss_label_0 0.1115  loss_label_1 0.1054  loss_label_2 0.0989  loss_mask_iou 0.0000  loss_mask_iou_0 1.6156  loss_mask_iou_1 1.5740  loss_mask_iou_2 1.5717  loss_overall 11.4153  loss_query_cgp_bind 0.0202  loss_query_cgp_route -0.0244  loss_saliency 2.9337  loss_span 0.2253  loss_span_0 0.2819  loss_span_1 0.2384  loss_span_2 0.2299
2026-08-28 21:20:50,819 INFO Generate submissions
2026-08-28 21:20:55,958 INFO Saving/Evaluating before nms results
2026-08-28 21:21:00,360 INFO metrics_no_nms OrderedDict([   ('MR-full-R1@0.5', 67.03),
                ('MR-full-R1@0.7', 50.9),
                ('MR-full-mAP', 47.02),
                ('MR-full-mAP@0.5', 67.64),
                ('MR-full-mAP@0.75', 48.16),
                ('MR-long-mAP', 53.33),
                ('MR-middle-mAP', 48.93),
                ('MR-short-mAP', 11.62),
                ('HL-min-Fair-mAP', 77.4),
                ('HL-min-Fair-Hit1', 80.13),
                ('HL-min-Good-mAP', 66.17),
                ('HL-min-Good-Hit1', 77.87),
                ('HL-min-VeryGood-mAP', 40.68),
                ('HL-min-VeryGood-Hit1', 66.45)])
2026-08-28 21:21:00,794 INFO [Epoch 93]
2026-08-28 21:21:59,669 INFO Epoch[93] class_error 31.0426  class_error_0 39.8539  class_error_1 35.1933  class_error_2 32.9742  loss_giou 0.3006  loss_giou_0 0.3862  loss_giou_1 0.3270  loss_giou_2 0.3132  loss_iou_scores 0.0546  loss_iou_scores_0 0.0533  loss_iou_scores_1 0.0541  loss_iou_scores_2 0.0543  loss_label 0.0944  loss_label_0 0.1112  loss_label_1 0.1039  loss_label_2 0.0979  loss_mask_iou 0.0000  loss_mask_iou_0 1.6148  loss_mask_iou_1 1.5694  loss_mask_iou_2 1.5613  loss_overall 11.3548  loss_query_cgp_bind 0.0174  loss_query_cgp_route -0.0245  loss_saliency 2.9252  loss_span 0.2211  loss_span_0 0.2775  loss_span_1 0.2355  loss_span_2 0.2261
2026-08-28 21:21:59,672 INFO Generate submissions
2026-08-28 21:22:05,786 INFO Saving/Evaluating before nms results
2026-08-28 21:22:10,742 INFO metrics_no_nms OrderedDict([   ('MR-full-R1@0.5', 66.26),
                ('MR-full-R1@0.7', 50.13),
                ('MR-full-mAP', 45.2),
                ('MR-full-mAP@0.5', 67.52),
                ('MR-full-mAP@0.75', 46.29),
                ('MR-long-mAP', 51.78),
                ('MR-middle-mAP', 47.01),
                ('MR-short-mAP', 10.97),
                ('HL-min-Fair-mAP', 77.48),
                ('HL-min-Fair-Hit1', 78.9),
                ('HL-min-Good-mAP', 66.2),
                ('HL-min-Good-Hit1', 76.9),
                ('HL-min-VeryGood-mAP', 40.5),
                ('HL-min-VeryGood-Hit1', 64.71)])
2026-08-28 21:22:11,107 INFO [Epoch 94]
2026-08-28 21:23:11,380 INFO Epoch[94] class_error 31.5255  class_error_0 39.1486  class_error_1 35.0727  class_error_2 31.8581  loss_giou 0.3032  loss_giou_0 0.3899  loss_giou_1 0.3345  loss_giou_2 0.3152  loss_iou_scores 0.0572  loss_iou_scores_0 0.0550  loss_iou_scores_1 0.0560  loss_iou_scores_2 0.0573  loss_label 0.0954  loss_label_0 0.1113  loss_label_1 0.1035  loss_label_2 0.0982  loss_mask_iou 0.0000  loss_mask_iou_0 1.6195  loss_mask_iou_1 1.5865  loss_mask_iou_2 1.5734  loss_overall 11.4610  loss_query_cgp_bind 0.0183  loss_query_cgp_route -0.0245  loss_saliency 2.9361  loss_span 0.2265  loss_span_0 0.2848  loss_span_1 0.2438  loss_span_2 0.2326
2026-08-28 21:23:11,383 INFO Generate submissions
2026-08-28 21:23:18,077 INFO Saving/Evaluating before nms results
2026-08-28 21:23:22,116 INFO metrics_no_nms OrderedDict([   ('MR-full-R1@0.5', 65.48),
                ('MR-full-R1@0.7', 51.1),
                ('MR-full-mAP', 47.47),
                ('MR-full-mAP@0.5', 67.71),
                ('MR-full-mAP@0.75', 48.67),
                ('MR-long-mAP', 56.25),
                ('MR-middle-mAP', 47.7),
                ('MR-short-mAP', 11.4),
                ('HL-min-Fair-mAP', 76.09),
                ('HL-min-Fair-Hit1', 77.87),
                ('HL-min-Good-mAP', 65.04),
                ('HL-min-Good-Hit1', 76.06),
                ('HL-min-VeryGood-mAP', 39.94),
                ('HL-min-VeryGood-Hit1', 64.19)])
2026-08-28 21:23:22,409 INFO [Epoch 95]
2026-08-28 21:24:20,522 INFO Epoch[95] class_error 31.1470  class_error_0 39.7392  class_error_1 35.4248  class_error_2 32.3579  loss_giou 0.2984  loss_giou_0 0.3848  loss_giou_1 0.3268  loss_giou_2 0.3110  loss_iou_scores 0.0568  loss_iou_scores_0 0.0544  loss_iou_scores_1 0.0556  loss_iou_scores_2 0.0559  loss_label 0.0943  loss_label_0 0.1113  loss_label_1 0.1039  loss_label_2 0.0973  loss_mask_iou 0.0000  loss_mask_iou_0 1.6103  loss_mask_iou_1 1.5734  loss_mask_iou_2 1.5558  loss_overall 11.3808  loss_query_cgp_bind 0.0197  loss_query_cgp_route -0.0245  loss_saliency 2.9384  loss_span 0.2264  loss_span_0 0.2780  loss_span_1 0.2401  loss_span_2 0.2317
2026-08-28 21:24:20,526 INFO Generate submissions
2026-08-28 21:24:27,075 INFO Saving/Evaluating before nms results
2026-08-28 21:24:31,782 INFO metrics_no_nms OrderedDict([   ('MR-full-R1@0.5', 65.81),
                ('MR-full-R1@0.7', 51.42),
                ('MR-full-mAP', 46.93),
                ('MR-full-mAP@0.5', 67.59),
                ('MR-full-mAP@0.75', 48.36),
                ('MR-long-mAP', 53.16),
                ('MR-middle-mAP', 48.86),
                ('MR-short-mAP', 11.74),
                ('HL-min-Fair-mAP', 76.75),
                ('HL-min-Fair-Hit1', 78.58),
                ('HL-min-Good-mAP', 65.53),
                ('HL-min-Good-Hit1', 76.39),
                ('HL-min-VeryGood-mAP', 40.27),
                ('HL-min-VeryGood-Hit1', 65.87)])
2026-08-28 21:24:32,118 INFO [Epoch 96]
2026-08-28 21:25:31,095 INFO Epoch[96] class_error 30.8740  class_error_0 38.9978  class_error_1 34.6919  class_error_2 31.0888  loss_giou 0.2954  loss_giou_0 0.3833  loss_giou_1 0.3231  loss_giou_2 0.3077  loss_iou_scores 0.0542  loss_iou_scores_0 0.0542  loss_iou_scores_1 0.0535  loss_iou_scores_2 0.0539  loss_label 0.0931  loss_label_0 0.1111  loss_label_1 0.1025  loss_label_2 0.0953  loss_mask_iou 0.0000  loss_mask_iou_0 1.5949  loss_mask_iou_1 1.5536  loss_mask_iou_2 1.5430  loss_overall 11.2743  loss_query_cgp_bind 0.0190  loss_query_cgp_route -0.0245  loss_saliency 2.9216  loss_span 0.2214  loss_span_0 0.2759  loss_span_1 0.2337  loss_span_2 0.2268
2026-08-28 21:25:31,098 INFO Generate submissions
2026-08-28 21:25:37,492 INFO Saving/Evaluating before nms results
2026-08-28 21:25:41,408 INFO metrics_no_nms OrderedDict([   ('MR-full-R1@0.5', 67.23),
                ('MR-full-R1@0.7', 51.81),
                ('MR-full-mAP', 47.72),
                ('MR-full-mAP@0.5', 67.92),
                ('MR-full-mAP@0.75', 48.42),
                ('MR-long-mAP', 54.86),
                ('MR-middle-mAP', 49.89),
                ('MR-short-mAP', 10.26),
                ('HL-min-Fair-mAP', 77.13),
                ('HL-min-Fair-Hit1', 77.81),
                ('HL-min-Good-mAP', 65.81),
                ('HL-min-Good-Hit1', 75.74),
                ('HL-min-VeryGood-mAP', 40.42),
                ('HL-min-VeryGood-Hit1', 64.58)])
2026-08-28 21:25:41,723 INFO [Epoch 97]
2026-08-28 21:26:39,091 INFO Epoch[97] class_error 30.3703  class_error_0 39.5111  class_error_1 33.9316  class_error_2 30.7627  loss_giou 0.2969  loss_giou_0 0.3825  loss_giou_1 0.3244  loss_giou_2 0.3088  loss_iou_scores 0.0529  loss_iou_scores_0 0.0542  loss_iou_scores_1 0.0529  loss_iou_scores_2 0.0533  loss_label 0.0928  loss_label_0 0.1104  loss_label_1 0.1015  loss_label_2 0.0959  loss_mask_iou 0.0000  loss_mask_iou_0 1.5819  loss_mask_iou_1 1.5571  loss_mask_iou_2 1.5422  loss_overall 11.2755  loss_query_cgp_bind 0.0186  loss_query_cgp_route -0.0244  loss_saliency 2.9306  loss_span 0.2223  loss_span_0 0.2742  loss_span_1 0.2362  loss_span_2 0.2274
2026-08-28 21:26:39,094 INFO Generate submissions
2026-08-28 21:26:44,623 INFO Saving/Evaluating before nms results
2026-08-28 21:26:48,798 INFO metrics_no_nms OrderedDict([   ('MR-full-R1@0.5', 67.1),
                ('MR-full-R1@0.7', 51.23),
                ('MR-full-mAP', 46.68),
                ('MR-full-mAP@0.5', 67.6),
                ('MR-full-mAP@0.75', 47.52),
                ('MR-long-mAP', 53.7),
                ('MR-middle-mAP', 48.2),
                ('MR-short-mAP', 11.82),
                ('HL-min-Fair-mAP', 77.3),
                ('HL-min-Fair-Hit1', 77.81),
                ('HL-min-Good-mAP', 66.05),
                ('HL-min-Good-Hit1', 76.06),
                ('HL-min-VeryGood-mAP', 40.58),
                ('HL-min-VeryGood-Hit1', 64.32)])
2026-08-28 21:26:49,156 INFO [Epoch 98]
2026-08-28 21:27:46,626 INFO Epoch[98] class_error 30.5088  class_error_0 39.5235  class_error_1 33.6004  class_error_2 31.7918  loss_giou 0.2968  loss_giou_0 0.3794  loss_giou_1 0.3231  loss_giou_2 0.3085  loss_iou_scores 0.0538  loss_iou_scores_0 0.0534  loss_iou_scores_1 0.0528  loss_iou_scores_2 0.0533  loss_label 0.0919  loss_label_0 0.1090  loss_label_1 0.1006  loss_label_2 0.0953  loss_mask_iou 0.0000  loss_mask_iou_0 1.5811  loss_mask_iou_1 1.5426  loss_mask_iou_2 1.5282  loss_overall 11.2182  loss_query_cgp_bind 0.0186  loss_query_cgp_route -0.0244  loss_saliency 2.9154  loss_span 0.2217  loss_span_0 0.2741  loss_span_1 0.2360  loss_span_2 0.2278
2026-08-28 21:27:46,629 INFO Generate submissions
2026-08-28 21:27:52,007 INFO Saving/Evaluating before nms results
2026-08-28 21:27:56,647 INFO metrics_no_nms OrderedDict([   ('MR-full-R1@0.5', 66.32),
                ('MR-full-R1@0.7', 51.42),
                ('MR-full-mAP', 46.93),
                ('MR-full-mAP@0.5', 67.67),
                ('MR-full-mAP@0.75', 47.58),
                ('MR-long-mAP', 53.51),
                ('MR-middle-mAP', 48.99),
                ('MR-short-mAP', 11.1),
                ('HL-min-Fair-mAP', 77.86),
                ('HL-min-Fair-Hit1', 80.19),
                ('HL-min-Good-mAP', 66.5),
                ('HL-min-Good-Hit1', 78.26),
                ('HL-min-VeryGood-mAP', 40.95),
                ('HL-min-VeryGood-Hit1', 66.39)])
2026-08-28 21:27:57,006 INFO [Epoch 99]
2026-08-28 21:28:55,664 INFO Epoch[99] class_error 29.6242  class_error_0 38.5466  class_error_1 33.6875  class_error_2 30.4625  loss_giou 0.2949  loss_giou_0 0.3808  loss_giou_1 0.3222  loss_giou_2 0.3055  loss_iou_scores 0.0532  loss_iou_scores_0 0.0530  loss_iou_scores_1 0.0526  loss_iou_scores_2 0.0533  loss_label 0.0917  loss_label_0 0.1089  loss_label_1 0.1000  loss_label_2 0.0943  loss_mask_iou 0.0000  loss_mask_iou_0 1.5746  loss_mask_iou_1 1.5395  loss_mask_iou_2 1.5364  loss_overall 11.2069  loss_query_cgp_bind 0.0205  loss_query_cgp_route -0.0245  loss_saliency 2.9196  loss_span 0.2202  loss_span_0 0.2728  loss_span_1 0.2340  loss_span_2 0.2254
2026-08-28 21:28:55,668 INFO Generate submissions
2026-08-28 21:29:00,911 INFO Saving/Evaluating before nms results
2026-08-28 21:29:05,601 INFO metrics_no_nms OrderedDict([   ('MR-full-R1@0.5', 67.81),
                ('MR-full-R1@0.7', 51.29),
                ('MR-full-mAP', 47.89),
                ('MR-full-mAP@0.5', 68.83),
                ('MR-full-mAP@0.75', 48.6),
                ('MR-long-mAP', 55.11),
                ('MR-middle-mAP', 49.28),
                ('MR-short-mAP', 11.54),
                ('HL-min-Fair-mAP', 77.26),
                ('HL-min-Fair-Hit1', 79.1),
                ('HL-min-Good-mAP', 65.9),
                ('HL-min-Good-Hit1', 77.1),
                ('HL-min-VeryGood-mAP', 40.4),
                ('HL-min-VeryGood-Hit1', 64.77)])
2026-08-28 21:29:05,947 INFO [Best] epoch 99, MR-full-mAP 47.8900
2026-08-28 21:29:06,284 INFO [Epoch 100]
2026-08-28 21:30:04,285 INFO Epoch[100] class_error 30.9945  class_error_0 38.2465  class_error_1 34.6466  class_error_2 31.8419  loss_giou 0.2937  loss_giou_0 0.3813  loss_giou_1 0.3219  loss_giou_2 0.3044  loss_iou_scores 0.0542  loss_iou_scores_0 0.0536  loss_iou_scores_1 0.0538  loss_iou_scores_2 0.0537  loss_label 0.0931  loss_label_0 0.1120  loss_label_1 0.1028  loss_label_2 0.0965  loss_mask_iou 0.0000  loss_mask_iou_0 1.5740  loss_mask_iou_1 1.5425  loss_mask_iou_2 1.5355  loss_overall 11.2229  loss_query_cgp_bind 0.0201  loss_query_cgp_route -0.0245  loss_saliency 2.9288  loss_span 0.2170  loss_span_0 0.2743  loss_span_1 0.2326  loss_span_2 0.2232
2026-08-28 21:30:04,288 INFO Generate submissions
2026-08-28 21:30:09,971 INFO Saving/Evaluating before nms results
2026-08-28 21:30:14,017 INFO metrics_no_nms OrderedDict([   ('MR-full-R1@0.5', 66.71),
                ('MR-full-R1@0.7', 51.48),
                ('MR-full-mAP', 48.06),
                ('MR-full-mAP@0.5', 67.75),
                ('MR-full-mAP@0.75', 49.03),
                ('MR-long-mAP', 55.3),
                ('MR-middle-mAP', 49.98),
                ('MR-short-mAP', 11.4),
                ('HL-min-Fair-mAP', 76.76),
                ('HL-min-Fair-Hit1', 78.65),
                ('HL-min-Good-mAP', 65.49),
                ('HL-min-Good-Hit1', 76.45),
                ('HL-min-VeryGood-mAP', 39.95),
                ('HL-min-VeryGood-Hit1', 63.94)])
2026-08-28 21:30:14,347 INFO [Best] epoch 100, MR-full-mAP 48.0600
2026-08-28 21:30:14,883 INFO [Epoch 101]
2026-08-28 21:31:11,779 INFO Epoch[101] class_error 28.4722  class_error_0 39.1678  class_error_1 34.4778  class_error_2 29.7507  loss_giou 0.2794  loss_giou_0 0.3581  loss_giou_1 0.3043  loss_giou_2 0.2896  loss_iou_scores 0.0520  loss_iou_scores_0 0.0523  loss_iou_scores_1 0.0524  loss_iou_scores_2 0.0524  loss_label 0.0873  loss_label_0 0.1076  loss_label_1 0.0970  loss_label_2 0.0912  loss_mask_iou 0.0000  loss_mask_iou_0 1.4967  loss_mask_iou_1 1.4594  loss_mask_iou_2 1.4519  loss_overall 10.7597  loss_query_cgp_bind 0.0173  loss_query_cgp_route -0.0245  loss_saliency 2.8891  loss_span 0.2026  loss_span_0 0.2510  loss_span_1 0.2127  loss_span_2 0.2071
2026-08-28 21:31:11,781 INFO Generate submissions
2026-08-28 21:31:17,512 INFO Saving/Evaluating before nms results
2026-08-28 21:31:21,902 INFO metrics_no_nms OrderedDict([   ('MR-full-R1@0.5', 67.23),
                ('MR-full-R1@0.7', 51.87),
                ('MR-full-mAP', 48.89),
                ('MR-full-mAP@0.5', 68.69),
                ('MR-full-mAP@0.75', 50.06),
                ('MR-long-mAP', 55.35),
                ('MR-middle-mAP', 50.76),
                ('MR-short-mAP', 12.73),
                ('HL-min-Fair-mAP', 77.74),
                ('HL-min-Fair-Hit1', 79.35),
                ('HL-min-Good-mAP', 66.58),
                ('HL-min-Good-Hit1', 77.42),
                ('HL-min-VeryGood-mAP', 40.85),
                ('HL-min-VeryGood-Hit1', 64.97)])
2026-08-28 21:31:22,211 INFO [Best] epoch 101, MR-full-mAP 48.8900
2026-08-28 21:31:22,492 INFO [Epoch 102]
2026-08-28 21:32:19,960 INFO Epoch[102] class_error 26.9251  class_error_0 37.0953  class_error_1 31.0041  class_error_2 27.9346  loss_giou 0.2739  loss_giou_0 0.3501  loss_giou_1 0.2966  loss_giou_2 0.2824  loss_iou_scores 0.0503  loss_iou_scores_0 0.0511  loss_iou_scores_1 0.0502  loss_iou_scores_2 0.0506  loss_label 0.0853  loss_label_0 0.1039  loss_label_1 0.0936  loss_label_2 0.0881  loss_mask_iou 0.0000  loss_mask_iou_0 1.4600  loss_mask_iou_1 1.4231  loss_mask_iou_2 1.4162  loss_overall 10.5781  loss_query_cgp_bind 0.0157  loss_query_cgp_route -0.0246  loss_saliency 2.8825  loss_span 0.1994  loss_span_0 0.2424  loss_span_1 0.2096  loss_span_2 0.2033
2026-08-28 21:32:19,968 INFO Generate submissions
2026-08-28 21:32:25,665 INFO Saving/Evaluating before nms results
2026-08-28 21:32:30,064 INFO metrics_no_nms OrderedDict([   ('MR-full-R1@0.5', 67.35),
                ('MR-full-R1@0.7', 52.97),
                ('MR-full-mAP', 48.96),
                ('MR-full-mAP@0.5', 68.78),
                ('MR-full-mAP@0.75', 50.02),
                ('MR-long-mAP', 54.96),
                ('MR-middle-mAP', 50.82),
                ('MR-short-mAP', 13.02),
                ('HL-min-Fair-mAP', 77.86),
                ('HL-min-Fair-Hit1', 79.1),
                ('HL-min-Good-mAP', 66.64),
                ('HL-min-Good-Hit1', 77.23),
                ('HL-min-VeryGood-mAP', 40.89),
                ('HL-min-VeryGood-Hit1', 65.16)])
2026-08-28 21:32:30,424 INFO [Best] epoch 102, MR-full-mAP 48.9600
2026-08-28 21:32:30,786 INFO [Epoch 103]
2026-08-28 21:33:27,781 INFO Epoch[103] class_error 26.7764  class_error_0 36.2423  class_error_1 30.4891  class_error_2 27.3990  loss_giou 0.2700  loss_giou_0 0.3459  loss_giou_1 0.2943  loss_giou_2 0.2795  loss_iou_scores 0.0495  loss_iou_scores_0 0.0515  loss_iou_scores_1 0.0492  loss_iou_scores_2 0.0495  loss_label 0.0847  loss_label_0 0.1030  loss_label_1 0.0936  loss_label_2 0.0878  loss_mask_iou 0.0000  loss_mask_iou_0 1.4441  loss_mask_iou_1 1.4019  loss_mask_iou_2 1.3948  loss_overall 10.4541  loss_query_cgp_bind 0.0156  loss_query_cgp_route -0.0246  loss_saliency 2.8712  loss_span 0.1921  loss_span_0 0.2368  loss_span_1 0.2018  loss_span_2 0.1957
2026-08-28 21:33:27,784 INFO Generate submissions
2026-08-28 21:33:34,803 INFO Saving/Evaluating before nms results
2026-08-28 21:33:38,837 INFO metrics_no_nms OrderedDict([   ('MR-full-R1@0.5', 67.16),
                ('MR-full-R1@0.7', 52.32),
                ('MR-full-mAP', 48.89),
                ('MR-full-mAP@0.5', 68.46),
                ('MR-full-mAP@0.75', 49.96),
                ('MR-long-mAP', 54.68),
                ('MR-middle-mAP', 50.74),
                ('MR-short-mAP', 13.17),
                ('HL-min-Fair-mAP', 77.97),
                ('HL-min-Fair-Hit1', 79.48),
                ('HL-min-Good-mAP', 66.64),
                ('HL-min-Good-Hit1', 77.29),
                ('HL-min-VeryGood-mAP', 40.87),
                ('HL-min-VeryGood-Hit1', 64.71)])
2026-08-28 21:33:39,190 INFO [Epoch 104]
2026-08-28 21:34:35,880 INFO Epoch[104] class_error 26.1948  class_error_0 36.9859  class_error_1 30.7342  class_error_2 26.8500  loss_giou 0.2673  loss_giou_0 0.3467  loss_giou_1 0.2898  loss_giou_2 0.2769  loss_iou_scores 0.0500  loss_iou_scores_0 0.0508  loss_iou_scores_1 0.0497  loss_iou_scores_2 0.0499  loss_label 0.0825  loss_label_0 0.1020  loss_label_1 0.0922  loss_label_2 0.0863  loss_mask_iou 0.0000  loss_mask_iou_0 1.4351  loss_mask_iou_1 1.4018  loss_mask_iou_2 1.3870  loss_overall 10.4298  loss_query_cgp_bind 0.0156  loss_query_cgp_route -0.0246  loss_saliency 2.8793  loss_span 0.1904  loss_span_0 0.2362  loss_span_1 0.2015  loss_span_2 0.1945
2026-08-28 21:34:35,883 INFO Generate submissions
2026-08-28 21:34:41,914 INFO Saving/Evaluating before nms results
2026-08-28 21:34:47,008 INFO metrics_no_nms OrderedDict([   ('MR-full-R1@0.5', 66.77),
                ('MR-full-R1@0.7', 52.06),
                ('MR-full-mAP', 48.64),
                ('MR-full-mAP@0.5', 68.21),
                ('MR-full-mAP@0.75', 49.86),
                ('MR-long-mAP', 55.25),
                ('MR-middle-mAP', 50.29),
                ('MR-short-mAP', 12.35),
                ('HL-min-Fair-mAP', 78.04),
                ('HL-min-Fair-Hit1', 79.81),
                ('HL-min-Good-mAP', 66.75),
                ('HL-min-Good-Hit1', 77.68),
                ('HL-min-VeryGood-mAP', 41.01),
                ('HL-min-VeryGood-Hit1', 65.87)])
2026-08-28 21:34:47,287 INFO [Epoch 105]
2026-08-28 21:35:44,070 INFO Epoch[105] class_error 26.0628  class_error_0 36.0069  class_error_1 29.9454  class_error_2 26.5485  loss_giou 0.2663  loss_giou_0 0.3440  loss_giou_1 0.2894  loss_giou_2 0.2748  loss_iou_scores 0.0494  loss_iou_scores_0 0.0504  loss_iou_scores_1 0.0490  loss_iou_scores_2 0.0494  loss_label 0.0818  loss_label_0 0.1011  loss_label_1 0.0911  loss_label_2 0.0857  loss_mask_iou 0.0000  loss_mask_iou_0 1.4320  loss_mask_iou_1 1.3934  loss_mask_iou_2 1.3834  loss_overall 10.3923  loss_query_cgp_bind 0.0149  loss_query_cgp_route -0.0247  loss_saliency 2.8764  loss_span 0.1890  loss_span_0 0.2344  loss_span_1 0.1996  loss_span_2 0.1923
2026-08-28 21:35:44,073 INFO Generate submissions
2026-08-28 21:35:50,187 INFO Saving/Evaluating before nms results
2026-08-28 21:35:54,648 INFO metrics_no_nms OrderedDict([   ('MR-full-R1@0.5', 67.1),
                ('MR-full-R1@0.7', 52.06),
                ('MR-full-mAP', 48.53),
                ('MR-full-mAP@0.5', 68.48),
                ('MR-full-mAP@0.75', 49.73),
                ('MR-long-mAP', 54.23),
                ('MR-middle-mAP', 50.34),
                ('MR-short-mAP', 13.27),
                ('HL-min-Fair-mAP', 78.0),
                ('HL-min-Fair-Hit1', 79.23),
                ('HL-min-Good-mAP', 66.72),
                ('HL-min-Good-Hit1', 77.16),
                ('HL-min-VeryGood-mAP', 40.85),
                ('HL-min-VeryGood-Hit1', 65.16)])
2026-08-28 21:35:55,088 INFO [Epoch 106]
2026-08-28 21:36:52,710 INFO Epoch[106] class_error 26.5057  class_error_0 35.5462  class_error_1 29.7603  class_error_2 26.6153  loss_giou 0.2670  loss_giou_0 0.3469  loss_giou_1 0.2917  loss_giou_2 0.2768  loss_iou_scores 0.0497  loss_iou_scores_0 0.0497  loss_iou_scores_1 0.0489  loss_iou_scores_2 0.0496  loss_label 0.0819  loss_label_0 0.0995  loss_label_1 0.0902  loss_label_2 0.0854  loss_mask_iou 0.0000  loss_mask_iou_0 1.4354  loss_mask_iou_1 1.4023  loss_mask_iou_2 1.3897  loss_overall 10.4131  loss_query_cgp_bind 0.0153  loss_query_cgp_route -0.0246  loss_saliency 2.8725  loss_span 0.1909  loss_span_0 0.2363  loss_span_1 0.2011  loss_span_2 0.1939
2026-08-28 21:36:52,712 INFO Generate submissions
2026-08-28 21:36:59,267 INFO Saving/Evaluating before nms results
2026-08-28 21:37:03,699 INFO metrics_no_nms OrderedDict([   ('MR-full-R1@0.5', 67.23),
                ('MR-full-R1@0.7', 52.9),
                ('MR-full-mAP', 49.02),
                ('MR-full-mAP@0.5', 68.71),
                ('MR-full-mAP@0.75', 50.24),
                ('MR-long-mAP', 55.42),
                ('MR-middle-mAP', 50.81),
                ('MR-short-mAP', 12.99),
                ('HL-min-Fair-mAP', 77.95),
                ('HL-min-Fair-Hit1', 79.16),
                ('HL-min-Good-mAP', 66.65),
                ('HL-min-Good-Hit1', 77.03),
                ('HL-min-VeryGood-mAP', 40.87),
                ('HL-min-VeryGood-Hit1', 65.16)])
2026-08-28 21:37:03,997 INFO [Best] epoch 106, MR-full-mAP 49.0200
2026-08-28 21:37:04,253 INFO [Epoch 107]
2026-08-28 21:38:01,534 INFO Epoch[107] class_error 25.8176  class_error_0 35.5778  class_error_1 29.9776  class_error_2 26.8696  loss_giou 0.2658  loss_giou_0 0.3419  loss_giou_1 0.2894  loss_giou_2 0.2755  loss_iou_scores 0.0495  loss_iou_scores_0 0.0503  loss_iou_scores_1 0.0490  loss_iou_scores_2 0.0494  loss_label 0.0815  loss_label_0 0.1008  loss_label_1 0.0908  loss_label_2 0.0849  loss_mask_iou 0.0000  loss_mask_iou_0 1.4199  loss_mask_iou_1 1.3894  loss_mask_iou_2 1.3792  loss_overall 10.3484  loss_query_cgp_bind 0.0152  loss_query_cgp_route -0.0246  loss_saliency 2.8683  loss_span 0.1888  loss_span_0 0.2315  loss_span_1 0.1987  loss_span_2 0.1923
2026-08-28 21:38:01,537 INFO Generate submissions
2026-08-28 21:38:08,200 INFO Saving/Evaluating before nms results
2026-08-28 21:38:12,303 INFO metrics_no_nms OrderedDict([   ('MR-full-R1@0.5', 67.61),
                ('MR-full-R1@0.7', 52.26),
                ('MR-full-mAP', 49.05),
                ('MR-full-mAP@0.5', 68.83),
                ('MR-full-mAP@0.75', 50.12),
                ('MR-long-mAP', 54.86),
                ('MR-middle-mAP', 51.06),
                ('MR-short-mAP', 13.21),
                ('HL-min-Fair-mAP', 77.74),
                ('HL-min-Fair-Hit1', 79.1),
                ('HL-min-Good-mAP', 66.47),
                ('HL-min-Good-Hit1', 77.03),
                ('HL-min-VeryGood-mAP', 40.73),
                ('HL-min-VeryGood-Hit1', 65.1)])
2026-08-28 21:38:12,676 INFO [Best] epoch 107, MR-full-mAP 49.0500
2026-08-28 21:38:12,977 INFO [Epoch 108]
2026-08-28 21:39:10,019 INFO Epoch[108] class_error 25.6996  class_error_0 34.8725  class_error_1 29.4959  class_error_2 26.8711  loss_giou 0.2636  loss_giou_0 0.3410  loss_giou_1 0.2883  loss_giou_2 0.2738  loss_iou_scores 0.0496  loss_iou_scores_0 0.0500  loss_iou_scores_1 0.0491  loss_iou_scores_2 0.0497  loss_label 0.0817  loss_label_0 0.0995  loss_label_1 0.0903  loss_label_2 0.0852  loss_mask_iou 0.0000  loss_mask_iou_0 1.4301  loss_mask_iou_1 1.3871  loss_mask_iou_2 1.3768  loss_overall 10.3455  loss_query_cgp_bind 0.0151  loss_query_cgp_route -0.0247  loss_saliency 2.8647  loss_span 0.1880  loss_span_0 0.2312  loss_span_1 0.1986  loss_span_2 0.1921
2026-08-28 21:39:10,022 INFO Generate submissions
2026-08-28 21:39:17,118 INFO Saving/Evaluating before nms results
2026-08-28 21:39:21,357 INFO metrics_no_nms OrderedDict([   ('MR-full-R1@0.5', 66.77),
                ('MR-full-R1@0.7', 52.13),
                ('MR-full-mAP', 48.47),
                ('MR-full-mAP@0.5', 68.58),
                ('MR-full-mAP@0.75', 49.73),
                ('MR-long-mAP', 53.16),
                ('MR-middle-mAP', 50.88),
                ('MR-short-mAP', 13.25),
                ('HL-min-Fair-mAP', 77.98),
                ('HL-min-Fair-Hit1', 79.35),
                ('HL-min-Good-mAP', 66.65),
                ('HL-min-Good-Hit1', 77.16),
                ('HL-min-VeryGood-mAP', 40.98),
                ('HL-min-VeryGood-Hit1', 65.55)])
2026-08-28 21:39:21,690 INFO [Epoch 109]
2026-08-28 21:40:19,603 INFO Epoch[109] class_error 26.1366  class_error_0 34.9951  class_error_1 29.4035  class_error_2 27.0788  loss_giou 0.2642  loss_giou_0 0.3430  loss_giou_1 0.2863  loss_giou_2 0.2732  loss_iou_scores 0.0503  loss_iou_scores_0 0.0504  loss_iou_scores_1 0.0499  loss_iou_scores_2 0.0501  loss_label 0.0824  loss_label_0 0.1014  loss_label_1 0.0913  loss_label_2 0.0858  loss_mask_iou 0.0000  loss_mask_iou_0 1.4119  loss_mask_iou_1 1.3754  loss_mask_iou_2 1.3635  loss_overall 10.3122  loss_query_cgp_bind 0.0156  loss_query_cgp_route -0.0245  loss_saliency 2.8724  loss_span 0.1865  loss_span_0 0.2312  loss_span_1 0.1968  loss_span_2 0.1907
2026-08-28 21:40:19,608 INFO Generate submissions
2026-08-28 21:40:25,213 INFO Saving/Evaluating before nms results
2026-08-28 21:40:29,878 INFO metrics_no_nms OrderedDict([   ('MR-full-R1@0.5', 67.1),
                ('MR-full-R1@0.7', 51.87),
                ('MR-full-mAP', 48.79),
                ('MR-full-mAP@0.5', 68.75),
                ('MR-full-mAP@0.75', 49.93),
                ('MR-long-mAP', 54.87),
                ('MR-middle-mAP', 50.51),
                ('MR-short-mAP', 12.9),
                ('HL-min-Fair-mAP', 77.72),
                ('HL-min-Fair-Hit1', 78.97),
                ('HL-min-Good-mAP', 66.43),
                ('HL-min-Good-Hit1', 76.97),
                ('HL-min-VeryGood-mAP', 40.73),
                ('HL-min-VeryGood-Hit1', 64.58)])
2026-08-28 21:40:30,265 INFO [Epoch 110]
2026-08-28 21:41:30,478 INFO Epoch[110] class_error 25.7222  class_error_0 35.0506  class_error_1 29.4489  class_error_2 26.5136  loss_giou 0.2632  loss_giou_0 0.3434  loss_giou_1 0.2879  loss_giou_2 0.2737  loss_iou_scores 0.0497  loss_iou_scores_0 0.0498  loss_iou_scores_1 0.0491  loss_iou_scores_2 0.0498  loss_label 0.0810  loss_label_0 0.0997  loss_label_1 0.0896  loss_label_2 0.0841  loss_mask_iou 0.0000  loss_mask_iou_0 1.4152  loss_mask_iou_1 1.3772  loss_mask_iou_2 1.3642  loss_overall 10.2969  loss_query_cgp_bind 0.0146  loss_query_cgp_route -0.0246  loss_saliency 2.8641  loss_span 0.1854  loss_span_0 0.2303  loss_span_1 0.1967  loss_span_2 0.1901
2026-08-28 21:41:30,481 INFO Generate submissions
2026-08-28 21:41:37,078 INFO Saving/Evaluating before nms results
2026-08-28 21:41:41,180 INFO metrics_no_nms OrderedDict([   ('MR-full-R1@0.5', 67.23),
                ('MR-full-R1@0.7', 52.0),
                ('MR-full-mAP', 48.63),
                ('MR-full-mAP@0.5', 68.81),
                ('MR-full-mAP@0.75', 49.93),
                ('MR-long-mAP', 55.21),
                ('MR-middle-mAP', 50.23),
                ('MR-short-mAP', 12.51),
                ('HL-min-Fair-mAP', 77.93),
                ('HL-min-Fair-Hit1', 79.1),
                ('HL-min-Good-mAP', 66.58),
                ('HL-min-Good-Hit1', 76.84),
                ('HL-min-VeryGood-mAP', 40.92),
                ('HL-min-VeryGood-Hit1', 65.48)])
2026-08-28 21:41:41,828 INFO [Epoch 111]
2026-08-28 21:42:40,149 INFO Epoch[111] class_error 25.6067  class_error_0 34.6954  class_error_1 29.2206  class_error_2 26.2461  loss_giou 0.2626  loss_giou_0 0.3428  loss_giou_1 0.2868  loss_giou_2 0.2713  loss_iou_scores 0.0492  loss_iou_scores_0 0.0493  loss_iou_scores_1 0.0487  loss_iou_scores_2 0.0496  loss_label 0.0808  loss_label_0 0.0992  loss_label_1 0.0891  loss_label_2 0.0837  loss_mask_iou 0.0000  loss_mask_iou_0 1.4046  loss_mask_iou_1 1.3698  loss_mask_iou_2 1.3572  loss_overall 10.2466  loss_query_cgp_bind 0.0150  loss_query_cgp_route -0.0246  loss_saliency 2.8625  loss_span 0.1823  loss_span_0 0.2280  loss_span_1 0.1930  loss_span_2 0.1864
2026-08-28 21:42:40,151 INFO Generate submissions
2026-08-28 21:42:46,337 INFO Saving/Evaluating before nms results
2026-08-28 21:42:50,646 INFO metrics_no_nms OrderedDict([   ('MR-full-R1@0.5', 67.23),
                ('MR-full-R1@0.7', 52.45),
                ('MR-full-mAP', 48.84),
                ('MR-full-mAP@0.5', 68.84),
                ('MR-full-mAP@0.75', 49.73),
                ('MR-long-mAP', 54.43),
                ('MR-middle-mAP', 50.81),
                ('MR-short-mAP', 12.93),
                ('HL-min-Fair-mAP', 78.0),
                ('HL-min-Fair-Hit1', 79.16),
                ('HL-min-Good-mAP', 66.69),
                ('HL-min-Good-Hit1', 77.23),
                ('HL-min-VeryGood-mAP', 40.93),
                ('HL-min-VeryGood-Hit1', 65.16)])
2026-08-28 21:42:50,961 INFO [Epoch 112]
2026-08-28 21:43:49,127 INFO Epoch[112] class_error 25.3575  class_error_0 33.9090  class_error_1 28.7222  class_error_2 25.8014  loss_giou 0.2623  loss_giou_0 0.3403  loss_giou_1 0.2861  loss_giou_2 0.2729  loss_iou_scores 0.0493  loss_iou_scores_0 0.0496  loss_iou_scores_1 0.0490  loss_iou_scores_2 0.0496  loss_label 0.0807  loss_label_0 0.0981  loss_label_1 0.0896  loss_label_2 0.0839  loss_mask_iou 0.0000  loss_mask_iou_0 1.4006  loss_mask_iou_1 1.3582  loss_mask_iou_2 1.3484  loss_overall 10.2232  loss_query_cgp_bind 0.0149  loss_query_cgp_route -0.0246  loss_saliency 2.8603  loss_span 0.1834  loss_span_0 0.2286  loss_span_1 0.1942  loss_span_2 0.1876
2026-08-28 21:43:49,129 INFO Generate submissions
2026-08-28 21:43:55,604 INFO Saving/Evaluating before nms results
2026-08-28 21:43:59,769 INFO metrics_no_nms OrderedDict([   ('MR-full-R1@0.5', 67.23),
                ('MR-full-R1@0.7', 52.13),
                ('MR-full-mAP', 48.6),
                ('MR-full-mAP@0.5', 68.73),
                ('MR-full-mAP@0.75', 50.15),
                ('MR-long-mAP', 54.44),
                ('MR-middle-mAP', 50.29),
                ('MR-short-mAP', 13.43),
                ('HL-min-Fair-mAP', 77.83),
                ('HL-min-Fair-Hit1', 79.48),
                ('HL-min-Good-mAP', 66.6),
                ('HL-min-Good-Hit1', 77.35),
                ('HL-min-VeryGood-mAP', 40.92),
                ('HL-min-VeryGood-Hit1', 65.81)])
2026-08-28 21:44:00,137 INFO [Epoch 113]
2026-08-28 21:44:57,545 INFO Epoch[113] class_error 25.8513  class_error_0 33.5906  class_error_1 29.8306  class_error_2 25.9337  loss_giou 0.2606  loss_giou_0 0.3404  loss_giou_1 0.2845  loss_giou_2 0.2708  loss_iou_scores 0.0495  loss_iou_scores_0 0.0492  loss_iou_scores_1 0.0495  loss_iou_scores_2 0.0497  loss_label 0.0801  loss_label_0 0.0982  loss_label_1 0.0896  loss_label_2 0.0833  loss_mask_iou 0.0000  loss_mask_iou_0 1.4053  loss_mask_iou_1 1.3618  loss_mask_iou_2 1.3480  loss_overall 10.2326  loss_query_cgp_bind 0.0154  loss_query_cgp_route -0.0246  loss_saliency 2.8669  loss_span 0.1834  loss_span_0 0.2286  loss_span_1 0.1935  loss_span_2 0.1873
2026-08-28 21:44:57,547 INFO Generate submissions
2026-08-28 21:45:03,461 INFO Saving/Evaluating before nms results
2026-08-28 21:45:07,516 INFO metrics_no_nms OrderedDict([   ('MR-full-R1@0.5', 66.65),
                ('MR-full-R1@0.7', 52.77),
                ('MR-full-mAP', 48.94),
                ('MR-full-mAP@0.5', 68.36),
                ('MR-full-mAP@0.75', 50.37),
                ('MR-long-mAP', 54.53),
                ('MR-middle-mAP', 50.83),
                ('MR-short-mAP', 13.26),
                ('HL-min-Fair-mAP', 77.84),
                ('HL-min-Fair-Hit1', 78.9),
                ('HL-min-Good-mAP', 66.62),
                ('HL-min-Good-Hit1', 76.77),
                ('HL-min-VeryGood-mAP', 40.87),
                ('HL-min-VeryGood-Hit1', 64.77)])
2026-08-28 21:45:07,831 INFO [Epoch 114]
2026-08-28 21:46:07,606 INFO Epoch[114] class_error 25.5650  class_error_0 33.8919  class_error_1 29.1568  class_error_2 26.3192  loss_giou 0.2592  loss_giou_0 0.3396  loss_giou_1 0.2830  loss_giou_2 0.2688  loss_iou_scores 0.0490  loss_iou_scores_0 0.0489  loss_iou_scores_1 0.0488  loss_iou_scores_2 0.0492  loss_label 0.0808  loss_label_0 0.0980  loss_label_1 0.0899  loss_label_2 0.0838  loss_mask_iou 0.0000  loss_mask_iou_0 1.3973  loss_mask_iou_1 1.3576  loss_mask_iou_2 1.3517  loss_overall 10.1971  loss_query_cgp_bind 0.0137  loss_query_cgp_route -0.0247  loss_saliency 2.8582  loss_span 0.1817  loss_span_0 0.2268  loss_span_1 0.1925  loss_span_2 0.1856
2026-08-28 21:46:07,608 INFO Generate submissions
2026-08-28 21:46:14,152 INFO Saving/Evaluating before nms results
2026-08-28 21:46:18,904 INFO metrics_no_nms OrderedDict([   ('MR-full-R1@0.5', 67.42),
                ('MR-full-R1@0.7', 52.71),
                ('MR-full-mAP', 48.77),
                ('MR-full-mAP@0.5', 68.74),
                ('MR-full-mAP@0.75', 49.95),
                ('MR-long-mAP', 54.45),
                ('MR-middle-mAP', 50.51),
                ('MR-short-mAP', 13.23),
                ('HL-min-Fair-mAP', 78.13),
                ('HL-min-Fair-Hit1', 79.35),
                ('HL-min-Good-mAP', 66.86),
                ('HL-min-Good-Hit1', 77.16),
                ('HL-min-VeryGood-mAP', 41.02),
                ('HL-min-VeryGood-Hit1', 65.35)])
2026-08-28 21:46:19,209 INFO [Epoch 115]
2026-08-28 21:47:18,178 INFO Epoch[115] class_error 25.3557  class_error_0 33.0213  class_error_1 29.0056  class_error_2 25.9958  loss_giou 0.2611  loss_giou_0 0.3373  loss_giou_1 0.2826  loss_giou_2 0.2701  loss_iou_scores 0.0494  loss_iou_scores_0 0.0489  loss_iou_scores_1 0.0487  loss_iou_scores_2 0.0496  loss_label 0.0800  loss_label_0 0.0967  loss_label_1 0.0882  loss_label_2 0.0834  loss_mask_iou 0.0000  loss_mask_iou_0 1.3930  loss_mask_iou_1 1.3463  loss_mask_iou_2 1.3365  loss_overall 10.1527  loss_query_cgp_bind 0.0155  loss_query_cgp_route -0.0247  loss_saliency 2.8551  loss_span 0.1802  loss_span_0 0.2228  loss_span_1 0.1909  loss_span_2 0.1845
2026-08-28 21:47:18,181 INFO Generate submissions
2026-08-28 21:47:23,832 INFO Saving/Evaluating before nms results
2026-08-28 21:47:27,744 INFO metrics_no_nms OrderedDict([   ('MR-full-R1@0.5', 66.52),
                ('MR-full-R1@0.7', 52.71),
                ('MR-full-mAP', 48.96),
                ('MR-full-mAP@0.5', 68.35),
                ('MR-full-mAP@0.75', 50.61),
                ('MR-long-mAP', 54.95),
                ('MR-middle-mAP', 50.63),
                ('MR-short-mAP', 13.22),
                ('HL-min-Fair-mAP', 77.93),
                ('HL-min-Fair-Hit1', 79.23),
                ('HL-min-Good-mAP', 66.66),
                ('HL-min-Good-Hit1', 77.03),
                ('HL-min-VeryGood-mAP', 40.92),
                ('HL-min-VeryGood-Hit1', 65.55)])
2026-08-28 21:47:28,129 INFO [Epoch 116]
2026-08-28 21:48:26,883 INFO Epoch[116] class_error 25.1369  class_error_0 33.8220  class_error_1 28.5894  class_error_2 25.9062  loss_giou 0.2581  loss_giou_0 0.3364  loss_giou_1 0.2819  loss_giou_2 0.2669  loss_iou_scores 0.0495  loss_iou_scores_0 0.0495  loss_iou_scores_1 0.0494  loss_iou_scores_2 0.0498  loss_label 0.0796  loss_label_0 0.0975  loss_label_1 0.0880  loss_label_2 0.0830  loss_mask_iou 0.0000  loss_mask_iou_0 1.3835  loss_mask_iou_1 1.3520  loss_mask_iou_2 1.3378  loss_overall 10.1590  loss_query_cgp_bind 0.0140  loss_query_cgp_route -0.0246  loss_saliency 2.8574  loss_span 0.1815  loss_span_0 0.2250  loss_span_1 0.1928  loss_span_2 0.1859
2026-08-28 21:48:26,885 INFO Generate submissions
2026-08-28 21:48:32,102 INFO Saving/Evaluating before nms results
2026-08-28 21:48:36,594 INFO metrics_no_nms OrderedDict([   ('MR-full-R1@0.5', 67.68),
                ('MR-full-R1@0.7', 53.42),
                ('MR-full-mAP', 48.97),
                ('MR-full-mAP@0.5', 68.97),
                ('MR-full-mAP@0.75', 49.87),
                ('MR-long-mAP', 54.69),
                ('MR-middle-mAP', 50.75),
                ('MR-short-mAP', 13.13),
                ('HL-min-Fair-mAP', 78.05),
                ('HL-min-Fair-Hit1', 79.23),
                ('HL-min-Good-mAP', 66.69),
                ('HL-min-Good-Hit1', 77.23),
                ('HL-min-VeryGood-mAP', 40.94),
                ('HL-min-VeryGood-Hit1', 65.16)])
2026-08-28 21:48:36,926 INFO [Epoch 117]
2026-08-28 21:49:35,423 INFO Epoch[117] class_error 25.2011  class_error_0 34.0439  class_error_1 28.9617  class_error_2 25.9383  loss_giou 0.2595  loss_giou_0 0.3380  loss_giou_1 0.2819  loss_giou_2 0.2687  loss_iou_scores 0.0501  loss_iou_scores_0 0.0499  loss_iou_scores_1 0.0500  loss_iou_scores_2 0.0503  loss_label 0.0810  loss_label_0 0.0989  loss_label_1 0.0897  loss_label_2 0.0846  loss_mask_iou 0.0000  loss_mask_iou_0 1.3845  loss_mask_iou_1 1.3514  loss_mask_iou_2 1.3431  loss_overall 10.1666  loss_query_cgp_bind 0.0144  loss_query_cgp_route -0.0246  loss_saliency 2.8576  loss_span 0.1813  loss_span_0 0.2234  loss_span_1 0.1907  loss_span_2 0.1848
2026-08-28 21:49:35,427 INFO Generate submissions
2026-08-28 21:49:41,728 INFO Saving/Evaluating before nms results
2026-08-28 21:49:46,061 INFO metrics_no_nms OrderedDict([   ('MR-full-R1@0.5', 67.81),
                ('MR-full-R1@0.7', 53.68),
                ('MR-full-mAP', 49.11),
                ('MR-full-mAP@0.5', 69.23),
                ('MR-full-mAP@0.75', 50.19),
                ('MR-long-mAP', 55.15),
                ('MR-middle-mAP', 50.69),
                ('MR-short-mAP', 13.28),
                ('HL-min-Fair-mAP', 77.88),
                ('HL-min-Fair-Hit1', 79.1),
                ('HL-min-Good-mAP', 66.64),
                ('HL-min-Good-Hit1', 77.03),
                ('HL-min-VeryGood-mAP', 40.81),
                ('HL-min-VeryGood-Hit1', 65.1)])
2026-08-28 21:49:46,404 INFO [Best] epoch 117, MR-full-mAP 49.1100
2026-08-28 21:49:46,693 INFO [Epoch 118]
2026-08-28 21:50:45,238 INFO Epoch[118] class_error 25.4378  class_error_0 33.2646  class_error_1 28.9132  class_error_2 26.3742  loss_giou 0.2598  loss_giou_0 0.3349  loss_giou_1 0.2824  loss_giou_2 0.2689  loss_iou_scores 0.0484  loss_iou_scores_0 0.0493  loss_iou_scores_1 0.0488  loss_iou_scores_2 0.0486  loss_label 0.0797  loss_label_0 0.0982  loss_label_1 0.0882  loss_label_2 0.0835  loss_mask_iou 0.0000  loss_mask_iou_0 1.3978  loss_mask_iou_1 1.3513  loss_mask_iou_2 1.3400  loss_overall 10.1765  loss_query_cgp_bind 0.0140  loss_query_cgp_route -0.0246  loss_saliency 2.8626  loss_span 0.1804  loss_span_0 0.2243  loss_span_1 0.1915  loss_span_2 0.1842
2026-08-28 21:50:45,242 INFO Generate submissions
2026-08-28 21:50:51,937 INFO Saving/Evaluating before nms results
2026-08-28 21:50:56,167 INFO metrics_no_nms OrderedDict([   ('MR-full-R1@0.5', 67.35),
                ('MR-full-R1@0.7', 52.97),
                ('MR-full-mAP', 49.04),
                ('MR-full-mAP@0.5', 69.08),
                ('MR-full-mAP@0.75', 50.03),
                ('MR-long-mAP', 55.29),
                ('MR-middle-mAP', 50.39),
                ('MR-short-mAP', 13.11),
                ('HL-min-Fair-mAP', 77.78),
                ('HL-min-Fair-Hit1', 79.1),
                ('HL-min-Good-mAP', 66.54),
                ('HL-min-Good-Hit1', 77.1),
                ('HL-min-VeryGood-mAP', 40.85),
                ('HL-min-VeryGood-Hit1', 65.16)])
2026-08-28 21:50:56,488 INFO [Epoch 119]
2026-08-28 21:51:54,392 INFO Epoch[119] class_error 24.9509  class_error_0 33.3760  class_error_1 28.6559  class_error_2 25.6630  loss_giou 0.2578  loss_giou_0 0.3369  loss_giou_1 0.2817  loss_giou_2 0.2677  loss_iou_scores 0.0485  loss_iou_scores_0 0.0486  loss_iou_scores_1 0.0480  loss_iou_scores_2 0.0486  loss_label 0.0797  loss_label_0 0.0971  loss_label_1 0.0879  loss_label_2 0.0825  loss_mask_iou 0.0000  loss_mask_iou_0 1.3952  loss_mask_iou_1 1.3518  loss_mask_iou_2 1.3394  loss_overall 10.1514  loss_query_cgp_bind 0.0149  loss_query_cgp_route -0.0246  loss_saliency 2.8574  loss_span 0.1788  loss_span_0 0.2227  loss_span_1 0.1893  loss_span_2 0.1819
2026-08-28 21:51:54,396 INFO Generate submissions
2026-08-28 21:52:00,320 INFO Saving/Evaluating before nms results
2026-08-28 21:52:04,670 INFO metrics_no_nms OrderedDict([   ('MR-full-R1@0.5', 67.35),
                ('MR-full-R1@0.7', 52.77),
                ('MR-full-mAP', 49.07),
                ('MR-full-mAP@0.5', 68.77),
                ('MR-full-mAP@0.75', 50.38),
                ('MR-long-mAP', 54.88),
                ('MR-middle-mAP', 50.76),
                ('MR-short-mAP', 13.33),
                ('HL-min-Fair-mAP', 77.83),
                ('HL-min-Fair-Hit1', 79.03),
                ('HL-min-Good-mAP', 66.59),
                ('HL-min-Good-Hit1', 77.03),
                ('HL-min-VeryGood-mAP', 40.98),
                ('HL-min-VeryGood-Hit1', 65.61)])
2026-08-28 21:52:05,052 INFO [Epoch 120]
2026-08-28 21:53:02,773 INFO Epoch[120] class_error 24.8409  class_error_0 33.6355  class_error_1 28.7245  class_error_2 25.7917  loss_giou 0.2583  loss_giou_0 0.3363  loss_giou_1 0.2812  loss_giou_2 0.2675  loss_iou_scores 0.0484  loss_iou_scores_0 0.0493  loss_iou_scores_1 0.0486  loss_iou_scores_2 0.0488  loss_label 0.0791  loss_label_0 0.0978  loss_label_1 0.0879  loss_label_2 0.0822  loss_mask_iou 0.0000  loss_mask_iou_0 1.3849  loss_mask_iou_1 1.3457  loss_mask_iou_2 1.3344  loss_overall 10.1376  loss_query_cgp_bind 0.0137  loss_query_cgp_route -0.0246  loss_saliency 2.8595  loss_span 0.1806  loss_span_0 0.2242  loss_span_1 0.1907  loss_span_2 0.1846
2026-08-28 21:53:02,776 INFO Generate submissions
2026-08-28 21:53:08,721 INFO Saving/Evaluating before nms results
2026-08-28 21:53:12,899 INFO metrics_no_nms OrderedDict([   ('MR-full-R1@0.5', 66.71),
                ('MR-full-R1@0.7', 52.52),
                ('MR-full-mAP', 48.93),
                ('MR-full-mAP@0.5', 68.69),
                ('MR-full-mAP@0.75', 50.1),
                ('MR-long-mAP', 55.14),
                ('MR-middle-mAP', 50.5),
                ('MR-short-mAP', 13.17),
                ('HL-min-Fair-mAP', 77.8),
                ('HL-min-Fair-Hit1', 78.97),
                ('HL-min-Good-mAP', 66.54),
                ('HL-min-Good-Hit1', 77.1),
                ('HL-min-VeryGood-mAP', 40.85),
                ('HL-min-VeryGood-Hit1', 65.29)])
2026-08-28 21:53:13,193 INFO [Epoch 121]
2026-08-28 21:54:12,045 INFO Epoch[121] class_error 24.4662  class_error_0 33.3236  class_error_1 28.2948  class_error_2 25.4164  loss_giou 0.2584  loss_giou_0 0.3367  loss_giou_1 0.2818  loss_giou_2 0.2683  loss_iou_scores 0.0484  loss_iou_scores_0 0.0488  loss_iou_scores_1 0.0487  loss_iou_scores_2 0.0486  loss_label 0.0786  loss_label_0 0.0971  loss_label_1 0.0876  loss_label_2 0.0814  loss_mask_iou 0.0000  loss_mask_iou_0 1.3879  loss_mask_iou_1 1.3485  loss_mask_iou_2 1.3449  loss_overall 10.1458  loss_query_cgp_bind 0.0149  loss_query_cgp_route -0.0246  loss_saliency 2.8616  loss_span 0.1788  loss_span_0 0.2231  loss_span_1 0.1885  loss_span_2 0.1830
2026-08-28 21:54:12,049 INFO Generate submissions
2026-08-28 21:54:18,289 INFO Saving/Evaluating before nms results
2026-08-28 21:54:22,702 INFO metrics_no_nms OrderedDict([   ('MR-full-R1@0.5', 67.68),
                ('MR-full-R1@0.7', 52.58),
                ('MR-full-mAP', 49.1),
                ('MR-full-mAP@0.5', 68.94),
                ('MR-full-mAP@0.75', 50.32),
                ('MR-long-mAP', 54.7),
                ('MR-middle-mAP', 51.0),
                ('MR-short-mAP', 13.32),
                ('HL-min-Fair-mAP', 77.82),
                ('HL-min-Fair-Hit1', 79.03),
                ('HL-min-Good-mAP', 66.56),
                ('HL-min-Good-Hit1', 76.97),
                ('HL-min-VeryGood-mAP', 40.89),
                ('HL-min-VeryGood-Hit1', 65.23)])
2026-08-28 21:54:23,034 INFO [Epoch 122]
2026-08-28 21:55:22,988 INFO Epoch[122] class_error 25.1521  class_error_0 33.4722  class_error_1 28.0982  class_error_2 25.4947  loss_giou 0.2555  loss_giou_0 0.3340  loss_giou_1 0.2794  loss_giou_2 0.2651  loss_iou_scores 0.0486  loss_iou_scores_0 0.0493  loss_iou_scores_1 0.0488  loss_iou_scores_2 0.0487  loss_label 0.0791  loss_label_0 0.0978  loss_label_1 0.0880  loss_label_2 0.0823  loss_mask_iou 0.0000  loss_mask_iou_0 1.3736  loss_mask_iou_1 1.3342  loss_mask_iou_2 1.3253  loss_overall 10.0786  loss_query_cgp_bind 0.0141  loss_query_cgp_route -0.0247  loss_saliency 2.8562  loss_span 0.1756  loss_span_0 0.2210  loss_span_1 0.1870  loss_span_2 0.1802
2026-08-28 21:55:22,991 INFO Generate submissions
2026-08-28 21:55:28,588 INFO Saving/Evaluating before nms results
2026-08-28 21:55:33,106 INFO metrics_no_nms OrderedDict([   ('MR-full-R1@0.5', 67.35),
                ('MR-full-R1@0.7', 52.26),
                ('MR-full-mAP', 48.89),
                ('MR-full-mAP@0.5', 68.98),
                ('MR-full-mAP@0.75', 50.07),
                ('MR-long-mAP', 54.94),
                ('MR-middle-mAP', 50.48),
                ('MR-short-mAP', 12.98),
                ('HL-min-Fair-mAP', 77.45),
                ('HL-min-Fair-Hit1', 78.58),
                ('HL-min-Good-mAP', 66.19),
                ('HL-min-Good-Hit1', 76.32),
                ('HL-min-VeryGood-mAP', 40.7),
                ('HL-min-VeryGood-Hit1', 64.39)])
2026-08-28 21:55:33,426 INFO [Epoch 123]
2026-08-28 21:56:31,135 INFO Epoch[123] class_error 25.2093  class_error_0 33.4652  class_error_1 28.3627  class_error_2 25.4270  loss_giou 0.2578  loss_giou_0 0.3368  loss_giou_1 0.2816  loss_giou_2 0.2670  loss_iou_scores 0.0489  loss_iou_scores_0 0.0494  loss_iou_scores_1 0.0492  loss_iou_scores_2 0.0489  loss_label 0.0788  loss_label_0 0.0971  loss_label_1 0.0879  loss_label_2 0.0821  loss_mask_iou 0.0000  loss_mask_iou_0 1.3863  loss_mask_iou_1 1.3475  loss_mask_iou_2 1.3330  loss_overall 10.1297  loss_query_cgp_bind 0.0158  loss_query_cgp_route -0.0247  loss_saliency 2.8538  loss_span 0.1785  loss_span_0 0.2244  loss_span_1 0.1885  loss_span_2 0.1825
2026-08-28 21:56:31,139 INFO Generate submissions
2026-08-28 21:56:36,788 INFO Saving/Evaluating before nms results
2026-08-28 21:56:41,187 INFO metrics_no_nms OrderedDict([   ('MR-full-R1@0.5', 67.74),
                ('MR-full-R1@0.7', 52.77),
                ('MR-full-mAP', 48.96),
                ('MR-full-mAP@0.5', 69.06),
                ('MR-full-mAP@0.75', 49.75),
                ('MR-long-mAP', 54.87),
                ('MR-middle-mAP', 50.81),
                ('MR-short-mAP', 12.92),
                ('HL-min-Fair-mAP', 77.79),
                ('HL-min-Fair-Hit1', 79.16),
                ('HL-min-Good-mAP', 66.52),
                ('HL-min-Good-Hit1', 76.84),
                ('HL-min-VeryGood-mAP', 40.93),
                ('HL-min-VeryGood-Hit1', 65.48)])
2026-08-28 21:56:41,565 INFO [Epoch 124]
2026-08-28 21:57:40,198 INFO Epoch[124] class_error 25.0411  class_error_0 33.3042  class_error_1 28.1396  class_error_2 25.9703  loss_giou 0.2571  loss_giou_0 0.3359  loss_giou_1 0.2808  loss_giou_2 0.2663  loss_iou_scores 0.0484  loss_iou_scores_0 0.0487  loss_iou_scores_1 0.0489  loss_iou_scores_2 0.0491  loss_label 0.0785  loss_label_0 0.0969  loss_label_1 0.0874  loss_label_2 0.0821  loss_mask_iou 0.0000  loss_mask_iou_0 1.3792  loss_mask_iou_1 1.3394  loss_mask_iou_2 1.3244  loss_overall 10.0978  loss_query_cgp_bind 0.0147  loss_query_cgp_route -0.0247  loss_saliency 2.8534  loss_span 0.1795  loss_span_0 0.2223  loss_span_1 0.1907  loss_span_2 0.1834
2026-08-28 21:57:40,202 INFO Generate submissions
2026-08-28 21:57:46,130 INFO Saving/Evaluating before nms results
2026-08-28 21:57:50,077 INFO metrics_no_nms OrderedDict([   ('MR-full-R1@0.5', 66.77),
                ('MR-full-R1@0.7', 51.81),
                ('MR-full-mAP', 48.41),
                ('MR-full-mAP@0.5', 68.5),
                ('MR-full-mAP@0.75', 49.45),
                ('MR-long-mAP', 54.66),
                ('MR-middle-mAP', 50.04),
                ('MR-short-mAP', 12.88),
                ('HL-min-Fair-mAP', 77.81),
                ('HL-min-Fair-Hit1', 79.23),
                ('HL-min-Good-mAP', 66.49),
                ('HL-min-Good-Hit1', 77.1),
                ('HL-min-VeryGood-mAP', 40.83),
                ('HL-min-VeryGood-Hit1', 65.42)])
2026-08-28 21:57:50,419 INFO [Epoch 125]
2026-08-28 21:58:49,393 INFO Epoch[125] class_error 25.1072  class_error_0 32.5368  class_error_1 28.4517  class_error_2 25.6292  loss_giou 0.2563  loss_giou_0 0.3345  loss_giou_1 0.2800  loss_giou_2 0.2652  loss_iou_scores 0.0492  loss_iou_scores_0 0.0491  loss_iou_scores_1 0.0495  loss_iou_scores_2 0.0497  loss_label 0.0799  loss_label_0 0.0969  loss_label_1 0.0877  loss_label_2 0.0831  loss_mask_iou 0.0000  loss_mask_iou_0 1.3757  loss_mask_iou_1 1.3351  loss_mask_iou_2 1.3281  loss_overall 10.0865  loss_query_cgp_bind 0.0142  loss_query_cgp_route -0.0246  loss_saliency 2.8540  loss_span 0.1780  loss_span_0 0.2210  loss_span_1 0.1873  loss_span_2 0.1806
2026-08-28 21:58:49,395 INFO Generate submissions
2026-08-28 21:58:55,611 INFO Saving/Evaluating before nms results
2026-08-28 21:59:00,043 INFO metrics_no_nms OrderedDict([   ('MR-full-R1@0.5', 66.77),
                ('MR-full-R1@0.7', 53.23),
                ('MR-full-mAP', 48.87),
                ('MR-full-mAP@0.5', 68.13),
                ('MR-full-mAP@0.75', 49.95),
                ('MR-long-mAP', 54.05),
                ('MR-middle-mAP', 51.1),
                ('MR-short-mAP', 13.32),
                ('HL-min-Fair-mAP', 78.0),
                ('HL-min-Fair-Hit1', 79.94),
                ('HL-min-Good-mAP', 66.71),
                ('HL-min-Good-Hit1', 77.87),
                ('HL-min-VeryGood-mAP', 40.98),
                ('HL-min-VeryGood-Hit1', 65.81)])
2026-08-28 21:59:00,347 INFO [Epoch 126]
2026-08-28 22:00:01,221 INFO Epoch[126] class_error 24.6958  class_error_0 33.1021  class_error_1 28.3082  class_error_2 25.3697  loss_giou 0.2518  loss_giou_0 0.3314  loss_giou_1 0.2758  loss_giou_2 0.2615  loss_iou_scores 0.0492  loss_iou_scores_0 0.0488  loss_iou_scores_1 0.0493  loss_iou_scores_2 0.0497  loss_label 0.0784  loss_label_0 0.0970  loss_label_1 0.0874  loss_label_2 0.0818  loss_mask_iou 0.0000  loss_mask_iou_0 1.3511  loss_mask_iou_1 1.3148  loss_mask_iou_2 1.3068  loss_overall 9.9940  loss_query_cgp_bind 0.0143  loss_query_cgp_route -0.0246  loss_saliency 2.8528  loss_span 0.1753  loss_span_0 0.2186  loss_span_1 0.1858  loss_span_2 0.1800
2026-08-28 22:00:01,225 INFO Generate submissions
2026-08-28 22:00:08,419 INFO Saving/Evaluating before nms results
2026-08-28 22:00:13,029 INFO metrics_no_nms OrderedDict([   ('MR-full-R1@0.5', 66.71),
                ('MR-full-R1@0.7', 52.0),
                ('MR-full-mAP', 48.57),
                ('MR-full-mAP@0.5', 68.59),
                ('MR-full-mAP@0.75', 49.27),
                ('MR-long-mAP', 54.9),
                ('MR-middle-mAP', 49.95),
                ('MR-short-mAP', 13.24),
                ('HL-min-Fair-mAP', 77.98),
                ('HL-min-Fair-Hit1', 79.48),
                ('HL-min-Good-mAP', 66.71),
                ('HL-min-Good-Hit1', 77.29),
                ('HL-min-VeryGood-mAP', 40.95),
                ('HL-min-VeryGood-Hit1', 65.16)])
2026-08-28 22:00:13,339 INFO [Epoch 127]
2026-08-28 22:01:15,085 INFO Epoch[127] class_error 24.8472  class_error_0 33.3431  class_error_1 27.6706  class_error_2 25.3954  loss_giou 0.2547  loss_giou_0 0.3322  loss_giou_1 0.2791  loss_giou_2 0.2638  loss_iou_scores 0.0490  loss_iou_scores_0 0.0489  loss_iou_scores_1 0.0482  loss_iou_scores_2 0.0491  loss_label 0.0784  loss_label_0 0.0974  loss_label_1 0.0877  loss_label_2 0.0820  loss_mask_iou 0.0000  loss_mask_iou_0 1.3681  loss_mask_iou_1 1.3326  loss_mask_iou_2 1.3196  loss_overall 10.0581  loss_query_cgp_bind 0.0141  loss_query_cgp_route -0.0246  loss_saliency 2.8568  loss_span 0.1776  loss_span_0 0.2195  loss_span_1 0.1874  loss_span_2 0.1811
2026-08-28 22:01:15,089 INFO Generate submissions
2026-08-28 22:01:20,293 INFO Saving/Evaluating before nms results
2026-08-28 22:01:24,962 INFO metrics_no_nms OrderedDict([   ('MR-full-R1@0.5', 67.03),
                ('MR-full-R1@0.7', 52.52),
                ('MR-full-mAP', 48.73),
                ('MR-full-mAP@0.5', 68.65),
                ('MR-full-mAP@0.75', 49.64),
                ('MR-long-mAP', 55.38),
                ('MR-middle-mAP', 50.08),
                ('MR-short-mAP', 13.12),
                ('HL-min-Fair-mAP', 77.9),
                ('HL-min-Fair-Hit1', 79.35),
                ('HL-min-Good-mAP', 66.65),
                ('HL-min-Good-Hit1', 76.97),
                ('HL-min-VeryGood-mAP', 40.93),
                ('HL-min-VeryGood-Hit1', 64.97)])
2026-08-28 22:01:25,295 INFO [Epoch 128]
2026-08-28 22:02:26,743 INFO Epoch[128] class_error 25.5057  class_error_0 33.6166  class_error_1 29.2526  class_error_2 26.0765  loss_giou 0.2550  loss_giou_0 0.3354  loss_giou_1 0.2779  loss_giou_2 0.2641  loss_iou_scores 0.0491  loss_iou_scores_0 0.0484  loss_iou_scores_1 0.0490  loss_iou_scores_2 0.0497  loss_label 0.0794  loss_label_0 0.0973  loss_label_1 0.0892  loss_label_2 0.0829  loss_mask_iou 0.0000  loss_mask_iou_0 1.3726  loss_mask_iou_1 1.3295  loss_mask_iou_2 1.3176  loss_overall 10.0579  loss_query_cgp_bind 0.0135  loss_query_cgp_route -0.0246  loss_saliency 2.8529  loss_span 0.1760  loss_span_0 0.2204  loss_span_1 0.1854  loss_span_2 0.1800
2026-08-28 22:02:26,747 INFO Generate submissions
2026-08-28 22:02:32,396 INFO Saving/Evaluating before nms results
2026-08-28 22:02:36,784 INFO metrics_no_nms OrderedDict([   ('MR-full-R1@0.5', 67.16),
                ('MR-full-R1@0.7', 51.87),
                ('MR-full-mAP', 48.58),
                ('MR-full-mAP@0.5', 68.64),
                ('MR-full-mAP@0.75', 49.35),
                ('MR-long-mAP', 54.94),
                ('MR-middle-mAP', 50.41),
                ('MR-short-mAP', 12.73),
                ('HL-min-Fair-mAP', 77.73),
                ('HL-min-Fair-Hit1', 79.42),
                ('HL-min-Good-mAP', 66.56),
                ('HL-min-Good-Hit1', 77.23),
                ('HL-min-VeryGood-mAP', 40.84),
                ('HL-min-VeryGood-Hit1', 65.42)])
2026-08-28 22:02:37,125 INFO [Epoch 129]
2026-08-28 22:03:39,399 INFO Epoch[129] class_error 24.6538  class_error_0 33.3809  class_error_1 28.7096  class_error_2 25.1837  loss_giou 0.2531  loss_giou_0 0.3333  loss_giou_1 0.2767  loss_giou_2 0.2625  loss_iou_scores 0.0488  loss_iou_scores_0 0.0490  loss_iou_scores_1 0.0492  loss_iou_scores_2 0.0495  loss_label 0.0779  loss_label_0 0.0965  loss_label_1 0.0874  loss_label_2 0.0812  loss_mask_iou 0.0000  loss_mask_iou_0 1.3714  loss_mask_iou_1 1.3258  loss_mask_iou_2 1.3171  loss_overall 10.0409  loss_query_cgp_bind 0.0137  loss_query_cgp_route -0.0246  loss_saliency 2.8567  loss_span 0.1754  loss_span_0 0.2191  loss_span_1 0.1850  loss_span_2 0.1792
2026-08-28 22:03:39,403 INFO Generate submissions
2026-08-28 22:03:44,957 INFO Saving/Evaluating before nms results
2026-08-28 22:03:49,931 INFO metrics_no_nms OrderedDict([   ('MR-full-R1@0.5', 67.61),
                ('MR-full-R1@0.7', 52.52),
                ('MR-full-mAP', 48.85),
                ('MR-full-mAP@0.5', 68.82),
                ('MR-full-mAP@0.75', 49.79),
                ('MR-long-mAP', 55.61),
                ('MR-middle-mAP', 50.28),
                ('MR-short-mAP', 13.01),
                ('HL-min-Fair-mAP', 77.76),
                ('HL-min-Fair-Hit1', 79.03),
                ('HL-min-Good-mAP', 66.49),
                ('HL-min-Good-Hit1', 76.77),
                ('HL-min-VeryGood-mAP', 40.95),
                ('HL-min-VeryGood-Hit1', 65.16)])
2026-08-28 22:03:50,278 INFO [Epoch 130]
2026-08-28 22:04:53,572 INFO Epoch[130] class_error 25.3914  class_error_0 33.1253  class_error_1 27.7696  class_error_2 25.9837  loss_giou 0.2522  loss_giou_0 0.3325  loss_giou_1 0.2750  loss_giou_2 0.2612  loss_iou_scores 0.0499  loss_iou_scores_0 0.0488  loss_iou_scores_1 0.0499  loss_iou_scores_2 0.0504  loss_label 0.0798  loss_label_0 0.0973  loss_label_1 0.0880  loss_label_2 0.0830  loss_mask_iou 0.0000  loss_mask_iou_0 1.3528  loss_mask_iou_1 1.3124  loss_mask_iou_2 1.3006  loss_overall 9.9970  loss_query_cgp_bind 0.0144  loss_query_cgp_route -0.0247  loss_saliency 2.8542  loss_span 0.1763  loss_span_0 0.2203  loss_span_1 0.1874  loss_span_2 0.1800
2026-08-28 22:04:53,577 INFO Generate submissions
2026-08-28 22:04:58,337 INFO Saving/Evaluating before nms results
2026-08-28 22:05:03,177 INFO metrics_no_nms OrderedDict([   ('MR-full-R1@0.5', 66.97),
                ('MR-full-R1@0.7', 52.52),
                ('MR-full-mAP', 48.8),
                ('MR-full-mAP@0.5', 68.64),
                ('MR-full-mAP@0.75', 49.51),
                ('MR-long-mAP', 54.92),
                ('MR-middle-mAP', 50.64),
                ('MR-short-mAP', 12.66),
                ('HL-min-Fair-mAP', 77.84),
                ('HL-min-Fair-Hit1', 79.1),
                ('HL-min-Good-mAP', 66.61),
                ('HL-min-Good-Hit1', 77.23),
                ('HL-min-VeryGood-mAP', 40.94),
                ('HL-min-VeryGood-Hit1', 65.1)])
2026-08-28 22:05:03,548 INFO [Epoch 131]
2026-08-28 22:06:04,980 INFO Epoch[131] class_error 24.8330  class_error_0 32.9545  class_error_1 27.5345  class_error_2 25.4390  loss_giou 0.2545  loss_giou_0 0.3342  loss_giou_1 0.2781  loss_giou_2 0.2650  loss_iou_scores 0.0482  loss_iou_scores_0 0.0486  loss_iou_scores_1 0.0484  loss_iou_scores_2 0.0486  loss_label 0.0788  loss_label_0 0.0969  loss_label_1 0.0871  loss_label_2 0.0818  loss_mask_iou 0.0000  loss_mask_iou_0 1.3693  loss_mask_iou_1 1.3283  loss_mask_iou_2 1.3173  loss_overall 10.0413  loss_query_cgp_bind 0.0134  loss_query_cgp_route -0.0247  loss_saliency 2.8541  loss_span 0.1754  loss_span_0 0.2185  loss_span_1 0.1864  loss_span_2 0.1794
2026-08-28 22:06:04,984 INFO Generate submissions
2026-08-28 22:06:10,478 INFO Saving/Evaluating before nms results
2026-08-28 22:06:14,824 INFO metrics_no_nms OrderedDict([   ('MR-full-R1@0.5', 66.71),
                ('MR-full-R1@0.7', 52.77),
                ('MR-full-mAP', 48.56),
                ('MR-full-mAP@0.5', 68.16),
                ('MR-full-mAP@0.75', 49.55),
                ('MR-long-mAP', 54.61),
                ('MR-middle-mAP', 50.18),
                ('MR-short-mAP', 13.49),
                ('HL-min-Fair-mAP', 77.6),
                ('HL-min-Fair-Hit1', 78.77),
                ('HL-min-Good-mAP', 66.41),
                ('HL-min-Good-Hit1', 76.52),
                ('HL-min-VeryGood-mAP', 40.81),
                ('HL-min-VeryGood-Hit1', 64.58)])
2026-08-28 22:06:15,174 INFO [Epoch 132]
2026-08-28 22:07:16,786 INFO Epoch[132] class_error 24.1129  class_error_0 33.1355  class_error_1 28.0615  class_error_2 24.9319  loss_giou 0.2514  loss_giou_0 0.3296  loss_giou_1 0.2760  loss_giou_2 0.2603  loss_iou_scores 0.0478  loss_iou_scores_0 0.0486  loss_iou_scores_1 0.0480  loss_iou_scores_2 0.0482  loss_label 0.0768  loss_label_0 0.0963  loss_label_1 0.0862  loss_label_2 0.0802  loss_mask_iou 0.0000  loss_mask_iou_0 1.3574  loss_mask_iou_1 1.3205  loss_mask_iou_2 1.3044  loss_overall 9.9801  loss_query_cgp_bind 0.0131  loss_query_cgp_route -0.0246  loss_saliency 2.8532  loss_span 0.1739  loss_span_0 0.2166  loss_span_1 0.1841  loss_span_2 0.1770
2026-08-28 22:07:16,791 INFO Generate submissions
2026-08-28 22:07:22,174 INFO Saving/Evaluating before nms results
2026-08-28 22:07:26,790 INFO metrics_no_nms OrderedDict([   ('MR-full-R1@0.5', 67.29),
                ('MR-full-R1@0.7', 52.9),
                ('MR-full-mAP', 49.01),
                ('MR-full-mAP@0.5', 68.81),
                ('MR-full-mAP@0.75', 49.96),
                ('MR-long-mAP', 55.68),
                ('MR-middle-mAP', 50.26),
                ('MR-short-mAP', 13.34),
                ('HL-min-Fair-mAP', 77.82),
                ('HL-min-Fair-Hit1', 79.03),
                ('HL-min-Good-mAP', 66.57),
                ('HL-min-Good-Hit1', 76.84),
                ('HL-min-VeryGood-mAP', 40.89),
                ('HL-min-VeryGood-Hit1', 64.77)])
2026-08-28 22:07:27,116 INFO [Epoch 133]
2026-08-28 22:08:29,261 INFO Epoch[133] class_error 24.5341  class_error_0 32.4730  class_error_1 27.5150  class_error_2 24.7202  loss_giou 0.2532  loss_giou_0 0.3325  loss_giou_1 0.2756  loss_giou_2 0.2618  loss_iou_scores 0.0476  loss_iou_scores_0 0.0481  loss_iou_scores_1 0.0485  loss_iou_scores_2 0.0482  loss_label 0.0780  loss_label_0 0.0960  loss_label_1 0.0869  loss_label_2 0.0809  loss_mask_iou 0.0000  loss_mask_iou_0 1.3539  loss_mask_iou_1 1.3090  loss_mask_iou_2 1.3074  loss_overall 9.9700  loss_query_cgp_bind 0.0139  loss_query_cgp_route -0.0246  loss_saliency 2.8479  loss_span 0.1745  loss_span_0 0.2185  loss_span_1 0.1845  loss_span_2 0.1782
2026-08-28 22:08:29,263 INFO Generate submissions
2026-08-28 22:08:34,509 INFO Saving/Evaluating before nms results
2026-08-28 22:08:38,751 INFO metrics_no_nms OrderedDict([   ('MR-full-R1@0.5', 67.94),
                ('MR-full-R1@0.7', 52.84),
                ('MR-full-mAP', 48.68),
                ('MR-full-mAP@0.5', 68.77),
                ('MR-full-mAP@0.75', 49.51),
                ('MR-long-mAP', 55.1),
                ('MR-middle-mAP', 50.1),
                ('MR-short-mAP', 13.16),
                ('HL-min-Fair-mAP', 78.01),
                ('HL-min-Fair-Hit1', 79.35),
                ('HL-min-Good-mAP', 66.79),
                ('HL-min-Good-Hit1', 77.03),
                ('HL-min-VeryGood-mAP', 41.0),
                ('HL-min-VeryGood-Hit1', 65.23)])
2026-08-28 22:08:39,109 INFO [Epoch 134]
2026-08-28 22:09:40,331 INFO Epoch[134] class_error 24.7207  class_error_0 32.9475  class_error_1 27.9559  class_error_2 25.4708  loss_giou 0.2530  loss_giou_0 0.3324  loss_giou_1 0.2752  loss_giou_2 0.2618  loss_iou_scores 0.0482  loss_iou_scores_0 0.0487  loss_iou_scores_1 0.0490  loss_iou_scores_2 0.0488  loss_label 0.0774  loss_label_0 0.0953  loss_label_1 0.0866  loss_label_2 0.0805  loss_mask_iou 0.0000  loss_mask_iou_0 1.3553  loss_mask_iou_1 1.3172  loss_mask_iou_2 1.3077  loss_overall 9.9800  loss_query_cgp_bind 0.0137  loss_query_cgp_route -0.0247  loss_saliency 2.8506  loss_span 0.1731  loss_span_0 0.2176  loss_span_1 0.1826  loss_span_2 0.1762
2026-08-28 22:09:40,335 INFO Generate submissions
2026-08-28 22:09:45,573 INFO Saving/Evaluating before nms results
2026-08-28 22:09:50,035 INFO metrics_no_nms OrderedDict([   ('MR-full-R1@0.5', 67.03),
                ('MR-full-R1@0.7', 51.29),
                ('MR-full-mAP', 48.57),
                ('MR-full-mAP@0.5', 68.64),
                ('MR-full-mAP@0.75', 49.0),
                ('MR-long-mAP', 55.21),
                ('MR-middle-mAP', 49.82),
                ('MR-short-mAP', 13.14),
                ('HL-min-Fair-mAP', 77.74),
                ('HL-min-Fair-Hit1', 79.1),
                ('HL-min-Good-mAP', 66.52),
                ('HL-min-Good-Hit1', 76.52),
                ('HL-min-VeryGood-mAP', 40.9),
                ('HL-min-VeryGood-Hit1', 64.84)])
2026-08-28 22:09:50,365 INFO [Epoch 135]
2026-08-28 22:10:53,080 INFO Epoch[135] class_error 24.6748  class_error_0 32.4030  class_error_1 27.9244  class_error_2 25.3040  loss_giou 0.2538  loss_giou_0 0.3333  loss_giou_1 0.2774  loss_giou_2 0.2632  loss_iou_scores 0.0474  loss_iou_scores_0 0.0479  loss_iou_scores_1 0.0478  loss_iou_scores_2 0.0480  loss_label 0.0770  loss_label_0 0.0946  loss_label_1 0.0856  loss_label_2 0.0802  loss_mask_iou 0.0000  loss_mask_iou_0 1.3701  loss_mask_iou_1 1.3266  loss_mask_iou_2 1.3134  loss_overall 10.0214  loss_query_cgp_bind 0.0130  loss_query_cgp_route -0.0246  loss_saliency 2.8513  loss_span 0.1753  loss_span_0 0.2193  loss_span_1 0.1848  loss_span_2 0.1790
2026-08-28 22:10:53,084 INFO Generate submissions
2026-08-28 22:10:58,927 INFO Saving/Evaluating before nms results
2026-08-28 22:11:03,619 INFO metrics_no_nms OrderedDict([   ('MR-full-R1@0.5', 67.48),
                ('MR-full-R1@0.7', 52.71),
                ('MR-full-mAP', 48.6),
                ('MR-full-mAP@0.5', 68.76),
                ('MR-full-mAP@0.75', 49.73),
                ('MR-long-mAP', 54.73),
                ('MR-middle-mAP', 50.33),
                ('MR-short-mAP', 12.89),
                ('HL-min-Fair-mAP', 77.77),
                ('HL-min-Fair-Hit1', 78.97),
                ('HL-min-Good-mAP', 66.5),
                ('HL-min-Good-Hit1', 76.52),
                ('HL-min-VeryGood-mAP', 40.89),
                ('HL-min-VeryGood-Hit1', 64.84)])
2026-08-28 22:11:03,967 INFO [Epoch 136]
2026-08-28 22:12:04,512 INFO Epoch[136] class_error 24.0524  class_error_0 32.5672  class_error_1 27.6399  class_error_2 24.9198  loss_giou 0.2538  loss_giou_0 0.3313  loss_giou_1 0.2771  loss_giou_2 0.2633  loss_iou_scores 0.0471  loss_iou_scores_0 0.0483  loss_iou_scores_1 0.0476  loss_iou_scores_2 0.0476  loss_label 0.0764  loss_label_0 0.0954  loss_label_1 0.0855  loss_label_2 0.0800  loss_mask_iou 0.0000  loss_mask_iou_0 1.3593  loss_mask_iou_1 1.3207  loss_mask_iou_2 1.3110  loss_overall 10.0032  loss_query_cgp_bind 0.0138  loss_query_cgp_route -0.0246  loss_saliency 2.8489  loss_span 0.1769  loss_span_0 0.2191  loss_span_1 0.1871  loss_span_2 0.1807
2026-08-28 22:12:04,515 INFO Generate submissions
2026-08-28 22:12:09,988 INFO Saving/Evaluating before nms results
2026-08-28 22:12:14,277 INFO metrics_no_nms OrderedDict([   ('MR-full-R1@0.5', 67.68),
                ('MR-full-R1@0.7', 52.58),
                ('MR-full-mAP', 48.49),
                ('MR-full-mAP@0.5', 68.7),
                ('MR-full-mAP@0.75', 49.46),
                ('MR-long-mAP', 54.65),
                ('MR-middle-mAP', 49.93),
                ('MR-short-mAP', 13.45),
                ('HL-min-Fair-mAP', 77.71),
                ('HL-min-Fair-Hit1', 79.16),
                ('HL-min-Good-mAP', 66.44),
                ('HL-min-Good-Hit1', 77.1),
                ('HL-min-VeryGood-mAP', 40.9),
                ('HL-min-VeryGood-Hit1', 65.35)])
2026-08-28 22:12:14,587 INFO [Epoch 137]
2026-08-28 22:13:16,416 INFO Epoch[137] class_error 24.0300  class_error_0 32.9117  class_error_1 27.5404  class_error_2 24.9825  loss_giou 0.2508  loss_giou_0 0.3315  loss_giou_1 0.2743  loss_giou_2 0.2603  loss_iou_scores 0.0482  loss_iou_scores_0 0.0480  loss_iou_scores_1 0.0480  loss_iou_scores_2 0.0485  loss_label 0.0774  loss_label_0 0.0962  loss_label_1 0.0868  loss_label_2 0.0808  loss_mask_iou 0.0000  loss_mask_iou_0 1.3505  loss_mask_iou_1 1.3009  loss_mask_iou_2 1.2959  loss_overall 9.9382  loss_query_cgp_bind 0.0134  loss_query_cgp_route -0.0246  loss_saliency 2.8443  loss_span 0.1745  loss_span_0 0.2187  loss_span_1 0.1840  loss_span_2 0.1778
2026-08-28 22:13:16,420 INFO Generate submissions
2026-08-28 22:13:21,443 INFO Saving/Evaluating before nms results
2026-08-28 22:13:25,709 INFO metrics_no_nms OrderedDict([   ('MR-full-R1@0.5', 67.23),
                ('MR-full-R1@0.7', 52.45),
                ('MR-full-mAP', 48.66),
                ('MR-full-mAP@0.5', 68.54),
                ('MR-full-mAP@0.75', 49.69),
                ('MR-long-mAP', 55.49),
                ('MR-middle-mAP', 50.18),
                ('MR-short-mAP', 12.55),
                ('HL-min-Fair-mAP', 77.82),
                ('HL-min-Fair-Hit1', 78.97),
                ('HL-min-Good-mAP', 66.55),
                ('HL-min-Good-Hit1', 76.97),
                ('HL-min-VeryGood-mAP', 40.98),
                ('HL-min-VeryGood-Hit1', 65.35)])
2026-08-28 22:13:26,051 INFO [Epoch 138]
2026-08-28 22:14:27,174 INFO Epoch[138] class_error 24.0981  class_error_0 32.6454  class_error_1 27.5786  class_error_2 25.3826  loss_giou 0.2515  loss_giou_0 0.3300  loss_giou_1 0.2747  loss_giou_2 0.2609  loss_iou_scores 0.0470  loss_iou_scores_0 0.0476  loss_iou_scores_1 0.0472  loss_iou_scores_2 0.0476  loss_label 0.0762  loss_label_0 0.0958  loss_label_1 0.0849  loss_label_2 0.0799  loss_mask_iou 0.0000  loss_mask_iou_0 1.3445  loss_mask_iou_1 1.3071  loss_mask_iou_2 1.2955  loss_overall 9.9281  loss_query_cgp_bind 0.0125  loss_query_cgp_route -0.0246  loss_saliency 2.8472  loss_span 0.1739  loss_span_0 0.2165  loss_span_1 0.1839  loss_span_2 0.1773
2026-08-28 22:14:27,178 INFO Generate submissions
2026-08-28 22:14:32,459 INFO Saving/Evaluating before nms results
2026-08-28 22:14:37,188 INFO metrics_no_nms OrderedDict([   ('MR-full-R1@0.5', 67.61),
                ('MR-full-R1@0.7', 52.52),
                ('MR-full-mAP', 48.37),
                ('MR-full-mAP@0.5', 68.45),
                ('MR-full-mAP@0.75', 49.14),
                ('MR-long-mAP', 54.35),
                ('MR-middle-mAP', 50.09),
                ('MR-short-mAP', 13.36),
                ('HL-min-Fair-mAP', 77.97),
                ('HL-min-Fair-Hit1', 78.97),
                ('HL-min-Good-mAP', 66.64),
                ('HL-min-Good-Hit1', 76.84),
                ('HL-min-VeryGood-mAP', 40.86),
                ('HL-min-VeryGood-Hit1', 64.97)])
2026-08-28 22:14:37,525 INFO [Epoch 139]
2026-08-28 22:15:40,017 INFO Epoch[139] class_error 24.4736  class_error_0 33.1653  class_error_1 27.9617  class_error_2 25.2048  loss_giou 0.2541  loss_giou_0 0.3318  loss_giou_1 0.2767  loss_giou_2 0.2619  loss_iou_scores 0.0482  loss_iou_scores_0 0.0479  loss_iou_scores_1 0.0481  loss_iou_scores_2 0.0486  loss_label 0.0785  loss_label_0 0.0973  loss_label_1 0.0865  loss_label_2 0.0814  loss_mask_iou 0.0000  loss_mask_iou_0 1.3588  loss_mask_iou_1 1.3174  loss_mask_iou_2 1.3085  loss_overall 9.9996  loss_query_cgp_bind 0.0134  loss_query_cgp_route -0.0246  loss_saliency 2.8473  loss_span 0.1756  loss_span_0 0.2177  loss_span_1 0.1864  loss_span_2 0.1796
2026-08-28 22:15:40,022 INFO Generate submissions
2026-08-28 22:15:44,923 INFO Saving/Evaluating before nms results
2026-08-28 22:15:49,428 INFO metrics_no_nms OrderedDict([   ('MR-full-R1@0.5', 67.48),
                ('MR-full-R1@0.7', 51.16),
                ('MR-full-mAP', 48.45),
                ('MR-full-mAP@0.5', 68.85),
                ('MR-full-mAP@0.75', 49.04),
                ('MR-long-mAP', 55.18),
                ('MR-middle-mAP', 49.53),
                ('MR-short-mAP', 13.48),
                ('HL-min-Fair-mAP', 77.63),
                ('HL-min-Fair-Hit1', 78.77),
                ('HL-min-Good-mAP', 66.37),
                ('HL-min-Good-Hit1', 76.77),
                ('HL-min-VeryGood-mAP', 40.79),
                ('HL-min-VeryGood-Hit1', 64.65)])
2026-08-28 22:15:49,721 INFO [Epoch 140]
2026-08-28 22:16:52,798 INFO Epoch[140] class_error 23.9892  class_error_0 32.2384  class_error_1 27.4985  class_error_2 24.4829  loss_giou 0.2483  loss_giou_0 0.3284  loss_giou_1 0.2735  loss_giou_2 0.2581  loss_iou_scores 0.0475  loss_iou_scores_0 0.0481  loss_iou_scores_1 0.0477  loss_iou_scores_2 0.0481  loss_label 0.0762  loss_label_0 0.0946  loss_label_1 0.0848  loss_label_2 0.0792  loss_mask_iou 0.0000  loss_mask_iou_0 1.3401  loss_mask_iou_1 1.3040  loss_mask_iou_2 1.2862  loss_overall 9.8971  loss_query_cgp_bind 0.0137  loss_query_cgp_route -0.0246  loss_saliency 2.8471  loss_span 0.1710  loss_span_0 0.2159  loss_span_1 0.1815  loss_span_2 0.1748
2026-08-28 22:16:52,803 INFO Generate submissions
2026-08-28 22:16:58,525 INFO Saving/Evaluating before nms results
2026-08-28 22:17:03,948 INFO metrics_no_nms OrderedDict([   ('MR-full-R1@0.5', 67.16),
                ('MR-full-R1@0.7', 52.32),
                ('MR-full-mAP', 48.37),
                ('MR-full-mAP@0.5', 68.36),
                ('MR-full-mAP@0.75', 49.26),
                ('MR-long-mAP', 53.79),
                ('MR-middle-mAP', 50.36),
                ('MR-short-mAP', 13.32),
                ('HL-min-Fair-mAP', 77.8),
                ('HL-min-Fair-Hit1', 79.42),
                ('HL-min-Good-mAP', 66.59),
                ('HL-min-Good-Hit1', 77.03),
                ('HL-min-VeryGood-mAP', 41.0),
                ('HL-min-VeryGood-Hit1', 65.42)])
2026-08-28 22:17:04,279 INFO [Epoch 141]
2026-08-28 22:18:06,180 INFO Epoch[141] class_error 24.2084  class_error_0 31.7624  class_error_1 27.3562  class_error_2 24.9780  loss_giou 0.2504  loss_giou_0 0.3315  loss_giou_1 0.2737  loss_giou_2 0.2594  loss_iou_scores 0.0475  loss_iou_scores_0 0.0482  loss_iou_scores_1 0.0479  loss_iou_scores_2 0.0486  loss_label 0.0773  loss_label_0 0.0952  loss_label_1 0.0861  loss_label_2 0.0810  loss_mask_iou 0.0000  loss_mask_iou_0 1.3486  loss_mask_iou_1 1.3040  loss_mask_iou_2 1.2931  loss_overall 9.9201  loss_query_cgp_bind 0.0135  loss_query_cgp_route -0.0246  loss_saliency 2.8438  loss_span 0.1707  loss_span_0 0.2166  loss_span_1 0.1815  loss_span_2 0.1744
2026-08-28 22:18:06,183 INFO Generate submissions
2026-08-28 22:18:11,842 INFO Saving/Evaluating before nms results
2026-08-28 22:18:16,877 INFO metrics_no_nms OrderedDict([   ('MR-full-R1@0.5', 66.97),
                ('MR-full-R1@0.7', 51.42),
                ('MR-full-mAP', 48.41),
                ('MR-full-mAP@0.5', 68.73),
                ('MR-full-mAP@0.75', 48.95),
                ('MR-long-mAP', 55.26),
                ('MR-middle-mAP', 49.62),
                ('MR-short-mAP', 12.84),
                ('HL-min-Fair-mAP', 77.56),
                ('HL-min-Fair-Hit1', 79.35),
                ('HL-min-Good-mAP', 66.37),
                ('HL-min-Good-Hit1', 77.23),
                ('HL-min-VeryGood-mAP', 40.88),
                ('HL-min-VeryGood-Hit1', 65.61)])
2026-08-28 22:18:17,200 INFO [Epoch 142]
2026-08-28 22:19:17,694 INFO Epoch[142] class_error 24.3622  class_error_0 32.7670  class_error_1 28.0447  class_error_2 25.3483  loss_giou 0.2489  loss_giou_0 0.3290  loss_giou_1 0.2745  loss_giou_2 0.2601  loss_iou_scores 0.0484  loss_iou_scores_0 0.0478  loss_iou_scores_1 0.0477  loss_iou_scores_2 0.0487  loss_label 0.0772  loss_label_0 0.0938  loss_label_1 0.0848  loss_label_2 0.0798  loss_mask_iou 0.0000  loss_mask_iou_0 1.3434  loss_mask_iou_1 1.3027  loss_mask_iou_2 1.2881  loss_overall 9.9135  loss_query_cgp_bind 0.0138  loss_query_cgp_route -0.0246  loss_saliency 2.8473  loss_span 0.1722  loss_span_0 0.2168  loss_span_1 0.1843  loss_span_2 0.1767
2026-08-28 22:19:17,701 INFO Generate submissions
2026-08-28 22:19:23,735 INFO Saving/Evaluating before nms results
2026-08-28 22:19:28,140 INFO metrics_no_nms OrderedDict([   ('MR-full-R1@0.5', 67.03),
                ('MR-full-R1@0.7', 51.55),
                ('MR-full-mAP', 48.61),
                ('MR-full-mAP@0.5', 68.58),
                ('MR-full-mAP@0.75', 49.16),
                ('MR-long-mAP', 55.1),
                ('MR-middle-mAP', 49.86),
                ('MR-short-mAP', 13.11),
                ('HL-min-Fair-mAP', 77.69),
                ('HL-min-Fair-Hit1', 79.23),
                ('HL-min-Good-mAP', 66.35),
                ('HL-min-Good-Hit1', 76.97),
                ('HL-min-VeryGood-mAP', 40.84),
                ('HL-min-VeryGood-Hit1', 65.1)])
2026-08-28 22:19:28,448 INFO [Epoch 143]
2026-08-28 22:20:29,605 INFO Epoch[143] class_error 24.1534  class_error_0 31.5881  class_error_1 27.2648  class_error_2 24.6787  loss_giou 0.2504  loss_giou_0 0.3294  loss_giou_1 0.2731  loss_giou_2 0.2590  loss_iou_scores 0.0477  loss_iou_scores_0 0.0478  loss_iou_scores_1 0.0478  loss_iou_scores_2 0.0481  loss_label 0.0757  loss_label_0 0.0940  loss_label_1 0.0840  loss_label_2 0.0789  loss_mask_iou 0.0000  loss_mask_iou_0 1.3398  loss_mask_iou_1 1.3017  loss_mask_iou_2 1.2900  loss_overall 9.8999  loss_query_cgp_bind 0.0131  loss_query_cgp_route -0.0247  loss_saliency 2.8464  loss_span 0.1716  loss_span_0 0.2149  loss_span_1 0.1826  loss_span_2 0.1758
2026-08-28 22:20:29,607 INFO Generate submissions
2026-08-28 22:20:36,119 INFO Saving/Evaluating before nms results
2026-08-28 22:20:40,376 INFO metrics_no_nms OrderedDict([   ('MR-full-R1@0.5', 66.65),
                ('MR-full-R1@0.7', 52.06),
                ('MR-full-mAP', 48.22),
                ('MR-full-mAP@0.5', 68.22),
                ('MR-full-mAP@0.75', 49.4),
                ('MR-long-mAP', 54.79),
                ('MR-middle-mAP', 49.63),
                ('MR-short-mAP', 12.58),
                ('HL-min-Fair-mAP', 77.68),
                ('HL-min-Fair-Hit1', 78.9),
                ('HL-min-Good-mAP', 66.44),
                ('HL-min-Good-Hit1', 76.32),
                ('HL-min-VeryGood-mAP', 40.89),
                ('HL-min-VeryGood-Hit1', 64.97)])
2026-08-28 22:20:40,698 INFO [Epoch 144]
2026-08-28 22:21:41,138 INFO Epoch[144] class_error 24.2930  class_error_0 32.2758  class_error_1 27.7572  class_error_2 25.3688  loss_giou 0.2498  loss_giou_0 0.3312  loss_giou_1 0.2743  loss_giou_2 0.2597  loss_iou_scores 0.0471  loss_iou_scores_0 0.0479  loss_iou_scores_1 0.0472  loss_iou_scores_2 0.0475  loss_label 0.0765  loss_label_0 0.0953  loss_label_1 0.0856  loss_label_2 0.0799  loss_mask_iou 0.0000  loss_mask_iou_0 1.3477  loss_mask_iou_1 1.2989  loss_mask_iou_2 1.2864  loss_overall 9.9162  loss_query_cgp_bind 0.0159  loss_query_cgp_route -0.0246  loss_saliency 2.8480  loss_span 0.1728  loss_span_0 0.2178  loss_span_1 0.1826  loss_span_2 0.1759
2026-08-28 22:21:41,143 INFO Generate submissions
2026-08-28 22:21:48,631 INFO Saving/Evaluating before nms results
2026-08-28 22:21:52,891 INFO metrics_no_nms OrderedDict([   ('MR-full-R1@0.5', 66.45),
                ('MR-full-R1@0.7', 52.19),
                ('MR-full-mAP', 48.24),
                ('MR-full-mAP@0.5', 68.22),
                ('MR-full-mAP@0.75', 49.44),
                ('MR-long-mAP', 53.83),
                ('MR-middle-mAP', 49.98),
                ('MR-short-mAP', 13.53),
                ('HL-min-Fair-mAP', 77.67),
                ('HL-min-Fair-Hit1', 78.71),
                ('HL-min-Good-mAP', 66.4),
                ('HL-min-Good-Hit1', 76.39),
                ('HL-min-VeryGood-mAP', 40.79),
                ('HL-min-VeryGood-Hit1', 64.9)])
2026-08-28 22:21:53,241 INFO [Epoch 145]
2026-08-28 22:22:54,412 INFO Epoch[145] class_error 23.6834  class_error_0 32.0499  class_error_1 27.5191  class_error_2 24.9865  loss_giou 0.2508  loss_giou_0 0.3297  loss_giou_1 0.2757  loss_giou_2 0.2593  loss_iou_scores 0.0468  loss_iou_scores_0 0.0480  loss_iou_scores_1 0.0468  loss_iou_scores_2 0.0475  loss_label 0.0746  loss_label_0 0.0933  loss_label_1 0.0837  loss_label_2 0.0787  loss_mask_iou 0.0000  loss_mask_iou_0 1.3475  loss_mask_iou_1 1.3009  loss_mask_iou_2 1.2892  loss_overall 9.9096  loss_query_cgp_bind 0.0127  loss_query_cgp_route -0.0246  loss_saliency 2.8477  loss_span 0.1729  loss_span_0 0.2163  loss_span_1 0.1840  loss_span_2 0.1760
2026-08-28 22:22:54,419 INFO Generate submissions
2026-08-28 22:23:00,917 INFO Saving/Evaluating before nms results
2026-08-28 22:23:04,905 INFO metrics_no_nms OrderedDict([   ('MR-full-R1@0.5', 66.97),
                ('MR-full-R1@0.7', 51.87),
                ('MR-full-mAP', 48.32),
                ('MR-full-mAP@0.5', 68.59),
                ('MR-full-mAP@0.75', 49.25),
                ('MR-long-mAP', 54.2),
                ('MR-middle-mAP', 50.04),
                ('MR-short-mAP', 13.04),
                ('HL-min-Fair-mAP', 77.44),
                ('HL-min-Fair-Hit1', 78.84),
                ('HL-min-Good-mAP', 66.18),
                ('HL-min-Good-Hit1', 76.45),
                ('HL-min-VeryGood-mAP', 40.7),
                ('HL-min-VeryGood-Hit1', 64.84)])
2026-08-28 22:23:05,297 INFO [Epoch 146]
2026-08-28 22:24:07,613 INFO Epoch[146] class_error 23.7139  class_error_0 31.2132  class_error_1 26.7964  class_error_2 24.5008  loss_giou 0.2473  loss_giou_0 0.3253  loss_giou_1 0.2698  loss_giou_2 0.2556  loss_iou_scores 0.0470  loss_iou_scores_0 0.0484  loss_iou_scores_1 0.0477  loss_iou_scores_2 0.0479  loss_label 0.0756  loss_label_0 0.0936  loss_label_1 0.0850  loss_label_2 0.0794  loss_mask_iou 0.0000  loss_mask_iou_0 1.3187  loss_mask_iou_1 1.2801  loss_mask_iou_2 1.2774  loss_overall 9.8166  loss_query_cgp_bind 0.0148  loss_query_cgp_route -0.0247  loss_saliency 2.8451  loss_span 0.1695  loss_span_0 0.2122  loss_span_1 0.1791  loss_span_2 0.1721
2026-08-28 22:24:07,617 INFO Generate submissions
2026-08-28 22:24:15,321 INFO Saving/Evaluating before nms results
2026-08-28 22:24:19,404 INFO metrics_no_nms OrderedDict([   ('MR-full-R1@0.5', 66.77),
                ('MR-full-R1@0.7', 51.61),
                ('MR-full-mAP', 48.25),
                ('MR-full-mAP@0.5', 68.24),
                ('MR-full-mAP@0.75', 49.3),
                ('MR-long-mAP', 54.48),
                ('MR-middle-mAP', 49.89),
                ('MR-short-mAP', 12.76),
                ('HL-min-Fair-mAP', 77.57),
                ('HL-min-Fair-Hit1', 79.03),
                ('HL-min-Good-mAP', 66.3),
                ('HL-min-Good-Hit1', 76.84),
                ('HL-min-VeryGood-mAP', 40.73),
                ('HL-min-VeryGood-Hit1', 65.23)])
2026-08-28 22:24:19,828 INFO [Epoch 147]
2026-08-28 22:25:21,010 INFO Epoch[147] class_error 24.1021  class_error_0 32.4871  class_error_1 27.2157  class_error_2 25.4020  loss_giou 0.2484  loss_giou_0 0.3300  loss_giou_1 0.2722  loss_giou_2 0.2577  loss_iou_scores 0.0472  loss_iou_scores_0 0.0483  loss_iou_scores_1 0.0476  loss_iou_scores_2 0.0478  loss_label 0.0767  loss_label_0 0.0953  loss_label_1 0.0862  loss_label_2 0.0806  loss_mask_iou 0.0000  loss_mask_iou_0 1.3345  loss_mask_iou_1 1.2880  loss_mask_iou_2 1.2695  loss_overall 9.8532  loss_query_cgp_bind 0.0144  loss_query_cgp_route -0.0245  loss_saliency 2.8465  loss_span 0.1695  loss_span_0 0.2132  loss_span_1 0.1785  loss_span_2 0.1722
2026-08-28 22:25:21,017 INFO Generate submissions
2026-08-28 22:25:27,887 INFO Saving/Evaluating before nms results
2026-08-28 22:25:32,761 INFO metrics_no_nms OrderedDict([   ('MR-full-R1@0.5', 67.48),
                ('MR-full-R1@0.7', 52.13),
                ('MR-full-mAP', 48.59),
                ('MR-full-mAP@0.5', 68.61),
                ('MR-full-mAP@0.75', 49.3),
                ('MR-long-mAP', 54.9),
                ('MR-middle-mAP', 50.18),
                ('MR-short-mAP', 12.67),
                ('HL-min-Fair-mAP', 77.49),
                ('HL-min-Fair-Hit1', 78.45),
                ('HL-min-Good-mAP', 66.23),
                ('HL-min-Good-Hit1', 76.45),
                ('HL-min-VeryGood-mAP', 40.71),
                ('HL-min-VeryGood-Hit1', 65.16)])
2026-08-28 22:25:33,231 INFO [Epoch 148]
2026-08-28 22:26:35,320 INFO Epoch[148] class_error 24.0191  class_error_0 32.0879  class_error_1 26.8767  class_error_2 24.8881  loss_giou 0.2506  loss_giou_0 0.3301  loss_giou_1 0.2741  loss_giou_2 0.2598  loss_iou_scores 0.0473  loss_iou_scores_0 0.0476  loss_iou_scores_1 0.0480  loss_iou_scores_2 0.0481  loss_label 0.0759  loss_label_0 0.0938  loss_label_1 0.0856  loss_label_2 0.0792  loss_mask_iou 0.0000  loss_mask_iou_0 1.3452  loss_mask_iou_1 1.3047  loss_mask_iou_2 1.2944  loss_overall 9.9035  loss_query_cgp_bind 0.0135  loss_query_cgp_route -0.0247  loss_saliency 2.8433  loss_span 0.1702  loss_span_0 0.2150  loss_span_1 0.1799  loss_span_2 0.1743
2026-08-28 22:26:35,328 INFO Generate submissions
2026-08-28 22:26:42,378 INFO Saving/Evaluating before nms results
2026-08-28 22:26:47,385 INFO metrics_no_nms OrderedDict([   ('MR-full-R1@0.5', 67.74),
                ('MR-full-R1@0.7', 52.39),
                ('MR-full-mAP', 48.52),
                ('MR-full-mAP@0.5', 68.66),
                ('MR-full-mAP@0.75', 49.02),
                ('MR-long-mAP', 54.05),
                ('MR-middle-mAP', 50.51),
                ('MR-short-mAP', 13.1),
                ('HL-min-Fair-mAP', 77.53),
                ('HL-min-Fair-Hit1', 78.45),
                ('HL-min-Good-mAP', 66.31),
                ('HL-min-Good-Hit1', 76.19),
                ('HL-min-VeryGood-mAP', 40.68),
                ('HL-min-VeryGood-Hit1', 64.06)])
2026-08-28 22:26:47,768 INFO [Epoch 149]
2026-08-28 22:27:48,775 INFO Epoch[149] class_error 23.5248  class_error_0 31.5920  class_error_1 26.9731  class_error_2 24.7220  loss_giou 0.2492  loss_giou_0 0.3299  loss_giou_1 0.2743  loss_giou_2 0.2589  loss_iou_scores 0.0472  loss_iou_scores_0 0.0477  loss_iou_scores_1 0.0479  loss_iou_scores_2 0.0481  loss_label 0.0757  loss_label_0 0.0931  loss_label_1 0.0845  loss_label_2 0.0795  loss_mask_iou 0.0000  loss_mask_iou_0 1.3326  loss_mask_iou_1 1.2943  loss_mask_iou_2 1.2812  loss_overall 9.8712  loss_query_cgp_bind 0.0137  loss_query_cgp_route -0.0246  loss_saliency 2.8419  loss_span 0.1719  loss_span_0 0.2170  loss_span_1 0.1829  loss_span_2 0.1754
2026-08-28 22:27:48,779 INFO Generate submissions
2026-08-28 22:27:55,951 INFO Saving/Evaluating before nms results
2026-08-28 22:28:00,075 INFO metrics_no_nms OrderedDict([   ('MR-full-R1@0.5', 68.13),
                ('MR-full-R1@0.7', 52.06),
                ('MR-full-mAP', 48.63),
                ('MR-full-mAP@0.5', 68.99),
                ('MR-full-mAP@0.75', 49.21),
                ('MR-long-mAP', 55.15),
                ('MR-middle-mAP', 50.22),
                ('MR-short-mAP', 12.36),
                ('HL-min-Fair-mAP', 77.73),
                ('HL-min-Fair-Hit1', 78.52),
                ('HL-min-Good-mAP', 66.54),
                ('HL-min-Good-Hit1', 76.39),
                ('HL-min-VeryGood-mAP', 40.76),
                ('HL-min-VeryGood-Hit1', 64.45)])
2026-08-28 22:28:00,488 INFO [Epoch 150]
2026-08-28 22:29:02,098 INFO Epoch[150] class_error 23.4416  class_error_0 31.1463  class_error_1 26.7878  class_error_2 24.0127  loss_giou 0.2504  loss_giou_0 0.3293  loss_giou_1 0.2757  loss_giou_2 0.2602  loss_iou_scores 0.0470  loss_iou_scores_0 0.0473  loss_iou_scores_1 0.0471  loss_iou_scores_2 0.0474  loss_label 0.0759  loss_label_0 0.0940  loss_label_1 0.0846  loss_label_2 0.0791  loss_mask_iou 0.0000  loss_mask_iou_0 1.3449  loss_mask_iou_1 1.3029  loss_mask_iou_2 1.2953  loss_overall 9.9186  loss_query_cgp_bind 0.0132  loss_query_cgp_route -0.0246  loss_saliency 2.8476  loss_span 0.1720  loss_span_0 0.2166  loss_span_1 0.1838  loss_span_2 0.1763
2026-08-28 22:29:02,105 INFO Generate submissions
2026-08-28 22:29:09,343 INFO Saving/Evaluating before nms results
2026-08-28 22:29:13,498 INFO metrics_no_nms OrderedDict([   ('MR-full-R1@0.5', 68.06),
                ('MR-full-R1@0.7', 52.45),
                ('MR-full-mAP', 48.8),
                ('MR-full-mAP@0.5', 68.98),
                ('MR-full-mAP@0.75', 49.63),
                ('MR-long-mAP', 55.33),
                ('MR-middle-mAP', 50.31),
                ('MR-short-mAP', 12.52),
                ('HL-min-Fair-mAP', 77.77),
                ('HL-min-Fair-Hit1', 78.97),
                ('HL-min-Good-mAP', 66.48),
                ('HL-min-Good-Hit1', 76.84),
                ('HL-min-VeryGood-mAP', 40.79),
                ('HL-min-VeryGood-Hit1', 65.03)])
2026-08-28 22:29:14,064 INFO [Epoch 151]
2026-08-28 22:30:15,537 INFO Epoch[151] class_error 23.9417  class_error_0 32.2260  class_error_1 27.5641  class_error_2 24.6006  loss_giou 0.2485  loss_giou_0 0.3296  loss_giou_1 0.2736  loss_giou_2 0.2582  loss_iou_scores 0.0470  loss_iou_scores_0 0.0473  loss_iou_scores_1 0.0471  loss_iou_scores_2 0.0472  loss_label 0.0760  loss_label_0 0.0943  loss_label_1 0.0845  loss_label_2 0.0789  loss_mask_iou 0.0000  loss_mask_iou_0 1.3275  loss_mask_iou_1 1.2893  loss_mask_iou_2 1.2764  loss_overall 9.8442  loss_query_cgp_bind 0.0133  loss_query_cgp_route -0.0247  loss_saliency 2.8370  loss_span 0.1715  loss_span_0 0.2163  loss_span_1 0.1821  loss_span_2 0.1750
2026-08-28 22:30:15,541 INFO Generate submissions
2026-08-28 22:30:22,164 INFO Saving/Evaluating before nms results
2026-08-28 22:30:26,270 INFO metrics_no_nms OrderedDict([   ('MR-full-R1@0.5', 67.94),
                ('MR-full-R1@0.7', 52.65),
                ('MR-full-mAP', 48.82),
                ('MR-full-mAP@0.5', 69.11),
                ('MR-full-mAP@0.75', 49.71),
                ('MR-long-mAP', 54.47),
                ('MR-middle-mAP', 50.7),
                ('MR-short-mAP', 13.05),
                ('HL-min-Fair-mAP', 77.88),
                ('HL-min-Fair-Hit1', 79.35),
                ('HL-min-Good-mAP', 66.66),
                ('HL-min-Good-Hit1', 77.23),
                ('HL-min-VeryGood-mAP', 40.87),
                ('HL-min-VeryGood-Hit1', 65.1)])
2026-08-28 22:30:26,650 INFO [Epoch 152]
2026-08-28 22:31:27,679 INFO Epoch[152] class_error 23.8016  class_error_0 32.6420  class_error_1 27.3743  class_error_2 24.6538  loss_giou 0.2481  loss_giou_0 0.3285  loss_giou_1 0.2720  loss_giou_2 0.2577  loss_iou_scores 0.0480  loss_iou_scores_0 0.0486  loss_iou_scores_1 0.0481  loss_iou_scores_2 0.0482  loss_label 0.0755  loss_label_0 0.0944  loss_label_1 0.0841  loss_label_2 0.0790  loss_mask_iou 0.0000  loss_mask_iou_0 1.3174  loss_mask_iou_1 1.2849  loss_mask_iou_2 1.2678  loss_overall 9.8196  loss_query_cgp_bind 0.0134  loss_query_cgp_route -0.0246  loss_saliency 2.8433  loss_span 0.1691  loss_span_0 0.2119  loss_span_1 0.1797  loss_span_2 0.1725
2026-08-28 22:31:27,682 INFO Generate submissions
2026-08-28 22:31:34,610 INFO Saving/Evaluating before nms results
2026-08-28 22:31:38,883 INFO metrics_no_nms OrderedDict([   ('MR-full-R1@0.5', 67.87),
                ('MR-full-R1@0.7', 52.77),
                ('MR-full-mAP', 48.99),
                ('MR-full-mAP@0.5', 68.73),
                ('MR-full-mAP@0.75', 49.98),
                ('MR-long-mAP', 55.06),
                ('MR-middle-mAP', 50.53),
                ('MR-short-mAP', 13.48),
                ('HL-min-Fair-mAP', 77.78),
                ('HL-min-Fair-Hit1', 79.1),
                ('HL-min-Good-mAP', 66.5),
                ('HL-min-Good-Hit1', 77.03),
                ('HL-min-VeryGood-mAP', 40.74),
                ('HL-min-VeryGood-Hit1', 64.77)])
2026-08-28 22:31:39,298 INFO [Epoch 153]
2026-08-28 22:32:41,065 INFO Epoch[153] class_error 23.9627  class_error_0 31.5896  class_error_1 27.4481  class_error_2 24.6018  loss_giou 0.2470  loss_giou_0 0.3278  loss_giou_1 0.2714  loss_giou_2 0.2564  loss_iou_scores 0.0465  loss_iou_scores_0 0.0476  loss_iou_scores_1 0.0474  loss_iou_scores_2 0.0468  loss_label 0.0759  loss_label_0 0.0943  loss_label_1 0.0846  loss_label_2 0.0792  loss_mask_iou 0.0000  loss_mask_iou_0 1.3208  loss_mask_iou_1 1.2761  loss_mask_iou_2 1.2634  loss_overall 9.7954  loss_query_cgp_bind 0.0132  loss_query_cgp_route -0.0246  loss_saliency 2.8407  loss_span 0.1676  loss_span_0 0.2129  loss_span_1 0.1786  loss_span_2 0.1716
2026-08-28 22:32:41,069 INFO Generate submissions
2026-08-28 22:32:47,001 INFO Saving/Evaluating before nms results
2026-08-28 22:32:51,087 INFO metrics_no_nms OrderedDict([   ('MR-full-R1@0.5', 67.94),
                ('MR-full-R1@0.7', 52.39),
                ('MR-full-mAP', 48.56),
                ('MR-full-mAP@0.5', 68.92),
                ('MR-full-mAP@0.75', 49.16),
                ('MR-long-mAP', 54.74),
                ('MR-middle-mAP', 50.32),
                ('MR-short-mAP', 12.73),
                ('HL-min-Fair-mAP', 77.54),
                ('HL-min-Fair-Hit1', 78.13),
                ('HL-min-Good-mAP', 66.26),
                ('HL-min-Good-Hit1', 76.13),
                ('HL-min-VeryGood-mAP', 40.6),
                ('HL-min-VeryGood-Hit1', 64.06)])
2026-08-28 22:32:51,489 INFO [Epoch 154]
2026-08-28 22:33:52,613 INFO Epoch[154] class_error 23.4175  class_error_0 31.0555  class_error_1 26.8396  class_error_2 24.6530  loss_giou 0.2496  loss_giou_0 0.3285  loss_giou_1 0.2740  loss_giou_2 0.2582  loss_iou_scores 0.0465  loss_iou_scores_0 0.0476  loss_iou_scores_1 0.0472  loss_iou_scores_2 0.0473  loss_label 0.0764  loss_label_0 0.0936  loss_label_1 0.0850  loss_label_2 0.0797  loss_mask_iou 0.0000  loss_mask_iou_0 1.3354  loss_mask_iou_1 1.2979  loss_mask_iou_2 1.2856  loss_overall 9.8704  loss_query_cgp_bind 0.0140  loss_query_cgp_route -0.0246  loss_saliency 2.8421  loss_span 0.1699  loss_span_0 0.2125  loss_span_1 0.1808  loss_span_2 0.1735
2026-08-28 22:33:52,616 INFO Generate submissions
2026-08-28 22:33:59,681 INFO Saving/Evaluating before nms results
2026-08-28 22:34:03,712 INFO metrics_no_nms OrderedDict([   ('MR-full-R1@0.5', 67.74),
                ('MR-full-R1@0.7', 52.26),
                ('MR-full-mAP', 48.81),
                ('MR-full-mAP@0.5', 68.92),
                ('MR-full-mAP@0.75', 49.74),
                ('MR-long-mAP', 55.49),
                ('MR-middle-mAP', 50.26),
                ('MR-short-mAP', 12.59),
                ('HL-min-Fair-mAP', 77.75),
                ('HL-min-Fair-Hit1', 78.97),
                ('HL-min-Good-mAP', 66.51),
                ('HL-min-Good-Hit1', 76.77),
                ('HL-min-VeryGood-mAP', 40.82),
                ('HL-min-VeryGood-Hit1', 64.9)])
2026-08-28 22:34:04,072 INFO [Epoch 155]
2026-08-28 22:35:04,632 INFO Epoch[155] class_error 23.8640  class_error_0 31.7495  class_error_1 27.1615  class_error_2 24.8280  loss_giou 0.2469  loss_giou_0 0.3276  loss_giou_1 0.2720  loss_giou_2 0.2569  loss_iou_scores 0.0473  loss_iou_scores_0 0.0481  loss_iou_scores_1 0.0477  loss_iou_scores_2 0.0479  loss_label 0.0769  loss_label_0 0.0937  loss_label_1 0.0842  loss_label_2 0.0800  loss_mask_iou 0.0000  loss_mask_iou_0 1.3158  loss_mask_iou_1 1.2749  loss_mask_iou_2 1.2643  loss_overall 9.7953  loss_query_cgp_bind 0.0134  loss_query_cgp_route -0.0246  loss_saliency 2.8395  loss_span 0.1681  loss_span_0 0.2129  loss_span_1 0.1788  loss_span_2 0.1720
2026-08-28 22:35:04,635 INFO Generate submissions
2026-08-28 22:35:11,622 INFO Saving/Evaluating before nms results
2026-08-28 22:35:15,637 INFO metrics_no_nms OrderedDict([   ('MR-full-R1@0.5', 67.55),
                ('MR-full-R1@0.7', 53.1),
                ('MR-full-mAP', 48.77),
                ('MR-full-mAP@0.5', 68.67),
                ('MR-full-mAP@0.75', 49.37),
                ('MR-long-mAP', 54.83),
                ('MR-middle-mAP', 50.34),
                ('MR-short-mAP', 13.09),
                ('HL-min-Fair-mAP', 77.61),
                ('HL-min-Fair-Hit1', 78.77),
                ('HL-min-Good-mAP', 66.35),
                ('HL-min-Good-Hit1', 76.84),
                ('HL-min-VeryGood-mAP', 40.73),
                ('HL-min-VeryGood-Hit1', 64.71)])
2026-08-28 22:35:15,908 INFO [Epoch 156]
2026-08-28 22:36:17,861 INFO Epoch[156] class_error 23.3017  class_error_0 31.7430  class_error_1 26.4028  class_error_2 23.8895  loss_giou 0.2481  loss_giou_0 0.3264  loss_giou_1 0.2705  loss_giou_2 0.2569  loss_iou_scores 0.0470  loss_iou_scores_0 0.0480  loss_iou_scores_1 0.0474  loss_iou_scores_2 0.0474  loss_label 0.0744  loss_label_0 0.0928  loss_label_1 0.0837  loss_label_2 0.0780  loss_mask_iou 0.0000  loss_mask_iou_0 1.3221  loss_mask_iou_1 1.2816  loss_mask_iou_2 1.2722  loss_overall 9.8129  loss_query_cgp_bind 0.0136  loss_query_cgp_route -0.0247  loss_saliency 2.8423  loss_span 0.1699  loss_span_0 0.2128  loss_span_1 0.1796  loss_span_2 0.1735
2026-08-28 22:36:17,864 INFO Generate submissions
2026-08-28 22:36:24,719 INFO Saving/Evaluating before nms results
2026-08-28 22:36:28,635 INFO metrics_no_nms OrderedDict([   ('MR-full-R1@0.5', 68.06),
                ('MR-full-R1@0.7', 52.32),
                ('MR-full-mAP', 48.85),
                ('MR-full-mAP@0.5', 68.94),
                ('MR-full-mAP@0.75', 49.73),
                ('MR-long-mAP', 55.51),
                ('MR-middle-mAP', 50.13),
                ('MR-short-mAP', 12.9),
                ('HL-min-Fair-mAP', 77.7),
                ('HL-min-Fair-Hit1', 78.84),
                ('HL-min-Good-mAP', 66.49),
                ('HL-min-Good-Hit1', 76.71),
                ('HL-min-VeryGood-mAP', 40.84),
                ('HL-min-VeryGood-Hit1', 65.03)])
2026-08-28 22:36:28,920 INFO [Epoch 157]
2026-08-28 22:37:30,632 INFO Epoch[157] class_error 23.7593  class_error_0 31.7495  class_error_1 26.5350  class_error_2 24.3745  loss_giou 0.2466  loss_giou_0 0.3244  loss_giou_1 0.2691  loss_giou_2 0.2557  loss_iou_scores 0.0466  loss_iou_scores_0 0.0478  loss_iou_scores_1 0.0470  loss_iou_scores_2 0.0471  loss_label 0.0747  loss_label_0 0.0933  loss_label_1 0.0835  loss_label_2 0.0777  loss_mask_iou 0.0000  loss_mask_iou_0 1.3210  loss_mask_iou_1 1.2840  loss_mask_iou_2 1.2718  loss_overall 9.8045  loss_query_cgp_bind 0.0139  loss_query_cgp_route -0.0245  loss_saliency 2.8431  loss_span 0.1688  loss_span_0 0.2112  loss_span_1 0.1794  loss_span_2 0.1730
2026-08-28 22:37:30,635 INFO Generate submissions
2026-08-28 22:37:38,019 INFO Saving/Evaluating before nms results
2026-08-28 22:37:42,165 INFO metrics_no_nms OrderedDict([   ('MR-full-R1@0.5', 67.55),
                ('MR-full-R1@0.7', 52.26),
                ('MR-full-mAP', 48.71),
                ('MR-full-mAP@0.5', 68.94),
                ('MR-full-mAP@0.75', 49.59),
                ('MR-long-mAP', 54.71),
                ('MR-middle-mAP', 50.27),
                ('MR-short-mAP', 13.37),
                ('HL-min-Fair-mAP', 77.77),
                ('HL-min-Fair-Hit1', 78.97),
                ('HL-min-Good-mAP', 66.51),
                ('HL-min-Good-Hit1', 76.97),
                ('HL-min-VeryGood-mAP', 40.83),
                ('HL-min-VeryGood-Hit1', 65.03)])
2026-08-28 22:37:42,503 INFO [Epoch 158]
2026-08-28 22:38:44,491 INFO Epoch[158] class_error 23.4548  class_error_0 31.1107  class_error_1 26.9247  class_error_2 24.5598  loss_giou 0.2455  loss_giou_0 0.3258  loss_giou_1 0.2698  loss_giou_2 0.2557  loss_iou_scores 0.0458  loss_iou_scores_0 0.0483  loss_iou_scores_1 0.0467  loss_iou_scores_2 0.0463  loss_label 0.0748  loss_label_0 0.0930  loss_label_1 0.0838  loss_label_2 0.0785  loss_mask_iou 0.0000  loss_mask_iou_0 1.3320  loss_mask_iou_1 1.2853  loss_mask_iou_2 1.2798  loss_overall 9.8166  loss_query_cgp_bind 0.0136  loss_query_cgp_route -0.0246  loss_saliency 2.8440  loss_span 0.1656  loss_span_0 0.2109  loss_span_1 0.1761  loss_span_2 0.1695
2026-08-28 22:38:44,493 INFO Generate submissions
2026-08-28 22:38:50,356 INFO Saving/Evaluating before nms results
2026-08-28 22:38:54,424 INFO metrics_no_nms OrderedDict([   ('MR-full-R1@0.5', 67.61),
                ('MR-full-R1@0.7', 52.71),
                ('MR-full-mAP', 48.85),
                ('MR-full-mAP@0.5', 68.8),
                ('MR-full-mAP@0.75', 50.1),
                ('MR-long-mAP', 55.46),
                ('MR-middle-mAP', 50.55),
                ('MR-short-mAP', 12.66),
                ('HL-min-Fair-mAP', 77.76),
                ('HL-min-Fair-Hit1', 78.9),
                ('HL-min-Good-mAP', 66.5),
                ('HL-min-Good-Hit1', 76.97),
                ('HL-min-VeryGood-mAP', 40.69),
                ('HL-min-VeryGood-Hit1', 64.77)])
2026-08-28 22:38:54,764 INFO [Epoch 159]
2026-08-28 22:39:56,171 INFO Epoch[159] class_error 23.1113  class_error_0 30.9363  class_error_1 26.4164  class_error_2 23.8647  loss_giou 0.2479  loss_giou_0 0.3294  loss_giou_1 0.2723  loss_giou_2 0.2575  loss_iou_scores 0.0473  loss_iou_scores_0 0.0481  loss_iou_scores_1 0.0474  loss_iou_scores_2 0.0479  loss_label 0.0751  loss_label_0 0.0939  loss_label_1 0.0841  loss_label_2 0.0782  loss_mask_iou 0.0000  loss_mask_iou_0 1.3351  loss_mask_iou_1 1.2923  loss_mask_iou_2 1.2854  loss_overall 9.8683  loss_query_cgp_bind 0.0126  loss_query_cgp_route -0.0246  loss_saliency 2.8425  loss_span 0.1712  loss_span_0 0.2158  loss_span_1 0.1812  loss_span_2 0.1750
2026-08-28 22:39:56,173 INFO Generate submissions
2026-08-28 22:40:02,799 INFO Saving/Evaluating before nms results
2026-08-28 22:40:06,644 INFO metrics_no_nms OrderedDict([   ('MR-full-R1@0.5', 67.42),
                ('MR-full-R1@0.7', 52.77),
                ('MR-full-mAP', 48.71),
                ('MR-full-mAP@0.5', 68.55),
                ('MR-full-mAP@0.75', 49.65),
                ('MR-long-mAP', 54.94),
                ('MR-middle-mAP', 50.25),
                ('MR-short-mAP', 13.42),
                ('HL-min-Fair-mAP', 77.49),
                ('HL-min-Fair-Hit1', 78.39),
                ('HL-min-Good-mAP', 66.26),
                ('HL-min-Good-Hit1', 76.19),
                ('HL-min-VeryGood-mAP', 40.7),
                ('HL-min-VeryGood-Hit1', 64.71)])
2026-08-28 22:40:06,935 INFO [Epoch 160]
2026-08-28 22:41:08,110 INFO Epoch[160] class_error 23.5990  class_error_0 31.7029  class_error_1 27.0233  class_error_2 24.2160  loss_giou 0.2456  loss_giou_0 0.3285  loss_giou_1 0.2697  loss_giou_2 0.2548  loss_iou_scores 0.0475  loss_iou_scores_0 0.0484  loss_iou_scores_1 0.0478  loss_iou_scores_2 0.0481  loss_label 0.0752  loss_label_0 0.0938  loss_label_1 0.0841  loss_label_2 0.0789  loss_mask_iou 0.0000  loss_mask_iou_0 1.3181  loss_mask_iou_1 1.2790  loss_mask_iou_2 1.2646  loss_overall 9.7959  loss_query_cgp_bind 0.0132  loss_query_cgp_route -0.0246  loss_saliency 2.8400  loss_span 0.1692  loss_span_0 0.2119  loss_span_1 0.1789  loss_span_2 0.1725
2026-08-28 22:41:08,111 INFO Generate submissions
2026-08-28 22:41:14,179 INFO Saving/Evaluating before nms results
2026-08-28 22:41:18,420 INFO metrics_no_nms OrderedDict([   ('MR-full-R1@0.5', 67.29),
                ('MR-full-R1@0.7', 52.13),
                ('MR-full-mAP', 48.69),
                ('MR-full-mAP@0.5', 68.85),
                ('MR-full-mAP@0.75', 49.71),
                ('MR-long-mAP', 54.94),
                ('MR-middle-mAP', 50.08),
                ('MR-short-mAP', 13.37),
                ('HL-min-Fair-mAP', 77.44),
                ('HL-min-Fair-Hit1', 78.26),
                ('HL-min-Good-mAP', 66.24),
                ('HL-min-Good-Hit1', 76.0),
                ('HL-min-VeryGood-mAP', 40.76),
                ('HL-min-VeryGood-Hit1', 64.77)])
2026-08-28 22:41:18,723 INFO [Epoch 161]
2026-08-28 22:42:18,865 INFO Epoch[161] class_error 23.8555  class_error_0 31.5886  class_error_1 26.9301  class_error_2 24.1295  loss_giou 0.2462  loss_giou_0 0.3270  loss_giou_1 0.2706  loss_giou_2 0.2556  loss_iou_scores 0.0469  loss_iou_scores_0 0.0474  loss_iou_scores_1 0.0472  loss_iou_scores_2 0.0474  loss_label 0.0758  loss_label_0 0.0941  loss_label_1 0.0839  loss_label_2 0.0785  loss_mask_iou 0.0000  loss_mask_iou_0 1.3137  loss_mask_iou_1 1.2760  loss_mask_iou_2 1.2652  loss_overall 9.7887  loss_query_cgp_bind 0.0139  loss_query_cgp_route -0.0245  loss_saliency 2.8461  loss_span 0.1673  loss_span_0 0.2112  loss_span_1 0.1783  loss_span_2 0.1712
2026-08-28 22:42:18,868 INFO Generate submissions
2026-08-28 22:42:24,744 INFO Saving/Evaluating before nms results
2026-08-28 22:42:29,517 INFO metrics_no_nms OrderedDict([   ('MR-full-R1@0.5', 67.48),
                ('MR-full-R1@0.7', 52.19),
                ('MR-full-mAP', 48.49),
                ('MR-full-mAP@0.5', 68.73),
                ('MR-full-mAP@0.75', 49.15),
                ('MR-long-mAP', 54.85),
                ('MR-middle-mAP', 50.09),
                ('MR-short-mAP', 12.8),
                ('HL-min-Fair-mAP', 77.59),
                ('HL-min-Fair-Hit1', 78.13),
                ('HL-min-Good-mAP', 66.35),
                ('HL-min-Good-Hit1', 75.87),
                ('HL-min-VeryGood-mAP', 40.62),
                ('HL-min-VeryGood-Hit1', 63.81)])
2026-08-28 22:42:29,819 INFO [Epoch 162]
2026-08-28 22:43:31,052 INFO Epoch[162] class_error 23.9308  class_error_0 31.6365  class_error_1 27.0885  class_error_2 24.8266  loss_giou 0.2450  loss_giou_0 0.3246  loss_giou_1 0.2672  loss_giou_2 0.2537  loss_iou_scores 0.0464  loss_iou_scores_0 0.0476  loss_iou_scores_1 0.0469  loss_iou_scores_2 0.0471  loss_label 0.0758  loss_label_0 0.0933  loss_label_1 0.0841  loss_label_2 0.0792  loss_mask_iou 0.0000  loss_mask_iou_0 1.3201  loss_mask_iou_1 1.2840  loss_mask_iou_2 1.2695  loss_overall 9.7813  loss_query_cgp_bind 0.0130  loss_query_cgp_route -0.0246  loss_saliency 2.8363  loss_span 0.1648  loss_span_0 0.2109  loss_span_1 0.1757  loss_span_2 0.1691
2026-08-28 22:43:31,055 INFO Generate submissions
2026-08-28 22:43:36,823 INFO Saving/Evaluating before nms results
2026-08-28 22:43:41,401 INFO metrics_no_nms OrderedDict([   ('MR-full-R1@0.5', 67.74),
                ('MR-full-R1@0.7', 52.45),
                ('MR-full-mAP', 48.9),
                ('MR-full-mAP@0.5', 68.99),
                ('MR-full-mAP@0.75', 49.63),
                ('MR-long-mAP', 55.3),
                ('MR-middle-mAP', 50.52),
                ('MR-short-mAP', 12.81),
                ('HL-min-Fair-mAP', 77.53),
                ('HL-min-Fair-Hit1', 78.13),
                ('HL-min-Good-mAP', 66.24),
                ('HL-min-Good-Hit1', 76.0),
                ('HL-min-VeryGood-mAP', 40.61),
                ('HL-min-VeryGood-Hit1', 63.74)])
2026-08-28 22:43:41,717 INFO [Epoch 163]
2026-08-28 22:44:41,883 INFO Epoch[163] class_error 22.8996  class_error_0 30.4885  class_error_1 26.3552  class_error_2 24.0999  loss_giou 0.2459  loss_giou_0 0.3252  loss_giou_1 0.2700  loss_giou_2 0.2560  loss_iou_scores 0.0468  loss_iou_scores_0 0.0479  loss_iou_scores_1 0.0472  loss_iou_scores_2 0.0473  loss_label 0.0744  loss_label_0 0.0920  loss_label_1 0.0828  loss_label_2 0.0778  loss_mask_iou 0.0000  loss_mask_iou_0 1.3253  loss_mask_iou_1 1.2802  loss_mask_iou_2 1.2727  loss_overall 9.7968  loss_query_cgp_bind 0.0138  loss_query_cgp_route -0.0246  loss_saliency 2.8402  loss_span 0.1671  loss_span_0 0.2101  loss_span_1 0.1773  loss_span_2 0.1709
2026-08-28 22:44:41,886 INFO Generate submissions
2026-08-28 22:44:46,507 INFO Saving/Evaluating before nms results
2026-08-28 22:44:51,912 INFO metrics_no_nms OrderedDict([   ('MR-full-R1@0.5', 68.45),
                ('MR-full-R1@0.7', 52.84),
                ('MR-full-mAP', 48.92),
                ('MR-full-mAP@0.5', 69.09),
                ('MR-full-mAP@0.75', 49.74),
                ('MR-long-mAP', 54.92),
                ('MR-middle-mAP', 50.67),
                ('MR-short-mAP', 12.91),
                ('HL-min-Fair-mAP', 77.76),
                ('HL-min-Fair-Hit1', 78.77),
                ('HL-min-Good-mAP', 66.43),
                ('HL-min-Good-Hit1', 76.65),
                ('HL-min-VeryGood-mAP', 40.63),
                ('HL-min-VeryGood-Hit1', 63.94)])
2026-08-28 22:44:52,209 INFO [Epoch 164]
2026-08-28 22:45:53,268 INFO Epoch[164] class_error 23.1317  class_error_0 31.9876  class_error_1 27.2018  class_error_2 23.7670  loss_giou 0.2457  loss_giou_0 0.3271  loss_giou_1 0.2680  loss_giou_2 0.2552  loss_iou_scores 0.0467  loss_iou_scores_0 0.0475  loss_iou_scores_1 0.0471  loss_iou_scores_2 0.0469  loss_label 0.0737  loss_label_0 0.0930  loss_label_1 0.0825  loss_label_2 0.0770  loss_mask_iou 0.0000  loss_mask_iou_0 1.3255  loss_mask_iou_1 1.2770  loss_mask_iou_2 1.2651  loss_overall 9.7834  loss_query_cgp_bind 0.0130  loss_query_cgp_route -0.0246  loss_saliency 2.8378  loss_span 0.1675  loss_span_0 0.2125  loss_span_1 0.1772  loss_span_2 0.1711
2026-08-28 22:45:53,271 INFO Generate submissions
2026-08-28 22:45:58,597 INFO Saving/Evaluating before nms results
2026-08-28 22:46:03,119 INFO metrics_no_nms OrderedDict([   ('MR-full-R1@0.5', 67.74),
                ('MR-full-R1@0.7', 52.06),
                ('MR-full-mAP', 48.63),
                ('MR-full-mAP@0.5', 68.79),
                ('MR-full-mAP@0.75', 49.28),
                ('MR-long-mAP', 54.42),
                ('MR-middle-mAP', 50.39),
                ('MR-short-mAP', 13.03),
                ('HL-min-Fair-mAP', 77.83),
                ('HL-min-Fair-Hit1', 78.97),
                ('HL-min-Good-mAP', 66.57),
                ('HL-min-Good-Hit1', 76.84),
                ('HL-min-VeryGood-mAP', 40.81),
                ('HL-min-VeryGood-Hit1', 65.35)])
2026-08-28 22:46:03,433 INFO [Epoch 165]
2026-08-28 22:47:03,546 INFO Epoch[165] class_error 23.8206  class_error_0 32.0492  class_error_1 27.4386  class_error_2 24.2048  loss_giou 0.2443  loss_giou_0 0.3248  loss_giou_1 0.2680  loss_giou_2 0.2533  loss_iou_scores 0.0476  loss_iou_scores_0 0.0484  loss_iou_scores_1 0.0477  loss_iou_scores_2 0.0486  loss_label 0.0750  loss_label_0 0.0940  loss_label_1 0.0843  loss_label_2 0.0784  loss_mask_iou 0.0000  loss_mask_iou_0 1.3155  loss_mask_iou_1 1.2682  loss_mask_iou_2 1.2604  loss_overall 9.7644  loss_query_cgp_bind 0.0129  loss_query_cgp_route -0.0246  loss_saliency 2.8425  loss_span 0.1663  loss_span_0 0.2100  loss_span_1 0.1769  loss_span_2 0.1703
2026-08-28 22:47:03,548 INFO Generate submissions
2026-08-28 22:47:08,509 INFO Saving/Evaluating before nms results
2026-08-28 22:47:13,169 INFO metrics_no_nms OrderedDict([   ('MR-full-R1@0.5', 68.06),
                ('MR-full-R1@0.7', 52.97),
                ('MR-full-mAP', 48.82),
                ('MR-full-mAP@0.5', 68.82),
                ('MR-full-mAP@0.75', 49.36),
                ('MR-long-mAP', 54.26),
                ('MR-middle-mAP', 50.82),
                ('MR-short-mAP', 13.38),
                ('HL-min-Fair-mAP', 77.79),
                ('HL-min-Fair-Hit1', 78.32),
                ('HL-min-Good-mAP', 66.5),
                ('HL-min-Good-Hit1', 76.58),
                ('HL-min-VeryGood-mAP', 40.74),
                ('HL-min-VeryGood-Hit1', 64.13)])
2026-08-28 22:47:13,506 INFO [Epoch 166]
2026-08-28 22:48:13,108 INFO Epoch[166] class_error 23.3261  class_error_0 31.7330  class_error_1 26.6107  class_error_2 24.2727  loss_giou 0.2442  loss_giou_0 0.3255  loss_giou_1 0.2687  loss_giou_2 0.2542  loss_iou_scores 0.0476  loss_iou_scores_0 0.0481  loss_iou_scores_1 0.0477  loss_iou_scores_2 0.0479  loss_label 0.0744  loss_label_0 0.0933  loss_label_1 0.0836  loss_label_2 0.0780  loss_mask_iou 0.0000  loss_mask_iou_0 1.3049  loss_mask_iou_1 1.2711  loss_mask_iou_2 1.2571  loss_overall 9.7476  loss_query_cgp_bind 0.0127  loss_query_cgp_route -0.0247  loss_saliency 2.8350  loss_span 0.1674  loss_span_0 0.2116  loss_span_1 0.1780  loss_span_2 0.1713
2026-08-28 22:48:13,111 INFO Generate submissions
2026-08-28 22:48:18,419 INFO Saving/Evaluating before nms results
2026-08-28 22:48:24,083 INFO metrics_no_nms OrderedDict([   ('MR-full-R1@0.5', 67.61),
                ('MR-full-R1@0.7', 52.77),
                ('MR-full-mAP', 48.53),
                ('MR-full-mAP@0.5', 68.46),
                ('MR-full-mAP@0.75', 49.7),
                ('MR-long-mAP', 55.01),
                ('MR-middle-mAP', 49.94),
                ('MR-short-mAP', 13.06),
                ('HL-min-Fair-mAP', 77.79),
                ('HL-min-Fair-Hit1', 79.23),
                ('HL-min-Good-mAP', 66.52),
                ('HL-min-Good-Hit1', 77.29),
                ('HL-min-VeryGood-mAP', 40.86),
                ('HL-min-VeryGood-Hit1', 65.55)])
2026-08-28 22:48:24,403 INFO [Epoch 167]
2026-08-28 22:49:24,628 INFO Epoch[167] class_error 23.1932  class_error_0 31.1468  class_error_1 26.7131  class_error_2 24.4163  loss_giou 0.2450  loss_giou_0 0.3248  loss_giou_1 0.2695  loss_giou_2 0.2528  loss_iou_scores 0.0470  loss_iou_scores_0 0.0481  loss_iou_scores_1 0.0475  loss_iou_scores_2 0.0477  loss_label 0.0741  loss_label_0 0.0928  loss_label_1 0.0832  loss_label_2 0.0777  loss_mask_iou 0.0000  loss_mask_iou_0 1.3141  loss_mask_iou_1 1.2736  loss_mask_iou_2 1.2574  loss_overall 9.7525  loss_query_cgp_bind 0.0123  loss_query_cgp_route -0.0246  loss_saliency 2.8466  loss_span 0.1658  loss_span_0 0.2096  loss_span_1 0.1758  loss_span_2 0.1686
2026-08-28 22:49:24,631 INFO Generate submissions
2026-08-28 22:49:30,159 INFO Saving/Evaluating before nms results
2026-08-28 22:49:35,390 INFO metrics_no_nms OrderedDict([   ('MR-full-R1@0.5', 67.87),
                ('MR-full-R1@0.7', 53.03),
                ('MR-full-mAP', 49.06),
                ('MR-full-mAP@0.5', 68.91),
                ('MR-full-mAP@0.75', 49.95),
                ('MR-long-mAP', 55.43),
                ('MR-middle-mAP', 50.77),
                ('MR-short-mAP', 12.79),
                ('HL-min-Fair-mAP', 77.66),
                ('HL-min-Fair-Hit1', 78.9),
                ('HL-min-Good-mAP', 66.42),
                ('HL-min-Good-Hit1', 76.65),
                ('HL-min-VeryGood-mAP', 40.78),
                ('HL-min-VeryGood-Hit1', 64.13)])
2026-08-28 22:49:35,698 INFO [Epoch 168]
2026-08-28 22:50:35,485 INFO Epoch[168] class_error 23.3062  class_error_0 31.2980  class_error_1 26.6090  class_error_2 23.7384  loss_giou 0.2431  loss_giou_0 0.3247  loss_giou_1 0.2681  loss_giou_2 0.2530  loss_iou_scores 0.0462  loss_iou_scores_0 0.0473  loss_iou_scores_1 0.0466  loss_iou_scores_2 0.0467  loss_label 0.0739  loss_label_0 0.0929  loss_label_1 0.0825  loss_label_2 0.0774  loss_mask_iou 0.0000  loss_mask_iou_0 1.3038  loss_mask_iou_1 1.2674  loss_mask_iou_2 1.2529  loss_overall 9.7210  loss_query_cgp_bind 0.0122  loss_query_cgp_route -0.0246  loss_saliency 2.8376  loss_span 0.1653  loss_span_0 0.2102  loss_span_1 0.1758  loss_span_2 0.1692
2026-08-28 22:50:35,487 INFO Generate submissions
2026-08-28 22:50:41,185 INFO Saving/Evaluating before nms results
2026-08-28 22:50:46,837 INFO metrics_no_nms OrderedDict([   ('MR-full-R1@0.5', 67.48),
                ('MR-full-R1@0.7', 52.39),
                ('MR-full-mAP', 48.75),
                ('MR-full-mAP@0.5', 68.66),
                ('MR-full-mAP@0.75', 49.77),
                ('MR-long-mAP', 55.02),
                ('MR-middle-mAP', 50.15),
                ('MR-short-mAP', 13.29),
                ('HL-min-Fair-mAP', 77.79),
                ('HL-min-Fair-Hit1', 79.1),
                ('HL-min-Good-mAP', 66.51),
                ('HL-min-Good-Hit1', 76.9),
                ('HL-min-VeryGood-mAP', 40.84),
                ('HL-min-VeryGood-Hit1', 64.58)])
2026-08-28 22:50:47,129 INFO [Epoch 169]
2026-08-28 22:51:48,166 INFO Epoch[169] class_error 23.1053  class_error_0 31.7831  class_error_1 26.5991  class_error_2 23.7286  loss_giou 0.2441  loss_giou_0 0.3268  loss_giou_1 0.2703  loss_giou_2 0.2540  loss_iou_scores 0.0461  loss_iou_scores_0 0.0476  loss_iou_scores_1 0.0463  loss_iou_scores_2 0.0466  loss_label 0.0740  loss_label_0 0.0915  loss_label_1 0.0827  loss_label_2 0.0775  loss_mask_iou 0.0000  loss_mask_iou_0 1.3189  loss_mask_iou_1 1.2737  loss_mask_iou_2 1.2604  loss_overall 9.7683  loss_query_cgp_bind 0.0131  loss_query_cgp_route -0.0245  loss_saliency 2.8399  loss_span 0.1686  loss_span_0 0.2125  loss_span_1 0.1793  loss_span_2 0.1728
2026-08-28 22:51:48,172 INFO Generate submissions
2026-08-28 22:51:53,935 INFO Saving/Evaluating before nms results
2026-08-28 22:52:00,007 INFO metrics_no_nms OrderedDict([   ('MR-full-R1@0.5', 67.81),
                ('MR-full-R1@0.7', 52.71),
                ('MR-full-mAP', 48.88),
                ('MR-full-mAP@0.5', 69.11),
                ('MR-full-mAP@0.75', 49.73),
                ('MR-long-mAP', 55.35),
                ('MR-middle-mAP', 50.21),
                ('MR-short-mAP', 12.89),
                ('HL-min-Fair-mAP', 77.4),
                ('HL-min-Fair-Hit1', 79.42),
                ('HL-min-Good-mAP', 66.23),
                ('HL-min-Good-Hit1', 77.42),
                ('HL-min-VeryGood-mAP', 40.81),
                ('HL-min-VeryGood-Hit1', 65.48)])
2026-08-28 22:52:00,336 INFO [Epoch 170]
2026-08-28 22:53:00,539 INFO Epoch[170] class_error 23.2156  class_error_0 31.1231  class_error_1 26.0501  class_error_2 23.7981  loss_giou 0.2419  loss_giou_0 0.3230  loss_giou_1 0.2673  loss_giou_2 0.2510  loss_iou_scores 0.0469  loss_iou_scores_0 0.0485  loss_iou_scores_1 0.0466  loss_iou_scores_2 0.0476  loss_label 0.0748  loss_label_0 0.0928  loss_label_1 0.0834  loss_label_2 0.0780  loss_mask_iou 0.0000  loss_mask_iou_0 1.2976  loss_mask_iou_1 1.2590  loss_mask_iou_2 1.2496  loss_overall 9.6977  loss_query_cgp_bind 0.0119  loss_query_cgp_route -0.0245  loss_saliency 2.8430  loss_span 0.1629  loss_span_0 0.2086  loss_span_1 0.1739  loss_span_2 0.1665
2026-08-28 22:53:00,543 INFO Generate submissions
2026-08-28 22:53:05,988 INFO Saving/Evaluating before nms results
2026-08-28 22:53:11,355 INFO metrics_no_nms OrderedDict([   ('MR-full-R1@0.5', 67.61),
                ('MR-full-R1@0.7', 52.52),
                ('MR-full-mAP', 48.62),
                ('MR-full-mAP@0.5', 68.55),
                ('MR-full-mAP@0.75', 49.87),
                ('MR-long-mAP', 54.39),
                ('MR-middle-mAP', 50.44),
                ('MR-short-mAP', 13.05),
                ('HL-min-Fair-mAP', 77.79),
                ('HL-min-Fair-Hit1', 79.16),
                ('HL-min-Good-mAP', 66.49),
                ('HL-min-Good-Hit1', 77.1),
                ('HL-min-VeryGood-mAP', 40.78),
                ('HL-min-VeryGood-Hit1', 64.58)])
2026-08-28 22:53:11,694 INFO [Epoch 171]
2026-08-28 22:54:11,934 INFO Epoch[171] class_error 22.9896  class_error_0 31.3314  class_error_1 26.0643  class_error_2 23.9741  loss_giou 0.2439  loss_giou_0 0.3264  loss_giou_1 0.2668  loss_giou_2 0.2533  loss_iou_scores 0.0462  loss_iou_scores_0 0.0478  loss_iou_scores_1 0.0467  loss_iou_scores_2 0.0466  loss_label 0.0745  loss_label_0 0.0931  loss_label_1 0.0840  loss_label_2 0.0783  loss_mask_iou 0.0000  loss_mask_iou_0 1.2955  loss_mask_iou_1 1.2589  loss_mask_iou_2 1.2444  loss_overall 9.7008  loss_query_cgp_bind 0.0116  loss_query_cgp_route -0.0246  loss_saliency 2.8435  loss_span 0.1645  loss_span_0 0.2100  loss_span_1 0.1755  loss_span_2 0.1682
2026-08-28 22:54:11,938 INFO Generate submissions
2026-08-28 22:54:17,066 INFO Saving/Evaluating before nms results
2026-08-28 22:54:22,226 INFO metrics_no_nms OrderedDict([   ('MR-full-R1@0.5', 67.68),
                ('MR-full-R1@0.7', 52.84),
                ('MR-full-mAP', 48.72),
                ('MR-full-mAP@0.5', 68.85),
                ('MR-full-mAP@0.75', 49.83),
                ('MR-long-mAP', 54.36),
                ('MR-middle-mAP', 50.67),
                ('MR-short-mAP', 13.21),
                ('HL-min-Fair-mAP', 77.97),
                ('HL-min-Fair-Hit1', 79.29),
                ('HL-min-Good-mAP', 66.7),
                ('HL-min-Good-Hit1', 77.23),
                ('HL-min-VeryGood-mAP', 40.93),
                ('HL-min-VeryGood-Hit1', 65.87)])
2026-08-28 22:54:22,587 INFO [Epoch 172]
2026-08-28 22:55:22,986 INFO Epoch[172] class_error 23.2194  class_error_0 31.5071  class_error_1 26.7886  class_error_2 24.1550  loss_giou 0.2426  loss_giou_0 0.3232  loss_giou_1 0.2670  loss_giou_2 0.2512  loss_iou_scores 0.0469  loss_iou_scores_0 0.0480  loss_iou_scores_1 0.0474  loss_iou_scores_2 0.0476  loss_label 0.0743  loss_label_0 0.0929  loss_label_1 0.0842  loss_label_2 0.0779  loss_mask_iou 0.0000  loss_mask_iou_0 1.3051  loss_mask_iou_1 1.2597  loss_mask_iou_2 1.2536  loss_overall 9.7082  loss_query_cgp_bind 0.0130  loss_query_cgp_route -0.0245  loss_saliency 2.8358  loss_span 0.1638  loss_span_0 0.2072  loss_span_1 0.1737  loss_span_2 0.1674
2026-08-28 22:55:22,989 INFO Generate submissions
2026-08-28 22:55:27,750 INFO Saving/Evaluating before nms results
2026-08-28 22:55:32,904 INFO metrics_no_nms OrderedDict([   ('MR-full-R1@0.5', 67.61),
                ('MR-full-R1@0.7', 52.45),
                ('MR-full-mAP', 48.9),
                ('MR-full-mAP@0.5', 68.66),
                ('MR-full-mAP@0.75', 49.72),
                ('MR-long-mAP', 54.44),
                ('MR-middle-mAP', 50.97),
                ('MR-short-mAP', 13.03),
                ('HL-min-Fair-mAP', 77.92),
                ('HL-min-Fair-Hit1', 79.61),
                ('HL-min-Good-mAP', 66.67),
                ('HL-min-Good-Hit1', 77.61),
                ('HL-min-VeryGood-mAP', 40.94),
                ('HL-min-VeryGood-Hit1', 66.0)])
2026-08-28 22:55:33,231 INFO [Epoch 173]
2026-08-28 22:56:32,880 INFO Epoch[173] class_error 22.3869  class_error_0 30.9575  class_error_1 25.9206  class_error_2 23.2677  loss_giou 0.2433  loss_giou_0 0.3234  loss_giou_1 0.2669  loss_giou_2 0.2530  loss_iou_scores 0.0462  loss_iou_scores_0 0.0475  loss_iou_scores_1 0.0465  loss_iou_scores_2 0.0466  loss_label 0.0725  loss_label_0 0.0917  loss_label_1 0.0829  loss_label_2 0.0765  loss_mask_iou 0.0000  loss_mask_iou_0 1.2960  loss_mask_iou_1 1.2493  loss_mask_iou_2 1.2436  loss_overall 9.6693  loss_query_cgp_bind 0.0126  loss_query_cgp_route -0.0246  loss_saliency 2.8326  loss_span 0.1659  loss_span_0 0.2083  loss_span_1 0.1744  loss_span_2 0.1689
2026-08-28 22:56:32,882 INFO Generate submissions
2026-08-28 22:56:38,285 INFO Saving/Evaluating before nms results
2026-08-28 22:56:43,210 INFO metrics_no_nms OrderedDict([   ('MR-full-R1@0.5', 67.23),
                ('MR-full-R1@0.7', 52.26),
                ('MR-full-mAP', 48.68),
                ('MR-full-mAP@0.5', 68.56),
                ('MR-full-mAP@0.75', 49.89),
                ('MR-long-mAP', 54.22),
                ('MR-middle-mAP', 50.77),
                ('MR-short-mAP', 12.7),
                ('HL-min-Fair-mAP', 78.02),
                ('HL-min-Fair-Hit1', 80.06),
                ('HL-min-Good-mAP', 66.77),
                ('HL-min-Good-Hit1', 77.87),
                ('HL-min-VeryGood-mAP', 41.0),
                ('HL-min-VeryGood-Hit1', 65.81)])
2026-08-28 22:56:43,796 INFO [Epoch 174]
2026-08-28 22:57:44,143 INFO Epoch[174] class_error 22.7257  class_error_0 31.4237  class_error_1 26.2785  class_error_2 23.2131  loss_giou 0.2420  loss_giou_0 0.3242  loss_giou_1 0.2670  loss_giou_2 0.2516  loss_iou_scores 0.0468  loss_iou_scores_0 0.0480  loss_iou_scores_1 0.0469  loss_iou_scores_2 0.0477  loss_label 0.0732  loss_label_0 0.0922  loss_label_1 0.0824  loss_label_2 0.0764  loss_mask_iou 0.0000  loss_mask_iou_0 1.3015  loss_mask_iou_1 1.2637  loss_mask_iou_2 1.2513  loss_overall 9.6986  loss_query_cgp_bind 0.0124  loss_query_cgp_route -0.0246  loss_saliency 2.8389  loss_span 0.1631  loss_span_0 0.2067  loss_span_1 0.1734  loss_span_2 0.1668
2026-08-28 22:57:44,147 INFO Generate submissions
2026-08-28 22:57:50,422 INFO Saving/Evaluating before nms results
2026-08-28 22:57:56,330 INFO metrics_no_nms OrderedDict([   ('MR-full-R1@0.5', 67.03),
                ('MR-full-R1@0.7', 52.45),
                ('MR-full-mAP', 48.81),
                ('MR-full-mAP@0.5', 68.21),
                ('MR-full-mAP@0.75', 49.89),
                ('MR-long-mAP', 54.52),
                ('MR-middle-mAP', 50.62),
                ('MR-short-mAP', 13.27),
                ('HL-min-Fair-mAP', 77.92),
                ('HL-min-Fair-Hit1', 79.48),
                ('HL-min-Good-mAP', 66.67),
                ('HL-min-Good-Hit1', 77.42),
                ('HL-min-VeryGood-mAP', 40.92),
                ('HL-min-VeryGood-Hit1', 65.42)])
2026-08-28 22:57:56,610 INFO [Epoch 175]
2026-08-28 22:58:56,738 INFO Epoch[175] class_error 22.8055  class_error_0 31.5624  class_error_1 26.6481  class_error_2 23.9422  loss_giou 0.2412  loss_giou_0 0.3221  loss_giou_1 0.2659  loss_giou_2 0.2505  loss_iou_scores 0.0464  loss_iou_scores_0 0.0471  loss_iou_scores_1 0.0466  loss_iou_scores_2 0.0468  loss_label 0.0734  loss_label_0 0.0916  loss_label_1 0.0826  loss_label_2 0.0770  loss_mask_iou 0.0000  loss_mask_iou_0 1.2953  loss_mask_iou_1 1.2501  loss_mask_iou_2 1.2401  loss_overall 9.6759  loss_query_cgp_bind 0.0132  loss_query_cgp_route -0.0245  loss_saliency 2.8387  loss_span 0.1663  loss_span_0 0.2095  loss_span_1 0.1766  loss_span_2 0.1698
2026-08-28 22:58:56,741 INFO Generate submissions
2026-08-28 22:59:02,061 INFO Saving/Evaluating before nms results
2026-08-28 22:59:07,531 INFO metrics_no_nms OrderedDict([   ('MR-full-R1@0.5', 67.35),
                ('MR-full-R1@0.7', 52.84),
                ('MR-full-mAP', 48.62),
                ('MR-full-mAP@0.5', 68.6),
                ('MR-full-mAP@0.75', 49.08),
                ('MR-long-mAP', 54.61),
                ('MR-middle-mAP', 50.52),
                ('MR-short-mAP', 12.7),
                ('HL-min-Fair-mAP', 77.8),
                ('HL-min-Fair-Hit1', 79.03),
                ('HL-min-Good-mAP', 66.56),
                ('HL-min-Good-Hit1', 76.9),
                ('HL-min-VeryGood-mAP', 40.83),
                ('HL-min-VeryGood-Hit1', 65.42)])
2026-08-28 22:59:07,870 INFO [Epoch 176]
2026-08-28 23:00:07,554 INFO Epoch[176] class_error 22.9065  class_error_0 31.0451  class_error_1 26.5846  class_error_2 23.4099  loss_giou 0.2401  loss_giou_0 0.3234  loss_giou_1 0.2643  loss_giou_2 0.2490  loss_iou_scores 0.0471  loss_iou_scores_0 0.0473  loss_iou_scores_1 0.0475  loss_iou_scores_2 0.0481  loss_label 0.0739  loss_label_0 0.0924  loss_label_1 0.0827  loss_label_2 0.0770  loss_mask_iou 0.0000  loss_mask_iou_0 1.2919  loss_mask_iou_1 1.2426  loss_mask_iou_2 1.2367  loss_overall 9.6447  loss_query_cgp_bind 0.0128  loss_query_cgp_route -0.0246  loss_saliency 2.8385  loss_span 0.1620  loss_span_0 0.2072  loss_span_1 0.1726  loss_span_2 0.1663
2026-08-28 23:00:07,557 INFO Generate submissions
2026-08-28 23:00:13,119 INFO Saving/Evaluating before nms results
2026-08-28 23:00:18,113 INFO metrics_no_nms OrderedDict([   ('MR-full-R1@0.5', 68.0),
                ('MR-full-R1@0.7', 52.97),
                ('MR-full-mAP', 48.91),
                ('MR-full-mAP@0.5', 68.82),
                ('MR-full-mAP@0.75', 49.97),
                ('MR-long-mAP', 55.44),
                ('MR-middle-mAP', 50.4),
                ('MR-short-mAP', 12.93),
                ('HL-min-Fair-mAP', 77.62),
                ('HL-min-Fair-Hit1', 79.1),
                ('HL-min-Good-mAP', 66.36),
                ('HL-min-Good-Hit1', 76.84),
                ('HL-min-VeryGood-mAP', 40.8),
                ('HL-min-VeryGood-Hit1', 65.35)])
2026-08-28 23:00:18,614 INFO [Epoch 177]
2026-08-28 23:01:18,703 INFO Epoch[177] class_error 23.3282  class_error_0 31.2779  class_error_1 26.3671  class_error_2 24.1072  loss_giou 0.2416  loss_giou_0 0.3239  loss_giou_1 0.2661  loss_giou_2 0.2517  loss_iou_scores 0.0470  loss_iou_scores_0 0.0474  loss_iou_scores_1 0.0474  loss_iou_scores_2 0.0477  loss_label 0.0750  loss_label_0 0.0931  loss_label_1 0.0837  loss_label_2 0.0782  loss_mask_iou 0.0000  loss_mask_iou_0 1.2897  loss_mask_iou_1 1.2453  loss_mask_iou_2 1.2344  loss_overall 9.6639  loss_query_cgp_bind 0.0129  loss_query_cgp_route -0.0246  loss_saliency 2.8381  loss_span 0.1630  loss_span_0 0.2089  loss_span_1 0.1738  loss_span_2 0.1671
2026-08-28 23:01:18,706 INFO Generate submissions
2026-08-28 23:01:24,598 INFO Saving/Evaluating before nms results
2026-08-28 23:01:29,711 INFO metrics_no_nms OrderedDict([   ('MR-full-R1@0.5', 67.35),
                ('MR-full-R1@0.7', 52.26),
                ('MR-full-mAP', 48.57),
                ('MR-full-mAP@0.5', 68.72),
                ('MR-full-mAP@0.75', 49.3),
                ('MR-long-mAP', 54.52),
                ('MR-middle-mAP', 50.34),
                ('MR-short-mAP', 12.88),
                ('HL-min-Fair-mAP', 77.47),
                ('HL-min-Fair-Hit1', 78.71),
                ('HL-min-Good-mAP', 66.25),
                ('HL-min-Good-Hit1', 76.32),
                ('HL-min-VeryGood-mAP', 40.62),
                ('HL-min-VeryGood-Hit1', 64.84)])
2026-08-28 23:01:30,042 INFO [Epoch 178]
2026-08-28 23:02:29,842 INFO Epoch[178] class_error 23.4482  class_error_0 30.7707  class_error_1 26.2363  class_error_2 23.5729  loss_giou 0.2410  loss_giou_0 0.3258  loss_giou_1 0.2650  loss_giou_2 0.2496  loss_iou_scores 0.0460  loss_iou_scores_0 0.0471  loss_iou_scores_1 0.0464  loss_iou_scores_2 0.0466  loss_label 0.0739  loss_label_0 0.0922  loss_label_1 0.0823  loss_label_2 0.0772  loss_mask_iou 0.0000  loss_mask_iou_0 1.2958  loss_mask_iou_1 1.2476  loss_mask_iou_2 1.2394  loss_overall 9.6555  loss_query_cgp_bind 0.0120  loss_query_cgp_route -0.0246  loss_saliency 2.8333  loss_span 0.1633  loss_span_0 0.2101  loss_span_1 0.1745  loss_span_2 0.1670
2026-08-28 23:02:29,845 INFO Generate submissions
2026-08-28 23:02:34,690 INFO Saving/Evaluating before nms results
2026-08-28 23:02:40,011 INFO metrics_no_nms OrderedDict([   ('MR-full-R1@0.5', 67.42),
                ('MR-full-R1@0.7', 52.84),
                ('MR-full-mAP', 49.17),
                ('MR-full-mAP@0.5', 68.6),
                ('MR-full-mAP@0.75', 50.16),
                ('MR-long-mAP', 54.82),
                ('MR-middle-mAP', 50.87),
                ('MR-short-mAP', 13.34),
                ('HL-min-Fair-mAP', 77.68),
                ('HL-min-Fair-Hit1', 78.77),
                ('HL-min-Good-mAP', 66.45),
                ('HL-min-Good-Hit1', 76.84),
                ('HL-min-VeryGood-mAP', 40.77),
                ('HL-min-VeryGood-Hit1', 64.9)])
2026-08-28 23:02:40,400 INFO [Best] epoch 178, MR-full-mAP 49.1700
2026-08-28 23:02:40,763 INFO [Epoch 179]
2026-08-28 23:03:40,387 INFO Epoch[179] class_error 22.9352  class_error_0 30.0529  class_error_1 25.9140  class_error_2 23.9957  loss_giou 0.2432  loss_giou_0 0.3275  loss_giou_1 0.2679  loss_giou_2 0.2527  loss_iou_scores 0.0462  loss_iou_scores_0 0.0477  loss_iou_scores_1 0.0465  loss_iou_scores_2 0.0470  loss_label 0.0743  loss_label_0 0.0921  loss_label_1 0.0822  loss_label_2 0.0776  loss_mask_iou 0.0000  loss_mask_iou_0 1.2997  loss_mask_iou_1 1.2563  loss_mask_iou_2 1.2458  loss_overall 9.6996  loss_query_cgp_bind 0.0118  loss_query_cgp_route -0.0246  loss_saliency 2.8402  loss_span 0.1645  loss_span_0 0.2102  loss_span_1 0.1760  loss_span_2 0.1689
2026-08-28 23:03:40,390 INFO Generate submissions
2026-08-28 23:03:45,803 INFO Saving/Evaluating before nms results
2026-08-28 23:03:50,649 INFO metrics_no_nms OrderedDict([   ('MR-full-R1@0.5', 67.55),
                ('MR-full-R1@0.7', 53.16),
                ('MR-full-mAP', 48.81),
                ('MR-full-mAP@0.5', 68.64),
                ('MR-full-mAP@0.75', 49.7),
                ('MR-long-mAP', 54.25),
                ('MR-middle-mAP', 50.9),
                ('MR-short-mAP', 13.05),
                ('HL-min-Fair-mAP', 77.77),
                ('HL-min-Fair-Hit1', 79.23),
                ('HL-min-Good-mAP', 66.51),
                ('HL-min-Good-Hit1', 77.16),
                ('HL-min-VeryGood-mAP', 40.91),
                ('HL-min-VeryGood-Hit1', 65.29)])
2026-08-28 23:03:51,100 INFO [Epoch 180]
2026-08-28 23:04:51,412 INFO Epoch[180] class_error 23.0640  class_error_0 30.9817  class_error_1 26.6740  class_error_2 23.5251  loss_giou 0.2414  loss_giou_0 0.3210  loss_giou_1 0.2644  loss_giou_2 0.2512  loss_iou_scores 0.0455  loss_iou_scores_0 0.0468  loss_iou_scores_1 0.0466  loss_iou_scores_2 0.0463  loss_label 0.0731  loss_label_0 0.0917  loss_label_1 0.0819  loss_label_2 0.0763  loss_mask_iou 0.0000  loss_mask_iou_0 1.2901  loss_mask_iou_1 1.2508  loss_mask_iou_2 1.2439  loss_overall 9.6596  loss_query_cgp_bind 0.0126  loss_query_cgp_route -0.0246  loss_saliency 2.8336  loss_span 0.1656  loss_span_0 0.2092  loss_span_1 0.1757  loss_span_2 0.1691
2026-08-28 23:04:51,417 INFO Generate submissions
2026-08-28 23:04:56,713 INFO Saving/Evaluating before nms results
2026-08-28 23:05:01,644 INFO metrics_no_nms OrderedDict([   ('MR-full-R1@0.5', 67.42),
                ('MR-full-R1@0.7', 51.87),
                ('MR-full-mAP', 48.52),
                ('MR-full-mAP@0.5', 68.83),
                ('MR-full-mAP@0.75', 49.38),
                ('MR-long-mAP', 55.28),
                ('MR-middle-mAP', 50.08),
                ('MR-short-mAP', 12.36),
                ('HL-min-Fair-mAP', 77.58),
                ('HL-min-Fair-Hit1', 78.97),
                ('HL-min-Good-mAP', 66.39),
                ('HL-min-Good-Hit1', 76.65),
                ('HL-min-VeryGood-mAP', 40.85),
                ('HL-min-VeryGood-Hit1', 65.16)])
2026-08-28 23:05:02,121 INFO [Epoch 181]
2026-08-28 23:06:02,997 INFO Epoch[181] class_error 23.2187  class_error_0 31.0290  class_error_1 26.5302  class_error_2 24.0527  loss_giou 0.2409  loss_giou_0 0.3247  loss_giou_1 0.2646  loss_giou_2 0.2501  loss_iou_scores 0.0461  loss_iou_scores_0 0.0475  loss_iou_scores_1 0.0463  loss_iou_scores_2 0.0465  loss_label 0.0738  loss_label_0 0.0927  loss_label_1 0.0824  loss_label_2 0.0768  loss_mask_iou 0.0000  loss_mask_iou_0 1.3023  loss_mask_iou_1 1.2555  loss_mask_iou_2 1.2437  loss_overall 9.6749  loss_query_cgp_bind 0.0132  loss_query_cgp_route -0.0247  loss_saliency 2.8390  loss_span 0.1632  loss_span_0 0.2070  loss_span_1 0.1724  loss_span_2 0.1671
2026-08-28 23:06:03,001 INFO Generate submissions
2026-08-28 23:06:07,982 INFO Saving/Evaluating before nms results
2026-08-28 23:06:12,948 INFO metrics_no_nms OrderedDict([   ('MR-full-R1@0.5', 67.55),
                ('MR-full-R1@0.7', 52.84),
                ('MR-full-mAP', 48.81),
                ('MR-full-mAP@0.5', 68.59),
                ('MR-full-mAP@0.75', 50.2),
                ('MR-long-mAP', 54.73),
                ('MR-middle-mAP', 50.64),
                ('MR-short-mAP', 12.88),
                ('HL-min-Fair-mAP', 77.94),
                ('HL-min-Fair-Hit1', 79.16),
                ('HL-min-Good-mAP', 66.65),
                ('HL-min-Good-Hit1', 77.23),
                ('HL-min-VeryGood-mAP', 40.92),
                ('HL-min-VeryGood-Hit1', 65.16)])
2026-08-28 23:06:13,478 INFO [Epoch 182]
2026-08-28 23:07:12,836 INFO Epoch[182] class_error 22.3671  class_error_0 30.8702  class_error_1 25.9618  class_error_2 23.5143  loss_giou 0.2441  loss_giou_0 0.3236  loss_giou_1 0.2680  loss_giou_2 0.2520  loss_iou_scores 0.0457  loss_iou_scores_0 0.0474  loss_iou_scores_1 0.0466  loss_iou_scores_2 0.0465  loss_label 0.0722  loss_label_0 0.0914  loss_label_1 0.0822  loss_label_2 0.0761  loss_mask_iou 0.0000  loss_mask_iou_0 1.2935  loss_mask_iou_1 1.2563  loss_mask_iou_2 1.2431  loss_overall 9.6767  loss_query_cgp_bind 0.0123  loss_query_cgp_route -0.0245  loss_saliency 2.8364  loss_span 0.1656  loss_span_0 0.2092  loss_span_1 0.1759  loss_span_2 0.1685
2026-08-28 23:07:12,839 INFO Generate submissions
2026-08-28 23:07:17,928 INFO Saving/Evaluating before nms results
2026-08-28 23:07:22,127 INFO metrics_no_nms OrderedDict([   ('MR-full-R1@0.5', 67.55),
                ('MR-full-R1@0.7', 52.32),
                ('MR-full-mAP', 48.57),
                ('MR-full-mAP@0.5', 68.79),
                ('MR-full-mAP@0.75', 49.55),
                ('MR-long-mAP', 54.19),
                ('MR-middle-mAP', 50.54),
                ('MR-short-mAP', 12.86),
                ('HL-min-Fair-mAP', 77.63),
                ('HL-min-Fair-Hit1', 78.65),
                ('HL-min-Good-mAP', 66.41),
                ('HL-min-Good-Hit1', 76.26),
                ('HL-min-VeryGood-mAP', 40.77),
                ('HL-min-VeryGood-Hit1', 64.39)])
2026-08-28 23:07:22,654 INFO [Epoch 183]
2026-08-28 23:08:23,177 INFO Epoch[183] class_error 22.5340  class_error_0 31.1026  class_error_1 26.2195  class_error_2 23.5889  loss_giou 0.2414  loss_giou_0 0.3214  loss_giou_1 0.2639  loss_giou_2 0.2498  loss_iou_scores 0.0459  loss_iou_scores_0 0.0480  loss_iou_scores_1 0.0462  loss_iou_scores_2 0.0464  loss_label 0.0724  loss_label_0 0.0914  loss_label_1 0.0818  loss_label_2 0.0764  loss_mask_iou 0.0000  loss_mask_iou_0 1.2986  loss_mask_iou_1 1.2565  loss_mask_iou_2 1.2396  loss_overall 9.6586  loss_query_cgp_bind 0.0126  loss_query_cgp_route -0.0246  loss_saliency 2.8354  loss_span 0.1645  loss_span_0 0.2075  loss_span_1 0.1736  loss_span_2 0.1679
2026-08-28 23:08:23,182 INFO Generate submissions
2026-08-28 23:08:29,242 INFO Saving/Evaluating before nms results
2026-08-28 23:08:34,255 INFO metrics_no_nms OrderedDict([   ('MR-full-R1@0.5', 67.68),
                ('MR-full-R1@0.7', 52.77),
                ('MR-full-mAP', 48.68),
                ('MR-full-mAP@0.5', 68.6),
                ('MR-full-mAP@0.75', 49.52),
                ('MR-long-mAP', 54.73),
                ('MR-middle-mAP', 50.36),
                ('MR-short-mAP', 13.13),
                ('HL-min-Fair-mAP', 77.95),
                ('HL-min-Fair-Hit1', 79.87),
                ('HL-min-Good-mAP', 66.67),
                ('HL-min-Good-Hit1', 77.68),
                ('HL-min-VeryGood-mAP', 40.88),
                ('HL-min-VeryGood-Hit1', 65.23)])
2026-08-28 23:08:34,695 INFO [Epoch 184]
2026-08-28 23:09:34,356 INFO Epoch[184] class_error 22.6624  class_error_0 30.6076  class_error_1 26.0949  class_error_2 23.4301  loss_giou 0.2426  loss_giou_0 0.3244  loss_giou_1 0.2666  loss_giou_2 0.2526  loss_iou_scores 0.0458  loss_iou_scores_0 0.0469  loss_iou_scores_1 0.0466  loss_iou_scores_2 0.0464  loss_label 0.0730  loss_label_0 0.0904  loss_label_1 0.0812  loss_label_2 0.0763  loss_mask_iou 0.0000  loss_mask_iou_0 1.2946  loss_mask_iou_1 1.2503  loss_mask_iou_2 1.2368  loss_overall 9.6553  loss_query_cgp_bind 0.0117  loss_query_cgp_route -0.0246  loss_saliency 2.8347  loss_span 0.1640  loss_span_0 0.2094  loss_span_1 0.1733  loss_span_2 0.1677
2026-08-28 23:09:34,358 INFO Generate submissions
2026-08-28 23:09:39,183 INFO Saving/Evaluating before nms results
2026-08-28 23:09:43,990 INFO metrics_no_nms OrderedDict([   ('MR-full-R1@0.5', 67.1),
                ('MR-full-R1@0.7', 52.32),
                ('MR-full-mAP', 48.27),
                ('MR-full-mAP@0.5', 68.19),
                ('MR-full-mAP@0.75', 49.21),
                ('MR-long-mAP', 54.01),
                ('MR-middle-mAP', 50.0),
                ('MR-short-mAP', 12.97),
                ('HL-min-Fair-mAP', 77.89),
                ('HL-min-Fair-Hit1', 79.48),
                ('HL-min-Good-mAP', 66.62),
                ('HL-min-Good-Hit1', 77.48),
                ('HL-min-VeryGood-mAP', 40.74),
                ('HL-min-VeryGood-Hit1', 65.23)])
2026-08-28 23:09:44,610 INFO [Epoch 185]
2026-08-28 23:10:44,684 INFO Epoch[185] class_error 22.5342  class_error_0 30.7646  class_error_1 25.6559  class_error_2 23.5995  loss_giou 0.2409  loss_giou_0 0.3236  loss_giou_1 0.2660  loss_giou_2 0.2510  loss_iou_scores 0.0457  loss_iou_scores_0 0.0471  loss_iou_scores_1 0.0460  loss_iou_scores_2 0.0460  loss_label 0.0724  loss_label_0 0.0909  loss_label_1 0.0815  loss_label_2 0.0761  loss_mask_iou 0.0000  loss_mask_iou_0 1.2797  loss_mask_iou_1 1.2445  loss_mask_iou_2 1.2307  loss_overall 9.6182  loss_query_cgp_bind 0.0120  loss_query_cgp_route -0.0245  loss_saliency 2.8320  loss_span 0.1631  loss_span_0 0.2081  loss_span_1 0.1739  loss_span_2 0.1670
2026-08-28 23:10:44,687 INFO Generate submissions
2026-08-28 23:10:49,824 INFO Saving/Evaluating before nms results
2026-08-28 23:10:54,076 INFO metrics_no_nms OrderedDict([   ('MR-full-R1@0.5', 67.29),
                ('MR-full-R1@0.7', 52.71),
                ('MR-full-mAP', 48.52),
                ('MR-full-mAP@0.5', 68.49),
                ('MR-full-mAP@0.75', 49.74),
                ('MR-long-mAP', 54.64),
                ('MR-middle-mAP', 50.03),
                ('MR-short-mAP', 13.33),
                ('HL-min-Fair-mAP', 77.73),
                ('HL-min-Fair-Hit1', 78.84),
                ('HL-min-Good-mAP', 66.52),
                ('HL-min-Good-Hit1', 76.65),
                ('HL-min-VeryGood-mAP', 40.73),
                ('HL-min-VeryGood-Hit1', 64.52)])
2026-08-28 23:10:54,646 INFO [Epoch 186]
2026-08-28 23:11:55,532 INFO Epoch[186] class_error 22.4967  class_error_0 30.7580  class_error_1 25.9109  class_error_2 23.4542  loss_giou 0.2436  loss_giou_0 0.3243  loss_giou_1 0.2672  loss_giou_2 0.2542  loss_iou_scores 0.0459  loss_iou_scores_0 0.0474  loss_iou_scores_1 0.0464  loss_iou_scores_2 0.0463  loss_label 0.0723  loss_label_0 0.0916  loss_label_1 0.0815  loss_label_2 0.0754  loss_mask_iou 0.0000  loss_mask_iou_0 1.3030  loss_mask_iou_1 1.2603  loss_mask_iou_2 1.2503  loss_overall 9.6904  loss_query_cgp_bind 0.0113  loss_query_cgp_route -0.0246  loss_saliency 2.8362  loss_span 0.1654  loss_span_0 0.2077  loss_span_1 0.1752  loss_span_2 0.1696
2026-08-28 23:11:55,535 INFO Generate submissions
2026-08-28 23:12:01,163 INFO Saving/Evaluating before nms results
2026-08-28 23:12:05,733 INFO metrics_no_nms OrderedDict([   ('MR-full-R1@0.5', 67.29),
                ('MR-full-R1@0.7', 51.74),
                ('MR-full-mAP', 48.21),
                ('MR-full-mAP@0.5', 68.04),
                ('MR-full-mAP@0.75', 49.24),
                ('MR-long-mAP', 53.94),
                ('MR-middle-mAP', 49.88),
                ('MR-short-mAP', 13.51),
                ('HL-min-Fair-mAP', 77.75),
                ('HL-min-Fair-Hit1', 79.48),
                ('HL-min-Good-mAP', 66.51),
                ('HL-min-Good-Hit1', 77.29),
                ('HL-min-VeryGood-mAP', 40.87),
                ('HL-min-VeryGood-Hit1', 65.48)])
2026-08-28 23:12:06,260 INFO [Epoch 187]
2026-08-28 23:13:06,567 INFO Epoch[187] class_error 22.4454  class_error_0 30.6339  class_error_1 25.8037  class_error_2 23.1595  loss_giou 0.2412  loss_giou_0 0.3219  loss_giou_1 0.2643  loss_giou_2 0.2502  loss_iou_scores 0.0459  loss_iou_scores_0 0.0477  loss_iou_scores_1 0.0466  loss_iou_scores_2 0.0465  loss_label 0.0719  loss_label_0 0.0917  loss_label_1 0.0816  loss_label_2 0.0750  loss_mask_iou 0.0000  loss_mask_iou_0 1.2950  loss_mask_iou_1 1.2470  loss_mask_iou_2 1.2373  loss_overall 9.6523  loss_query_cgp_bind 0.0130  loss_query_cgp_route -0.0246  loss_saliency 2.8380  loss_span 0.1646  loss_span_0 0.2078  loss_span_1 0.1747  loss_span_2 0.1689
2026-08-28 23:13:06,569 INFO Generate submissions
2026-08-28 23:13:11,980 INFO Saving/Evaluating before nms results
2026-08-28 23:13:16,940 INFO metrics_no_nms OrderedDict([   ('MR-full-R1@0.5', 67.61),
                ('MR-full-R1@0.7', 52.52),
                ('MR-full-mAP', 48.63),
                ('MR-full-mAP@0.5', 68.9),
                ('MR-full-mAP@0.75', 49.41),
                ('MR-long-mAP', 55.05),
                ('MR-middle-mAP', 50.33),
                ('MR-short-mAP', 12.81),
                ('HL-min-Fair-mAP', 77.77),
                ('HL-min-Fair-Hit1', 79.74),
                ('HL-min-Good-mAP', 66.56),
                ('HL-min-Good-Hit1', 77.55),
                ('HL-min-VeryGood-mAP', 40.89),
                ('HL-min-VeryGood-Hit1', 65.55)])
2026-08-28 23:13:17,381 INFO [Epoch 188]
2026-08-28 23:14:18,561 INFO Epoch[188] class_error 22.7242  class_error_0 30.8406  class_error_1 26.5754  class_error_2 23.6368  loss_giou 0.2405  loss_giou_0 0.3219  loss_giou_1 0.2657  loss_giou_2 0.2508  loss_iou_scores 0.0457  loss_iou_scores_0 0.0471  loss_iou_scores_1 0.0460  loss_iou_scores_2 0.0460  loss_label 0.0724  loss_label_0 0.0918  loss_label_1 0.0820  loss_label_2 0.0761  loss_mask_iou 0.0000  loss_mask_iou_0 1.2945  loss_mask_iou_1 1.2467  loss_mask_iou_2 1.2364  loss_overall 9.6452  loss_query_cgp_bind 0.0133  loss_query_cgp_route -0.0246  loss_saliency 2.8338  loss_span 0.1632  loss_span_0 0.2078  loss_span_1 0.1740  loss_span_2 0.1673
2026-08-28 23:14:18,565 INFO Generate submissions
2026-08-28 23:14:23,556 INFO Saving/Evaluating before nms results
2026-08-28 23:14:27,961 INFO metrics_no_nms OrderedDict([   ('MR-full-R1@0.5', 66.9),
                ('MR-full-R1@0.7', 51.94),
                ('MR-full-mAP', 48.26),
                ('MR-full-mAP@0.5', 68.12),
                ('MR-full-mAP@0.75', 49.17),
                ('MR-long-mAP', 54.14),
                ('MR-middle-mAP', 49.92),
                ('MR-short-mAP', 12.97),
                ('HL-min-Fair-mAP', 77.71),
                ('HL-min-Fair-Hit1', 78.9),
                ('HL-min-Good-mAP', 66.44),
                ('HL-min-Good-Hit1', 76.71),
                ('HL-min-VeryGood-mAP', 40.75),
                ('HL-min-VeryGood-Hit1', 64.19)])
2026-08-28 23:14:28,390 INFO [Epoch 189]
2026-08-28 23:15:30,501 INFO Epoch[189] class_error 22.7411  class_error_0 30.1959  class_error_1 26.3639  class_error_2 24.0026  loss_giou 0.2401  loss_giou_0 0.3225  loss_giou_1 0.2653  loss_giou_2 0.2488  loss_iou_scores 0.0454  loss_iou_scores_0 0.0476  loss_iou_scores_1 0.0461  loss_iou_scores_2 0.0463  loss_label 0.0731  loss_label_0 0.0912  loss_label_1 0.0821  loss_label_2 0.0768  loss_mask_iou 0.0000  loss_mask_iou_0 1.2844  loss_mask_iou_1 1.2442  loss_mask_iou_2 1.2324  loss_overall 9.6256  loss_query_cgp_bind 0.0127  loss_query_cgp_route -0.0245  loss_saliency 2.8339  loss_span 0.1636  loss_span_0 0.2077  loss_span_1 0.1746  loss_span_2 0.1670
2026-08-28 23:15:30,504 INFO Generate submissions
2026-08-28 23:15:36,224 INFO Saving/Evaluating before nms results
2026-08-28 23:15:40,841 INFO metrics_no_nms OrderedDict([   ('MR-full-R1@0.5', 67.23),
                ('MR-full-R1@0.7', 52.39),
                ('MR-full-mAP', 48.47),
                ('MR-full-mAP@0.5', 68.43),
                ('MR-full-mAP@0.75', 49.33),
                ('MR-long-mAP', 54.61),
                ('MR-middle-mAP', 50.14),
                ('MR-short-mAP', 12.94),
                ('HL-min-Fair-mAP', 77.69),
                ('HL-min-Fair-Hit1', 78.97),
                ('HL-min-Good-mAP', 66.49),
                ('HL-min-Good-Hit1', 76.84),
                ('HL-min-VeryGood-mAP', 40.81),
                ('HL-min-VeryGood-Hit1', 64.84)])
2026-08-28 23:15:41,406 INFO [Epoch 190]
2026-08-28 23:16:42,145 INFO Epoch[190] class_error 22.4044  class_error_0 30.4122  class_error_1 25.9732  class_error_2 23.1154  loss_giou 0.2433  loss_giou_0 0.3245  loss_giou_1 0.2674  loss_giou_2 0.2529  loss_iou_scores 0.0457  loss_iou_scores_0 0.0472  loss_iou_scores_1 0.0463  loss_iou_scores_2 0.0464  loss_label 0.0723  loss_label_0 0.0910  loss_label_1 0.0808  loss_label_2 0.0754  loss_mask_iou 0.0000  loss_mask_iou_0 1.2936  loss_mask_iou_1 1.2498  loss_mask_iou_2 1.2426  loss_overall 9.6737  loss_query_cgp_bind 0.0122  loss_query_cgp_route -0.0246  loss_saliency 2.8393  loss_span 0.1654  loss_span_0 0.2109  loss_span_1 0.1766  loss_span_2 0.1694
2026-08-28 23:16:42,147 INFO Generate submissions
2026-08-28 23:16:47,310 INFO Saving/Evaluating before nms results
2026-08-28 23:16:51,668 INFO metrics_no_nms OrderedDict([   ('MR-full-R1@0.5', 67.23),
                ('MR-full-R1@0.7', 52.39),
                ('MR-full-mAP', 48.41),
                ('MR-full-mAP@0.5', 68.25),
                ('MR-full-mAP@0.75', 49.65),
                ('MR-long-mAP', 53.72),
                ('MR-middle-mAP', 50.69),
                ('MR-short-mAP', 12.87),
                ('HL-min-Fair-mAP', 77.85),
                ('HL-min-Fair-Hit1', 79.68),
                ('HL-min-Good-mAP', 66.6),
                ('HL-min-Good-Hit1', 77.48),
                ('HL-min-VeryGood-mAP', 40.82),
                ('HL-min-VeryGood-Hit1', 65.35)])
2026-08-28 23:16:52,263 INFO [Epoch 191]
2026-08-28 23:17:52,769 INFO Epoch[191] class_error 22.6192  class_error_0 30.6794  class_error_1 25.9469  class_error_2 23.5187  loss_giou 0.2394  loss_giou_0 0.3219  loss_giou_1 0.2634  loss_giou_2 0.2488  loss_iou_scores 0.0461  loss_iou_scores_0 0.0474  loss_iou_scores_1 0.0467  loss_iou_scores_2 0.0466  loss_label 0.0725  loss_label_0 0.0916  loss_label_1 0.0812  loss_label_2 0.0762  loss_mask_iou 0.0000  loss_mask_iou_0 1.2805  loss_mask_iou_1 1.2411  loss_mask_iou_2 1.2260  loss_overall 9.6098  loss_query_cgp_bind 0.0129  loss_query_cgp_route -0.0246  loss_saliency 2.8400  loss_span 0.1628  loss_span_0 0.2067  loss_span_1 0.1729  loss_span_2 0.1663
2026-08-28 23:17:52,772 INFO Generate submissions
2026-08-28 23:17:57,998 INFO Saving/Evaluating before nms results
2026-08-28 23:18:02,518 INFO metrics_no_nms OrderedDict([   ('MR-full-R1@0.5', 67.87),
                ('MR-full-R1@0.7', 52.77),
                ('MR-full-mAP', 48.61),
                ('MR-full-mAP@0.5', 68.55),
                ('MR-full-mAP@0.75', 49.59),
                ('MR-long-mAP', 54.32),
                ('MR-middle-mAP', 50.53),
                ('MR-short-mAP', 13.02),
                ('HL-min-Fair-mAP', 77.88),
                ('HL-min-Fair-Hit1', 79.1),
                ('HL-min-Good-mAP', 66.58),
                ('HL-min-Good-Hit1', 77.1),
                ('HL-min-VeryGood-mAP', 40.82),
                ('HL-min-VeryGood-Hit1', 64.39)])
2026-08-28 23:18:02,964 INFO [Epoch 192]
2026-08-28 23:19:03,454 INFO Epoch[192] class_error 22.3039  class_error_0 30.6209  class_error_1 25.7720  class_error_2 22.8970  loss_giou 0.2374  loss_giou_0 0.3191  loss_giou_1 0.2602  loss_giou_2 0.2471  loss_iou_scores 0.0459  loss_iou_scores_0 0.0473  loss_iou_scores_1 0.0467  loss_iou_scores_2 0.0465  loss_label 0.0720  loss_label_0 0.0911  loss_label_1 0.0810  loss_label_2 0.0755  loss_mask_iou 0.0000  loss_mask_iou_0 1.2675  loss_mask_iou_1 1.2307  loss_mask_iou_2 1.2146  loss_overall 9.5469  loss_query_cgp_bind 0.0120  loss_query_cgp_route -0.0246  loss_saliency 2.8318  loss_span 0.1600  loss_span_0 0.2054  loss_span_1 0.1708  loss_span_2 0.1641
2026-08-28 23:19:03,457 INFO Generate submissions
2026-08-28 23:19:08,878 INFO Saving/Evaluating before nms results
2026-08-28 23:19:13,256 INFO metrics_no_nms OrderedDict([   ('MR-full-R1@0.5', 67.03),
                ('MR-full-R1@0.7', 52.26),
                ('MR-full-mAP', 48.33),
                ('MR-full-mAP@0.5', 68.33),
                ('MR-full-mAP@0.75', 49.56),
                ('MR-long-mAP', 53.98),
                ('MR-middle-mAP', 50.46),
                ('MR-short-mAP', 12.71),
                ('HL-min-Fair-mAP', 77.77),
                ('HL-min-Fair-Hit1', 78.84),
                ('HL-min-Good-mAP', 66.52),
                ('HL-min-Good-Hit1', 76.71),
                ('HL-min-VeryGood-mAP', 40.77),
                ('HL-min-VeryGood-Hit1', 64.58)])
2026-08-28 23:19:13,786 INFO [Epoch 193]
2026-08-28 23:20:14,615 INFO Epoch[193] class_error 23.0454  class_error_0 30.8980  class_error_1 25.8479  class_error_2 24.0368  loss_giou 0.2403  loss_giou_0 0.3206  loss_giou_1 0.2637  loss_giou_2 0.2496  loss_iou_scores 0.0463  loss_iou_scores_0 0.0486  loss_iou_scores_1 0.0474  loss_iou_scores_2 0.0469  loss_label 0.0735  loss_label_0 0.0918  loss_label_1 0.0823  loss_label_2 0.0772  loss_mask_iou 0.0000  loss_mask_iou_0 1.2880  loss_mask_iou_1 1.2395  loss_mask_iou_2 1.2223  loss_overall 9.6043  loss_query_cgp_bind 0.0118  loss_query_cgp_route -0.0245  loss_saliency 2.8351  loss_span 0.1603  loss_span_0 0.2053  loss_span_1 0.1710  loss_span_2 0.1641
2026-08-28 23:20:14,619 INFO Generate submissions
2026-08-28 23:20:20,248 INFO Saving/Evaluating before nms results
2026-08-28 23:20:24,354 INFO metrics_no_nms OrderedDict([   ('MR-full-R1@0.5', 67.35),
                ('MR-full-R1@0.7', 52.58),
                ('MR-full-mAP', 48.46),
                ('MR-full-mAP@0.5', 68.47),
                ('MR-full-mAP@0.75', 49.5),
                ('MR-long-mAP', 54.0),
                ('MR-middle-mAP', 50.53),
                ('MR-short-mAP', 12.58),
                ('HL-min-Fair-mAP', 77.81),
                ('HL-min-Fair-Hit1', 78.65),
                ('HL-min-Good-mAP', 66.54),
                ('HL-min-Good-Hit1', 76.52),
                ('HL-min-VeryGood-mAP', 40.81),
                ('HL-min-VeryGood-Hit1', 64.13)])
2026-08-28 23:20:24,741 INFO [Epoch 194]
2026-08-28 23:21:26,470 INFO Epoch[194] class_error 22.7257  class_error_0 30.6140  class_error_1 26.4750  class_error_2 23.7038  loss_giou 0.2396  loss_giou_0 0.3228  loss_giou_1 0.2651  loss_giou_2 0.2498  loss_iou_scores 0.0462  loss_iou_scores_0 0.0475  loss_iou_scores_1 0.0467  loss_iou_scores_2 0.0466  loss_label 0.0724  loss_label_0 0.0910  loss_label_1 0.0818  loss_label_2 0.0756  loss_mask_iou 0.0000  loss_mask_iou_0 1.2829  loss_mask_iou_1 1.2400  loss_mask_iou_2 1.2235  loss_overall 9.6000  loss_query_cgp_bind 0.0108  loss_query_cgp_route -0.0246  loss_saliency 2.8324  loss_span 0.1622  loss_span_0 0.2074  loss_span_1 0.1730  loss_span_2 0.1661
2026-08-28 23:21:26,474 INFO Generate submissions
2026-08-28 23:21:31,675 INFO Saving/Evaluating before nms results
2026-08-28 23:21:36,007 INFO metrics_no_nms OrderedDict([   ('MR-full-R1@0.5', 67.16),
                ('MR-full-R1@0.7', 52.58),
                ('MR-full-mAP', 48.51),
                ('MR-full-mAP@0.5', 68.28),
                ('MR-full-mAP@0.75', 49.65),
                ('MR-long-mAP', 53.82),
                ('MR-middle-mAP', 50.7),
                ('MR-short-mAP', 12.66),
                ('HL-min-Fair-mAP', 77.65),
                ('HL-min-Fair-Hit1', 78.71),
                ('HL-min-Good-mAP', 66.4),
                ('HL-min-Good-Hit1', 76.58),
                ('HL-min-VeryGood-mAP', 40.72),
                ('HL-min-VeryGood-Hit1', 64.45)])
2026-08-28 23:21:36,389 INFO [Epoch 195]
2026-08-28 23:22:37,035 INFO Epoch[195] class_error 23.1733  class_error_0 31.6977  class_error_1 26.8132  class_error_2 23.6529  loss_giou 0.2396  loss_giou_0 0.3220  loss_giou_1 0.2627  loss_giou_2 0.2477  loss_iou_scores 0.0466  loss_iou_scores_0 0.0476  loss_iou_scores_1 0.0470  loss_iou_scores_2 0.0474  loss_label 0.0732  loss_label_0 0.0926  loss_label_1 0.0826  loss_label_2 0.0765  loss_mask_iou 0.0000  loss_mask_iou_0 1.2829  loss_mask_iou_1 1.2398  loss_mask_iou_2 1.2272  loss_overall 9.5954  loss_query_cgp_bind 0.0116  loss_query_cgp_route -0.0246  loss_saliency 2.8311  loss_span 0.1602  loss_span_0 0.2039  loss_span_1 0.1696  loss_span_2 0.1633
2026-08-28 23:22:37,040 INFO Generate submissions
2026-08-28 23:22:42,510 INFO Saving/Evaluating before nms results
2026-08-28 23:22:47,001 INFO metrics_no_nms OrderedDict([   ('MR-full-R1@0.5', 66.77),
                ('MR-full-R1@0.7', 52.45),
                ('MR-full-mAP', 48.43),
                ('MR-full-mAP@0.5', 68.17),
                ('MR-full-mAP@0.75', 49.41),
                ('MR-long-mAP', 53.52),
                ('MR-middle-mAP', 50.66),
                ('MR-short-mAP', 13.0),
                ('HL-min-Fair-mAP', 77.8),
                ('HL-min-Fair-Hit1', 79.29),
                ('HL-min-Good-mAP', 66.54),
                ('HL-min-Good-Hit1', 77.35),
                ('HL-min-VeryGood-mAP', 40.86),
                ('HL-min-VeryGood-Hit1', 65.48)])
2026-08-28 23:22:47,544 INFO [Epoch 196]
2026-08-28 23:23:48,113 INFO Epoch[196] class_error 22.7116  class_error_0 31.2107  class_error_1 26.1072  class_error_2 23.2540  loss_giou 0.2377  loss_giou_0 0.3213  loss_giou_1 0.2620  loss_giou_2 0.2470  loss_iou_scores 0.0458  loss_iou_scores_0 0.0476  loss_iou_scores_1 0.0464  loss_iou_scores_2 0.0465  loss_label 0.0724  loss_label_0 0.0915  loss_label_1 0.0811  loss_label_2 0.0759  loss_mask_iou 0.0000  loss_mask_iou_0 1.2739  loss_mask_iou_1 1.2298  loss_mask_iou_2 1.2210  loss_overall 9.5713  loss_query_cgp_bind 0.0132  loss_query_cgp_route -0.0245  loss_saliency 2.8337  loss_span 0.1621  loss_span_0 0.2074  loss_span_1 0.1727  loss_span_2 0.1654
2026-08-28 23:23:48,117 INFO Generate submissions
2026-08-28 23:23:54,060 INFO Saving/Evaluating before nms results
2026-08-28 23:23:58,341 INFO metrics_no_nms OrderedDict([   ('MR-full-R1@0.5', 66.52),
                ('MR-full-R1@0.7', 52.26),
                ('MR-full-mAP', 48.28),
                ('MR-full-mAP@0.5', 68.14),
                ('MR-full-mAP@0.75', 49.2),
                ('MR-long-mAP', 53.62),
                ('MR-middle-mAP', 50.44),
                ('MR-short-mAP', 13.33),
                ('HL-min-Fair-mAP', 77.51),
                ('HL-min-Fair-Hit1', 79.03),
                ('HL-min-Good-mAP', 66.26),
                ('HL-min-Good-Hit1', 76.71),
                ('HL-min-VeryGood-mAP', 40.69),
                ('HL-min-VeryGood-Hit1', 64.71)])
2026-08-28 23:23:58,784 INFO [Epoch 197]
2026-08-28 23:24:56,556 INFO Epoch[197] class_error 22.9844  class_error_0 30.1420  class_error_1 26.1905  class_error_2 23.6947  loss_giou 0.2361  loss_giou_0 0.3192  loss_giou_1 0.2604  loss_giou_2 0.2456  loss_iou_scores 0.0456  loss_iou_scores_0 0.0464  loss_iou_scores_1 0.0459  loss_iou_scores_2 0.0460  loss_label 0.0730  loss_label_0 0.0906  loss_label_1 0.0820  loss_label_2 0.0761  loss_mask_iou 0.0000  loss_mask_iou_0 1.2567  loss_mask_iou_1 1.2193  loss_mask_iou_2 1.2061  loss_overall 9.5188  loss_query_cgp_bind 0.0115  loss_query_cgp_route -0.0246  loss_saliency 2.8317  loss_span 0.1624  loss_span_0 0.2071  loss_span_1 0.1728  loss_span_2 0.1659
2026-08-28 23:24:56,558 INFO Generate submissions
2026-08-28 23:25:01,789 INFO Saving/Evaluating before nms results
2026-08-28 23:25:06,020 INFO metrics_no_nms OrderedDict([   ('MR-full-R1@0.5', 67.42),
                ('MR-full-R1@0.7', 52.58),
                ('MR-full-mAP', 48.77),
                ('MR-full-mAP@0.5', 68.54),
                ('MR-full-mAP@0.75', 49.8),
                ('MR-long-mAP', 54.66),
                ('MR-middle-mAP', 50.55),
                ('MR-short-mAP', 13.12),
                ('HL-min-Fair-mAP', 77.73),
                ('HL-min-Fair-Hit1', 79.29),
                ('HL-min-Good-mAP', 66.45),
                ('HL-min-Good-Hit1', 76.84),
                ('HL-min-VeryGood-mAP', 40.73),
                ('HL-min-VeryGood-Hit1', 64.65)])
2026-08-28 23:25:06,458 INFO [Epoch 198]
2026-08-28 23:26:05,186 INFO Epoch[198] class_error 22.5870  class_error_0 30.6979  class_error_1 25.7507  class_error_2 24.0615  loss_giou 0.2386  loss_giou_0 0.3227  loss_giou_1 0.2617  loss_giou_2 0.2474  loss_iou_scores 0.0465  loss_iou_scores_0 0.0470  loss_iou_scores_1 0.0464  loss_iou_scores_2 0.0473  loss_label 0.0723  loss_label_0 0.0905  loss_label_1 0.0808  loss_label_2 0.0764  loss_mask_iou 0.0000  loss_mask_iou_0 1.2779  loss_mask_iou_1 1.2325  loss_mask_iou_2 1.2121  loss_overall 9.5684  loss_query_cgp_bind 0.0118  loss_query_cgp_route -0.0245  loss_saliency 2.8345  loss_span 0.1612  loss_span_0 0.2058  loss_span_1 0.1711  loss_span_2 0.1645
2026-08-28 23:26:05,189 INFO Generate submissions
2026-08-28 23:26:09,566 INFO Saving/Evaluating before nms results
2026-08-28 23:26:14,588 INFO metrics_no_nms OrderedDict([   ('MR-full-R1@0.5', 66.71),
                ('MR-full-R1@0.7', 52.0),
                ('MR-full-mAP', 48.48),
                ('MR-full-mAP@0.5', 68.24),
                ('MR-full-mAP@0.75', 49.56),
                ('MR-long-mAP', 54.34),
                ('MR-middle-mAP', 50.63),
                ('MR-short-mAP', 12.63),
                ('HL-min-Fair-mAP', 77.76),
                ('HL-min-Fair-Hit1', 78.9),
                ('HL-min-Good-mAP', 66.55),
                ('HL-min-Good-Hit1', 76.71),
                ('HL-min-VeryGood-mAP', 40.84),
                ('HL-min-VeryGood-Hit1', 65.03)])
2026-08-28 23:26:14,953 INFO [Epoch 199]
2026-08-28 23:27:13,312 INFO Epoch[199] class_error 22.7035  class_error_0 30.6941  class_error_1 26.1845  class_error_2 23.3485  loss_giou 0.2381  loss_giou_0 0.3205  loss_giou_1 0.2624  loss_giou_2 0.2473  loss_iou_scores 0.0456  loss_iou_scores_0 0.0475  loss_iou_scores_1 0.0459  loss_iou_scores_2 0.0463  loss_label 0.0727  loss_label_0 0.0907  loss_label_1 0.0812  loss_label_2 0.0761  loss_mask_iou 0.0000  loss_mask_iou_0 1.2753  loss_mask_iou_1 1.2327  loss_mask_iou_2 1.2179  loss_overall 9.5578  loss_query_cgp_bind 0.0113  loss_query_cgp_route -0.0246  loss_saliency 2.8311  loss_span 0.1600  loss_span_0 0.2051  loss_span_1 0.1704  loss_span_2 0.1641
2026-08-28 23:27:13,315 INFO Generate submissions
2026-08-28 23:27:18,435 INFO Saving/Evaluating before nms results
2026-08-28 23:27:22,121 INFO metrics_no_nms OrderedDict([   ('MR-full-R1@0.5', 66.71),
                ('MR-full-R1@0.7', 51.68),
                ('MR-full-mAP', 48.41),
                ('MR-full-mAP@0.5', 68.45),
                ('MR-full-mAP@0.75', 49.27),
                ('MR-long-mAP', 54.03),
                ('MR-middle-mAP', 50.15),
                ('MR-short-mAP', 13.39),
                ('HL-min-Fair-mAP', 77.66),
                ('HL-min-Fair-Hit1', 78.77),
                ('HL-min-Good-mAP', 66.43),
                ('HL-min-Good-Hit1', 76.45),
                ('HL-min-VeryGood-mAP', 40.73),
                ('HL-min-VeryGood-Hit1', 64.13)])
2026-08-28 23:27:22,410 INFO [Epoch 200]
2026-08-28 23:28:20,093 INFO Epoch[200] class_error 22.3980  class_error_0 30.4004  class_error_1 25.4050  class_error_2 23.3856  loss_giou 0.2404  loss_giou_0 0.3214  loss_giou_1 0.2645  loss_giou_2 0.2505  loss_iou_scores 0.0461  loss_iou_scores_0 0.0475  loss_iou_scores_1 0.0467  loss_iou_scores_2 0.0465  loss_label 0.0720  loss_label_0 0.0907  loss_label_1 0.0815  loss_label_2 0.0755  loss_mask_iou 0.0000  loss_mask_iou_0 1.2868  loss_mask_iou_1 1.2339  loss_mask_iou_2 1.2216  loss_overall 9.5922  loss_query_cgp_bind 0.0119  loss_query_cgp_route -0.0246  loss_saliency 2.8323  loss_span 0.1621  loss_span_0 0.2066  loss_span_1 0.1718  loss_span_2 0.1650
2026-08-28 23:28:20,097 INFO Generate submissions
2026-08-28 23:28:24,943 INFO Saving/Evaluating before nms results
2026-08-28 23:28:29,414 INFO metrics_no_nms OrderedDict([   ('MR-full-R1@0.5', 66.52),
                ('MR-full-R1@0.7', 52.06),
                ('MR-full-mAP', 48.49),
                ('MR-full-mAP@0.5', 68.32),
                ('MR-full-mAP@0.75', 49.64),
                ('MR-long-mAP', 54.44),
                ('MR-middle-mAP', 50.46),
                ('MR-short-mAP', 12.61),
                ('HL-min-Fair-mAP', 77.76),
                ('HL-min-Fair-Hit1', 79.61),
                ('HL-min-Good-mAP', 66.47),
                ('HL-min-Good-Hit1', 77.35),
                ('HL-min-VeryGood-mAP', 40.8),
                ('HL-min-VeryGood-Hit1', 65.16)])
2026-08-28 23:28:29,941 INFO Finished variant union_bind, best validation MR-full-mAP=49.1700
